subject,window_start_s,condition,eda_mean,eda_std,bvp_mean,temp_mean,acc_mag_mean
S2,305.0,baseline,1.6128,0.0485,0.0085,35.814,63.3474
S2,310.0,baseline,1.5174,0.0144,4.5402,35.826,62.6634
S2,315.0,baseline,1.4619,0.0165,1.8691,35.824,63.3109
S2,320.0,baseline,1.3273,0.0786,-14.5412,35.818,63.2637
S2,325.0,baseline,1.289,0.0693,15.4246,35.806,63.2062
S2,330.0,baseline,1.1989,0.0854,-6.8826,35.814,66.137
S2,335.0,baseline,1.2704,0.117,-2.9026,35.822,64.5435
S2,340.0,baseline,1.1305,0.0997,19.3198,35.834,63.746
S2,345.0,baseline,1.2846,0.0184,-11.4157,35.79,63.3002
S2,350.0,baseline,1.1982,0.0559,-3.9922,35.79,63.5361
S2,355.0,baseline,1.1765,0.0359,0.2835,35.762,63.2621
S2,360.0,baseline,1.1682,0.0177,0.1367,35.754,63.1393
S2,365.0,baseline,1.1138,0.0172,2.6504,35.746,63.0674
S2,370.0,baseline,1.0458,0.0199,0.1808,35.718,63.0953
S2,375.0,baseline,0.9786,0.0194,0.1243,35.704,62.963
S2,380.0,baseline,0.9269,0.038,2.4442,35.676,63.1055
S2,385.0,baseline,0.8568,0.0209,-0.1975,35.698,63.6523
S2,390.0,baseline,0.8324,0.0087,-5.7776,35.708,63.4692
S2,395.0,baseline,0.8074,0.0071,6.122,35.694,63.6332
S2,400.0,baseline,0.775,0.0105,-4.8152,35.688,63.4439
S2,405.0,baseline,0.7528,0.0096,1.1474,35.694,63.3554
S2,410.0,baseline,0.7188,0.0096,0.5662,35.714,63.2621
S2,415.0,baseline,0.6896,0.0074,-0.4732,35.726,63.389
S2,420.0,baseline,0.7014,0.0095,-7.4937,35.734,63.4487
S2,425.0,baseline,0.6772,0.011,5.9012,35.73,63.4744
S2,430.0,baseline,0.653,0.007,2.5317,35.734,63.609
S2,435.0,baseline,0.6261,0.0073,-1.3727,35.758,63.3428
S2,440.0,baseline,0.6026,0.0068,1.0965,35.774,63.4846
S2,445.0,baseline,0.5801,0.0061,-0.8159,35.778,63.5542
S2,450.0,baseline,0.5584,0.0063,0.0637,35.798,63.6104
S2,455.0,baseline,0.5387,0.0056,-0.3562,35.802,63.5484
S2,460.0,baseline,0.5345,0.0119,-9.5101,35.814,63.626
S2,465.0,baseline,0.5004,0.0101,10.8105,35.826,63.5286
S2,470.0,baseline,0.4912,0.0061,1.0817,35.826,62.9936
S2,475.0,baseline,0.51,0.0295,-12.9467,35.842,64.9685
S2,480.0,baseline,0.5059,0.0253,11.1573,35.85,65.8288
S2,485.0,baseline,0.5037,0.0134,-2.7198,35.848,63.7874
S2,490.0,baseline,0.4985,0.0014,2.6038,35.856,63.3989
S2,495.0,baseline,0.5055,0.0105,5.3177,35.852,63.4965
S2,500.0,baseline,0.5086,0.007,-8.8569,35.836,63.3919
S2,505.0,baseline,0.5059,0.0066,3.2432,35.832,63.5069
S2,510.0,baseline,0.4887,0.0045,0.2537,35.814,63.208
S2,515.0,baseline,0.5022,0.0299,-3.1707,35.802,63.6146
S2,520.0,baseline,0.5233,0.004,3.5515,35.798,63.4362
S2,525.0,baseline,0.515,0.0032,0.3548,35.79,63.3149
S2,530.0,baseline,0.5068,0.0021,6.9344,35.786,63.4018
S2,535.0,baseline,0.4995,0.0029,-7.6674,35.786,63.3835
S2,540.0,baseline,0.4876,0.0035,-0.582,35.782,63.2691
S2,545.0,baseline,0.4743,0.0041,0.8051,35.782,63.2899
S2,550.0,baseline,0.4619,0.0035,-0.9889,35.786,63.3103
S2,555.0,baseline,0.4496,0.0036,0.7645,35.79,63.3229
S2,560.0,baseline,0.4366,0.0036,-0.6115,35.802,63.3065
S2,565.0,baseline,0.4237,0.0029,0.1333,35.81,63.329
S2,570.0,baseline,0.4143,0.0033,-0.3508,35.818,63.3137
S2,575.0,baseline,0.4052,0.0014,1.6749,35.83,63.3687
S2,580.0,baseline,0.3973,0.005,-1.8969,35.838,63.417
S2,585.0,baseline,0.3835,0.0038,0.2091,35.85,63.4927
S2,590.0,baseline,0.3721,0.0031,-0.6908,35.85,63.4413
S2,595.0,baseline,0.3729,0.0032,-0.0802,35.882,63.516
S2,600.0,baseline,0.3719,0.0086,-2.0166,35.894,63.3994
S2,605.0,baseline,0.372,0.0078,6.4279,35.902,63.4116
S2,610.0,baseline,0.3769,0.0117,-0.9201,35.898,63.3207
S2,615.0,baseline,0.3526,0.007,-3.4155,35.894,63.3412
S2,620.0,baseline,0.3517,0.0055,5.4957,35.89,63.7319
S2,625.0,baseline,0.3437,0.0043,-2.7077,35.886,63.9665
S2,630.0,baseline,0.3499,0.008,-4.0802,35.886,63.1304
S2,635.0,baseline,0.3389,0.0018,1.9568,35.874,63.2299
S2,640.0,baseline,0.3335,0.0056,5.008,35.872,63.4298
S2,645.0,baseline,0.3327,0.0135,-8.1118,35.852,63.5611
S2,650.0,baseline,0.3101,0.0034,5.2106,35.838,63.5722
S2,655.0,baseline,0.312,0.0128,-4.3671,35.832,63.3447
S2,660.0,baseline,0.2931,0.0029,3.3278,35.818,63.2441
S2,665.0,baseline,0.2861,0.0066,5.5082,35.81,63.326
S2,670.0,baseline,0.2932,0.0131,-8.5551,35.802,63.6606
S2,675.0,baseline,0.285,0.0086,10.3021,35.79,63.3221
S2,680.0,baseline,0.2699,0.0074,-9.4629,35.802,63.4822
S2,685.0,baseline,0.2614,0.0022,4.1534,35.786,63.2604
S2,690.0,baseline,0.2552,0.0018,-0.8198,35.778,63.3369
S2,695.0,baseline,0.2493,0.0019,-1.4756,35.758,63.2861
S2,700.0,baseline,0.2439,0.0018,-0.5469,35.75,63.8026
S2,705.0,baseline,0.2472,0.0091,-3.7341,35.758,63.3656
S2,710.0,baseline,0.2319,0.0013,6.4891,35.754,63.2913
S2,715.0,baseline,0.2293,0.0049,1.5658,35.766,63.4642
S2,720.0,baseline,0.2303,0.0086,-9.5098,35.75,63.5299
S2,725.0,baseline,0.2182,0.0015,7.5343,35.754,63.3619
S2,730.0,baseline,0.2132,0.0021,-0.5916,35.774,63.3992
S2,735.0,baseline,0.2071,0.0015,-0.8994,35.77,63.3743
S2,740.0,baseline,0.2026,0.0015,-0.1608,35.786,63.3305
S2,745.0,baseline,0.1987,0.0014,-0.5734,35.786,63.332
S2,750.0,baseline,0.1944,0.0015,-0.1648,35.81,63.3379
S2,755.0,baseline,0.1904,0.0017,0.1059,35.814,63.4157
S2,760.0,baseline,0.1865,0.0015,0.4078,35.83,63.395
S2,765.0,baseline,0.1835,0.0008,-0.3548,35.838,63.3675
S2,770.0,baseline,0.1813,0.0016,0.5572,35.85,63.3006
S2,775.0,baseline,0.1761,0.0016,-0.593,35.846,63.3224
S2,780.0,baseline,0.1786,0.0072,13.4367,35.886,63.6004
S2,785.0,baseline,0.174,0.0051,-15.8126,35.898,63.462
S2,790.0,baseline,0.1686,0.0016,4.0287,35.91,63.2255
S2,795.0,baseline,0.1666,0.0029,-0.4128,35.914,63.3825
S2,800.0,baseline,0.1773,0.0052,-1.0742,35.91,63.3586
S2,805.0,baseline,0.1734,0.0065,8.1014,35.906,63.5067
S2,810.0,baseline,0.1618,0.0011,-8.604,35.922,63.4929
S2,815.0,baseline,0.1602,0.0012,1.7388,35.894,63.388
S2,820.0,baseline,0.1576,0.001,0.0474,35.898,63.3123
S2,825.0,baseline,0.1554,0.001,-0.6963,35.894,63.3325
S2,830.0,baseline,0.1531,0.0012,-0.9817,35.886,63.2073
S2,835.0,baseline,0.1504,0.0014,0.2498,35.894,63.2203
S2,840.0,baseline,0.1479,0.0011,0.5272,35.902,63.2395
S2,845.0,baseline,0.1453,0.0016,0.0579,35.894,63.2271
S2,850.0,baseline,0.1483,0.007,-0.7252,35.898,63.3325
S2,855.0,baseline,0.1483,0.0012,1.1066,35.922,62.9662
S2,860.0,baseline,0.148,0.0008,-0.0929,35.93,62.9288
S2,865.0,baseline,0.1465,0.0008,-1.1899,35.934,62.9019
S2,870.0,baseline,0.1458,0.001,0.568,35.93,62.8533
S2,875.0,baseline,0.144,0.0009,0.2017,35.918,62.8749
S2,880.0,baseline,0.1433,0.0008,-0.2707,35.914,62.9375
S2,885.0,baseline,0.1417,0.0011,0.505,35.922,63.031
S2,890.0,baseline,0.141,0.0008,0.129,35.898,63.2297
S2,895.0,baseline,0.1356,0.0065,-2.6731,35.898,63.3354
S2,900.0,baseline,0.1298,0.0017,-0.0046,35.898,63.4919
S2,905.0,baseline,0.1296,0.0017,0.6895,35.91,63.0746
S2,910.0,baseline,0.127,0.0018,2.3026,35.894,63.5665
S2,915.0,baseline,0.1263,0.0016,0.1885,35.906,63.4979
S2,920.0,baseline,0.1246,0.001,-3.7654,35.91,63.3099
S2,925.0,baseline,0.1221,0.0013,3.1388,35.902,63.4615
S2,930.0,baseline,0.1203,0.0018,-3.2871,35.91,63.3889
S2,935.0,baseline,0.1201,0.0028,2.6432,35.894,63.438
S2,940.0,baseline,0.1173,0.0014,0.716,35.89,63.4023
S2,945.0,baseline,0.1158,0.0008,-0.1752,35.864,63.4499
S2,950.0,baseline,0.1147,0.0016,-0.1002,35.874,63.4706
S2,955.0,baseline,0.1146,0.0021,-3.5665,35.882,63.4451
S2,960.0,baseline,0.1113,0.0009,4.3707,35.874,63.332
S2,965.0,baseline,0.1098,0.0012,-0.2927,35.878,63.4586
S2,970.0,baseline,0.1099,0.0018,-3.3042,35.894,63.4467
S2,975.0,baseline,0.1083,0.0019,1.2591,35.878,63.3759
S2,980.0,baseline,0.106,0.001,3.102,35.898,63.4625
S2,985.0,baseline,0.105,0.0018,-1.7285,35.906,63.5141
S2,990.0,baseline,0.1037,0.0014,0.4571,35.898,63.5562
S2,995.0,baseline,0.1024,0.0012,-0.0772,35.91,63.255
S2,1000.0,baseline,0.1004,0.0011,-1.2859,35.906,63.3673
S2,1005.0,baseline,0.0996,0.0008,2.4123,35.898,63.4746
S2,1010.0,baseline,0.0989,0.0013,-1.5819,35.918,63.4242
S2,1015.0,baseline,0.0977,0.0011,-0.1806,35.926,63.5008
S2,1020.0,baseline,0.0966,0.001,0.977,35.918,63.4464
S2,1025.0,baseline,0.0958,0.0014,-1.0646,35.914,63.4804
S2,1030.0,baseline,0.0939,0.0012,0.6585,35.93,63.4921
S2,1035.0,baseline,0.0935,0.0013,-1.2279,35.93,63.4144
S2,1040.0,baseline,0.0962,0.005,7.0989,35.914,63.2702
S2,1045.0,baseline,0.1108,0.0015,-6.1067,35.942,63.0476
S2,1050.0,baseline,0.1126,0.0011,0.0485,35.946,63.1481
S2,1055.0,baseline,0.1133,0.001,-0.7421,35.954,63.0464
S2,1060.0,baseline,0.114,0.0009,1.1702,35.93,62.9951
S2,1065.0,baseline,0.1146,0.0011,-0.004,35.934,62.9926
S2,1070.0,baseline,0.1138,0.001,-0.6579,35.922,62.9802
S2,1075.0,baseline,0.1132,0.0014,0.2594,35.902,63.0659
S2,1080.0,baseline,0.1138,0.0012,0.0798,35.89,62.9532
S2,1085.0,baseline,0.1149,0.0009,0.7666,35.882,62.9541
S2,1090.0,baseline,0.1151,0.0012,-1.8185,35.858,62.9233
S2,1095.0,baseline,0.1154,0.0011,1.4317,35.844,62.9546
S2,1100.0,baseline,0.1155,0.0012,-1.4305,35.836,63.0461
S2,1105.0,baseline,0.1153,0.001,0.2836,35.818,63.0043
S2,1110.0,baseline,0.1155,0.0011,1.3461,35.802,63.0885
S2,1115.0,baseline,0.116,0.0008,-0.1344,35.778,63.1131
S2,1120.0,baseline,0.116,0.0008,-0.3082,35.77,63.1094
S2,1125.0,baseline,0.1158,0.0008,-0.4849,35.746,63.0608
S2,1130.0,baseline,0.1157,0.0009,0.4377,35.754,63.0674
S2,1135.0,baseline,0.1147,0.0014,0.08,35.734,63.0457
S2,1140.0,baseline,0.1153,0.0009,-1.5603,35.726,63.1081
S2,1145.0,baseline,0.1146,0.0013,7.4882,35.692,63.1706
S2,1150.0,baseline,0.1026,0.0015,-4.7661,35.688,63.1426
S2,1155.0,baseline,0.103,0.0013,-1.714,35.656,63.0737
S2,1160.0,baseline,0.1014,0.0012,0.715,35.658,63.1563
S2,1165.0,baseline,0.1014,0.0012,-0.2598,35.66,63.2325
S2,1170.0,baseline,0.1009,0.0009,-0.9914,35.654,63.1548
S2,1175.0,baseline,0.0997,0.0013,0.0686,35.656,63.116
S2,1180.0,baseline,0.0994,0.0009,1.0487,35.668,63.1491
S2,1185.0,baseline,0.0982,0.0012,-0.1148,35.666,63.2901
S2,1190.0,baseline,0.1017,0.0099,-1.9209,35.672,63.3068
S2,1195.0,baseline,0.1109,0.0045,-1.9776,35.692,63.3105
S2,1200.0,baseline,0.1001,0.0034,2.2057,35.704,63.0947
S2,1205.0,baseline,0.1163,0.0111,1.1661,35.7,63.5831
S2,1210.0,baseline,0.1025,0.0016,0.232,35.714,63.3863
S2,1215.0,baseline,0.1,0.001,1.371,35.698,63.4817
S2,1220.0,baseline,0.0983,0.0011,-1.0275,35.704,63.4722
S2,1225.0,baseline,0.0971,0.0014,-0.803,35.682,63.4612
S2,1230.0,baseline,0.0957,0.0014,-0.4028,35.692,63.4651
S2,1235.0,baseline,0.0976,0.0023,3.7999,35.686,63.4352
S2,1240.0,baseline,0.0998,0.0015,-2.0625,35.662,63.5199
S2,1245.0,baseline,0.0994,0.0011,-1.212,35.658,63.4149
S2,1250.0,baseline,0.0997,0.0009,0.9229,35.654,63.4085
S2,1255.0,baseline,0.0987,0.0012,-0.2054,35.65,63.4563
S2,1260.0,baseline,0.098,0.0013,-0.8042,35.642,63.4185
S2,1265.0,baseline,0.097,0.0013,0.74,35.63,63.4061
S2,1270.0,baseline,0.0963,0.0009,0.3037,35.618,63.4131
S2,1275.0,baseline,0.0955,0.0009,-0.3083,35.61,63.504
S2,1280.0,baseline,0.0953,0.001,0.3244,35.61,63.4225
S2,1285.0,baseline,0.0947,0.0011,-0.7,35.614,63.295
S2,1290.0,baseline,0.0939,0.0006,0.1943,35.618,63.304
S2,1295.0,baseline,0.0923,0.001,-0.0237,35.61,63.4306
S2,1300.0,baseline,0.0918,0.0013,-0.5833,35.622,63.8369
S2,1305.0,baseline,0.1012,0.0047,-1.3425,35.622,62.8719
S2,1310.0,baseline,0.0971,0.0054,3.8344,35.626,63.6715
S2,1315.0,baseline,0.0786,0.002,2.0005,35.64,63.197
S2,1320.0,baseline,0.0781,0.0054,-2.2247,35.65,63.6886
S2,1325.0,baseline,0.0968,0.0065,-1.5839,35.666,63.6642
S2,1330.0,baseline,0.1019,0.0009,-0.5796,35.694,63.1287
S2,1335.0,baseline,0.103,0.0013,0.8706,35.726,62.997
S2,1340.0,baseline,0.1039,0.0011,-1.2171,35.722,62.8366
S2,1345.0,baseline,0.1033,0.0012,-0.2288,35.722,62.8887
S2,1350.0,baseline,0.1041,0.0012,1.633,35.702,62.9099
S2,1355.0,baseline,0.1148,0.0063,-0.0781,35.702,62.9098
S2,1360.0,baseline,0.1271,0.0015,0.4046,35.686,63.0203
S2,1365.0,baseline,0.1271,0.0017,-1.3885,35.668,63.0997
S2,1370.0,baseline,0.1253,0.0006,0.7703,35.656,63.055
S2,1375.0,baseline,0.123,0.001,0.1644,35.656,63.1244
S2,1380.0,baseline,0.1222,0.0015,0.0327,35.652,62.9973
S2,1385.0,baseline,0.1222,0.0013,-0.5422,35.638,63.1083
S2,1390.0,baseline,0.1205,0.0011,1.1482,35.618,63.1698
S2,1395.0,baseline,0.1215,0.0012,-16.6963,35.594,63.1541
S2,1400.0,baseline,0.1224,0.001,16.431,35.594,63.0311
S2,1405.0,baseline,0.1222,0.003,-3.2857,35.578,63.5268
S2,1410.0,baseline,0.1078,0.008,17.9465,35.562,64.1472
S2,1415.0,baseline,0.0927,0.0128,-18.6774,35.538,64.1682
S2,1420.0,baseline,0.1101,0.0228,8.969,35.524,63.2251
S2,1425.0,baseline,0.1283,0.0057,-16.3227,35.524,63.2432
S2,1430.0,baseline,0.1292,0.0043,23.7083,35.534,63.3293
S2,1435.0,baseline,0.1385,0.0055,-2.7009,35.524,63.3369
S2,1440.0,baseline,0.1312,0.0019,-11.0535,35.538,63.2643
S2,1445.0,baseline,0.2391,0.2319,-0.2374,35.522,68.2426
S2,2275.0,stress,0.7773,0.0088,12.3532,34.066,64.4206
S2,2280.0,stress,0.7563,0.0053,-1.8535,34.074,63.6861
S2,2285.0,stress,0.7447,0.0039,2.0995,34.082,63.1675
S2,2290.0,stress,0.7489,0.0067,-1.5614,34.086,63.3007
S2,2295.0,stress,0.7411,0.0094,-9.4082,34.086,63.3514
S2,2300.0,stress,0.7263,0.0073,11.7088,34.074,63.0319
S2,2305.0,stress,0.7354,0.0075,2.793,34.078,62.8088
S2,2310.0,stress,0.727,0.0053,-0.2857,34.066,63.1464
S2,2315.0,stress,0.7029,0.0057,-18.1963,34.066,63.1808
S2,2320.0,stress,0.6881,0.0057,17.164,34.054,62.8756
S2,2325.0,stress,0.6776,0.0074,-6.6729,34.058,62.8156
S2,2330.0,stress,0.6576,0.0046,3.4238,34.036,62.9533
S2,2335.0,stress,0.6398,0.007,4.9807,34.022,62.6951
S2,2340.0,stress,0.6417,0.0071,-4.1649,34.018,62.9534
S2,2345.0,stress,0.632,0.0062,-1.6685,34.006,62.9721
S2,2350.0,stress,0.6038,0.0069,2.3122,33.992,62.9269
S2,2355.0,stress,0.5922,0.0044,3.6613,33.974,63.0738
S2,2360.0,stress,0.6207,0.0291,-9.5736,33.974,62.7813
S2,2365.0,stress,0.6237,0.0201,6.5767,33.954,62.7207
S2,2370.0,stress,0.5987,0.0035,-2.9515,33.95,62.7369
S2,2375.0,stress,0.6182,0.0103,3.4649,33.942,63.007
S2,2380.0,stress,0.5979,0.0047,-2.9218,33.942,63.0767
S2,2385.0,stress,0.5904,0.0037,-1.9648,33.914,63.0359
S2,2390.0,stress,0.5956,0.0179,3.9657,33.91,63.1792
S2,2395.0,stress,0.6137,0.0088,-2.9406,33.898,63.4482
S2,2400.0,stress,0.6078,0.0066,1.2938,33.878,62.8863
S2,2405.0,stress,0.6329,0.0103,-0.079,33.878,62.8684
S2,2410.0,stress,0.6142,0.0022,0.171,33.872,62.7545
S2,2415.0,stress,0.6063,0.0051,-0.7102,33.87,63.2445
S2,2420.0,stress,0.5997,0.0031,1.2205,33.862,62.7182
S2,2425.0,stress,0.5892,0.0031,-4.6374,33.844,62.6753
S2,2430.0,stress,0.5883,0.0037,6.3029,33.862,62.7815
S2,2435.0,stress,0.5917,0.0031,-2.8291,33.852,62.6351
S2,2440.0,stress,0.5894,0.0077,-2.3742,33.826,63.2276
S2,2445.0,stress,0.5772,0.0098,0.9137,33.806,63.5294
S2,2450.0,stress,0.5618,0.0085,-0.0061,33.798,65.3453
S2,2455.0,stress,0.5667,0.0038,-0.0418,33.786,63.074
S2,2460.0,stress,0.5592,0.0044,2.4516,33.774,62.7922
S2,2465.0,stress,0.6482,0.0285,-1.2681,33.778,62.914
S2,2470.0,stress,0.6798,0.0221,1.0297,33.762,62.775
S2,2475.0,stress,0.6679,0.0181,-7.7421,33.762,62.7603
S2,2480.0,stress,0.6798,0.0118,10.2845,33.75,62.9005
S2,2485.0,stress,0.6674,0.0095,1.9561,33.75,64.0468
S2,2490.0,stress,0.6552,0.0058,-11.1216,33.726,63.2782
S2,2495.0,stress,0.6823,0.0188,9.1569,33.704,62.886
S2,2500.0,stress,0.6939,0.0147,-2.852,33.672,62.8365
S2,2505.0,stress,0.7193,0.0071,-0.4564,33.666,63.908
S2,2510.0,stress,0.7384,0.0114,4.2714,33.656,63.4724
S2,2515.0,stress,0.7261,0.0093,-5.2337,33.638,63.936
S2,2520.0,stress,0.7279,0.0065,1.2722,33.63,63.0404
S2,2525.0,stress,0.7204,0.0034,1.1772,33.614,62.5429
S2,2530.0,stress,0.775,0.0337,-5.8596,33.594,65.2403
S2,2535.0,stress,0.7653,0.0177,4.8009,33.59,62.8908
S2,2540.0,stress,0.7486,0.0088,0.0153,33.578,62.7117
S2,2545.0,stress,0.7491,0.0093,0.9717,33.586,62.9852
S2,2550.0,stress,0.7853,0.0729,-5.0123,33.57,63.4151
S2,2555.0,stress,0.8552,0.0361,5.3733,33.57,62.7614
S2,2560.0,stress,0.859,0.0149,0.4407,33.566,62.7644
S2,2565.0,stress,0.8746,0.0223,-0.3748,33.542,62.7608
S2,2570.0,stress,0.9438,0.0308,-1.1011,33.512,62.6759
S2,2575.0,stress,0.9142,0.0093,-0.4252,33.494,62.7491
S2,2580.0,stress,0.9326,0.0178,-3.197,33.492,62.7613
S2,2585.0,stress,0.9763,0.0185,2.8748,33.484,62.8247
S2,2590.0,stress,0.9572,0.006,1.189,33.484,62.7792
S2,2595.0,stress,1.0077,0.0298,-1.4557,33.454,62.6921
S2,2600.0,stress,0.9355,0.0081,0.9568,33.45,62.6872
S2,2605.0,stress,0.9121,0.0066,-0.9972,33.438,62.7525
S2,2610.0,stress,0.9041,0.0031,0.8138,33.426,62.7231
S2,2615.0,stress,0.9752,0.0421,-1.9152,33.41,62.7272
S2,2620.0,stress,0.9879,0.0186,1.874,33.386,62.6621
S2,2625.0,stress,1.1118,0.0455,0.2333,33.386,62.6818
S2,2630.0,stress,1.0368,0.0202,0.5982,33.374,62.6893
S2,2635.0,stress,1.0048,0.022,-2.5155,33.382,62.7332
S2,2640.0,stress,1.0681,0.01,1.7306,33.374,62.6905
S2,2645.0,stress,1.0772,0.0268,1.5498,33.338,62.7071
S2,2650.0,stress,1.0492,0.0161,-1.0403,33.336,62.7943
S2,2655.0,stress,1.0125,0.008,-1.9991,33.346,62.6893
S2,2660.0,stress,1.0132,0.0358,-1.1817,33.332,63.2196
S2,2665.0,stress,1.1025,0.0403,4.6162,33.318,62.8829
S2,2670.0,stress,1.0128,0.0081,-2.4968,33.314,62.9724
S2,2675.0,stress,0.9886,0.008,1.7311,33.302,62.7009
S2,2680.0,stress,0.9554,0.0057,-0.372,33.278,62.6738
S2,2685.0,stress,0.9724,0.0346,-0.5768,33.27,62.692
S2,2690.0,stress,1.0384,0.0366,2.0686,33.254,62.7063
S2,2695.0,stress,0.997,0.0052,-3.4301,33.246,62.7577
S2,2700.0,stress,1.0128,0.0093,1.8446,33.192,62.6915
S2,2705.0,stress,0.995,0.0091,1.0286,33.17,62.6773
S2,2710.0,stress,1.0326,0.0227,-1.5347,33.152,62.7284
S2,2715.0,stress,1.0552,0.012,1.0508,33.128,62.7045
S2,2720.0,stress,1.0417,0.0119,-1.0458,33.118,62.7038
S2,2725.0,stress,1.0192,0.0066,0.3096,33.09,62.7046
S2,2730.0,stress,1.0225,0.0071,-0.8852,33.07,62.6901
S2,2735.0,stress,1.0414,0.0162,-0.499,33.034,62.7953
S2,2740.0,stress,1.0213,0.0114,-0.4225,33.012,62.7619
S2,2745.0,stress,1.0189,0.0044,0.4891,32.994,62.9447
S2,2750.0,stress,1.0135,0.008,2.373,32.988,62.8004
S2,2755.0,stress,1.0357,0.0263,-0.8533,32.974,62.6528
S2,2760.0,stress,1.0682,0.0271,0.443,32.958,62.7331
S2,2765.0,stress,1.0494,0.0084,-1.1942,32.926,62.8835
S2,2770.0,stress,1.1411,0.0305,0.9607,32.91,62.8421
S2,2775.0,stress,1.0774,0.0172,2.4606,32.906,62.7277
S2,2780.0,stress,1.0765,0.0219,-2.441,32.87,62.7542
S2,2785.0,stress,1.0895,0.0057,-0.0739,32.85,62.7149
S2,2790.0,stress,1.1043,0.0205,-0.3232,32.828,62.7837
S2,2795.0,stress,1.12,0.022,-1.0932,32.822,62.6997
S2,2800.0,stress,1.0761,0.0055,-2.0238,32.802,62.7265
S2,2805.0,stress,1.0682,0.007,2.997,32.782,62.8114
S2,2810.0,stress,1.0701,0.0033,-0.5431,32.774,62.7475
S2,2815.0,stress,1.087,0.0284,-0.9545,32.766,62.7116
S2,2820.0,stress,1.1516,0.0208,1.8625,32.738,62.7615
S2,2825.0,stress,1.1455,0.0118,-0.7018,32.734,62.7911
S2,2830.0,stress,1.131,0.0077,-1.5133,32.704,62.7154
S2,2835.0,stress,1.1368,0.0219,2.2922,32.68,62.708
S2,2840.0,stress,1.1242,0.0081,-2.3434,32.656,62.7566
S2,2845.0,stress,1.1123,0.0109,1.7341,32.66,62.782
S2,2850.0,stress,1.14,0.0335,0.5213,32.64,62.7115
S2,2855.0,stress,1.203,0.0181,-0.9313,32.634,62.7249
S2,2860.0,stress,1.1446,0.0188,0.5381,32.634,62.6776
S2,2865.0,stress,1.1235,0.0087,-2.7734,32.61,62.7514
S2,2870.0,stress,1.1564,0.0406,2.2126,32.61,62.7212
S2,2875.0,stress,1.2174,0.0228,-1.1267,32.594,62.7851
S2,2880.0,stress,1.1691,0.0098,2.5997,32.586,62.7738
S2,2885.0,stress,1.2063,0.0154,-0.0158,32.594,62.7145
S2,4765.0,amusement,0.1864,0.0076,0.5584,34.398,63.2207
S2,4770.0,amusement,0.1677,0.0035,6.5943,34.406,63.142
S2,4775.0,amusement,0.1739,0.0091,-8.826,34.402,63.1851
S2,4780.0,amusement,0.1837,0.0073,-1.1913,34.386,62.9463
S2,4785.0,amusement,0.2149,0.0098,4.2958,34.39,63.2067
S2,4790.0,amusement,0.218,0.0023,-1.6328,34.39,63.2198
S2,4795.0,amusement,0.2113,0.0014,0.2015,34.394,63.186
S2,4800.0,amusement,0.2255,0.006,0.3274,34.364,63.2122
S2,4805.0,amusement,0.22,0.0059,-5.6016,34.378,63.3672
S2,4810.0,amusement,0.2269,0.0043,5.6919,34.376,63.1296
S2,4815.0,amusement,0.2141,0.0025,-0.3481,34.35,63.1535
S2,4820.0,amusement,0.206,0.0016,-0.3705,34.358,63.2331
S2,4825.0,amusement,0.2007,0.0027,-0.7013,34.338,63.2788
S2,4830.0,amusement,0.1966,0.0036,1.0784,34.336,63.2851
S2,4835.0,amusement,0.1987,0.0048,-1.3028,34.326,63.3647
S2,4840.0,amusement,0.1901,0.0035,-4.7308,34.322,63.2257
S2,4845.0,amusement,0.1901,0.003,5.8816,34.326,63.1488
S2,4850.0,amusement,0.1873,0.0037,5.6195,34.306,63.1844
S2,4855.0,amusement,0.2,0.0118,-6.2513,34.282,63.0209
S2,4860.0,amusement,0.2044,0.0103,-1.4294,34.278,63.0711
S2,4865.0,amusement,0.2223,0.0112,4.7484,34.27,63.0875
S2,4870.0,amusement,0.2051,0.0013,-1.1922,34.258,63.271
S2,4875.0,amusement,0.2094,0.0036,-0.5855,34.258,63.1302
S2,4880.0,amusement,0.1998,0.004,-2.6194,34.242,63.0354
S2,4885.0,amusement,0.1949,0.0011,1.5932,34.234,62.9914
S2,4890.0,amusement,0.195,0.0012,0.3574,34.234,63.1506
S2,4895.0,amusement,0.1922,0.0019,-0.4492,34.224,63.0736
S2,4900.0,amusement,0.2039,0.0084,-0.5474,34.196,63.2098
S2,4905.0,amusement,0.2286,0.0092,0.9881,34.216,63.2314
S2,4910.0,amusement,0.2131,0.0031,-0.8312,34.196,63.2332
S2,4915.0,amusement,0.2055,0.0014,0.2798,34.188,63.2298
S2,4920.0,amusement,0.1982,0.0033,-3.2044,34.182,63.1557
S2,4925.0,amusement,0.1939,0.0033,3.8946,34.168,63.0773
S2,4930.0,amusement,0.1858,0.0012,-1.0924,34.168,63.0078
S2,4935.0,amusement,0.1837,0.0014,0.4599,34.164,62.9275
S2,4940.0,amusement,0.1786,0.0021,-1.0013,34.156,62.9386
S2,4945.0,amusement,0.1838,0.0076,1.2385,34.156,63.1377
S2,4950.0,amusement,0.1896,0.008,-3.033,34.152,63.0594
S2,4955.0,amusement,0.1788,0.0019,3.5613,34.15,63.131
S2,4960.0,amusement,0.1733,0.0015,-1.3143,34.13,63.0585
S2,4965.0,amusement,0.17,0.0015,1.0583,34.142,63.0356
S2,4970.0,amusement,0.1658,0.0013,-0.9714,34.114,62.9915
S2,4975.0,amusement,0.162,0.0018,1.0362,34.13,62.9836
S2,4980.0,amusement,0.1576,0.0017,0.3718,34.114,62.9987
S2,4985.0,amusement,0.1538,0.0017,-0.492,34.102,63.0066
S2,4990.0,amusement,0.1501,0.0014,-0.7873,34.102,62.9907
S2,4995.0,amusement,0.1467,0.0015,0.2833,34.082,63.0685
S2,5000.0,amusement,0.1435,0.0011,0.4652,34.09,63.0044
S2,5005.0,amusement,0.1402,0.0014,-1.0946,34.098,63.0289
S2,5010.0,amusement,0.1374,0.0016,0.9377,34.09,63.0225
S2,5015.0,amusement,0.1339,0.0038,1.4467,34.09,63.7864
S2,5020.0,amusement,0.1836,0.0418,1.6403,34.098,64.6426
S2,5025.0,amusement,0.3338,0.0219,-4.5926,34.07,63.7279
S2,5030.0,amusement,0.2808,0.0116,0.7468,34.054,63.6754
S2,5035.0,amusement,0.2547,0.0033,0.3566,34.034,63.6565
S2,5040.0,amusement,0.2455,0.002,-0.5621,34.024,63.6575
S2,5045.0,amusement,0.2374,0.0028,-0.5599,34.028,63.5972
S2,5050.0,amusement,0.2353,0.0034,-0.1832,34.024,63.5493
S2,5055.0,amusement,0.2328,0.0022,1.2415,34.034,63.5543
S2,5060.0,amusement,0.2311,0.0014,4.1627,34.028,63.626
S2,5065.0,amusement,0.2582,0.0135,-3.5432,34.062,63.415
S2,5070.0,amusement,0.2528,0.0045,1.4139,34.086,63.3741
S2,5075.0,amusement,0.2414,0.0082,-10.626,34.102,63.4395
S2,5080.0,amusement,0.2565,0.0067,8.8732,34.118,63.4405
S2,5085.0,amusement,0.2536,0.002,-1.7152,34.102,63.4281
S2,5090.0,amusement,0.2445,0.0024,-7.5409,34.11,63.4805
S2,5095.0,amusement,0.2674,0.0279,8.8645,34.094,63.6787
S2,5100.0,amusement,0.2708,0.0053,0.4457,34.094,63.7348
S2,5105.0,amusement,0.2592,0.0068,-0.9261,34.094,63.7341
S2,5110.0,amusement,0.2419,0.0044,1.0301,34.082,63.701
S2,5115.0,amusement,0.2307,0.0025,-0.3767,34.082,63.686
S2,5120.0,amusement,0.2213,0.0025,-0.1369,34.07,63.685
S3,355.0,baseline,6.3696,0.1497,3.1711,32.638,65.5318
S3,360.0,baseline,6.7322,0.4049,-6.1487,32.628,65.0219
S3,365.0,baseline,6.3539,0.0715,6.3385,32.641,64.9346
S3,370.0,baseline,6.3063,0.0736,-3.5975,32.645,64.8044
S3,375.0,baseline,6.1024,0.0398,-0.7606,32.628,64.0675
S3,380.0,baseline,6.1038,0.0038,0.1695,32.632,63.9557
S3,385.0,baseline,6.0665,0.0196,-0.1952,32.602,63.8458
S3,390.0,baseline,5.9908,0.0242,0.9854,32.598,64.0981
S3,395.0,baseline,5.9134,0.0231,-0.9808,32.576,63.9396
S3,400.0,baseline,5.8217,0.035,0.386,32.562,63.9943
S3,405.0,baseline,5.6898,0.0351,-0.3907,32.552,63.8895
S3,410.0,baseline,5.5737,0.0314,0.934,32.544,63.9235
S3,415.0,baseline,5.4641,0.0302,-0.5848,32.542,63.9979
S3,420.0,baseline,5.3842,0.0233,-0.242,32.546,63.9872
S3,425.0,baseline,5.3741,0.0694,2.7375,32.574,64.2063
S3,430.0,baseline,5.2796,0.082,-3.4638,32.572,64.5492
S3,435.0,baseline,5.0516,0.0898,0.4518,32.592,64.3394
S3,440.0,baseline,4.7331,0.097,6.1077,32.61,63.7334
S3,445.0,baseline,4.814,0.0636,-4.0266,32.606,63.8073
S3,450.0,baseline,4.8643,0.0292,0.3778,32.614,63.9203
S3,455.0,baseline,4.8867,0.0396,0.7567,32.614,64.5523
S3,460.0,baseline,4.721,0.1026,-2.4734,32.632,64.6536
S3,465.0,baseline,4.617,0.0228,0.4358,32.65,63.9915
S3,470.0,baseline,4.6441,0.0926,-2.1288,32.665,64.0121
S3,475.0,baseline,4.5051,0.0666,2.8833,32.677,64.8761
S3,480.0,baseline,4.348,0.0288,-2.5704,32.685,64.5484
S3,485.0,baseline,4.2569,0.1239,3.7327,32.682,64.6554
S3,490.0,baseline,4.2357,0.0269,-1.0834,32.665,64.5194
S3,495.0,baseline,4.0971,0.0742,-2.3998,32.663,64.4471
S3,500.0,baseline,3.9723,0.0237,1.4865,32.657,64.2693
S3,505.0,baseline,3.9075,0.0146,-0.4535,32.646,64.3987
S3,510.0,baseline,3.8007,0.0587,0.8883,32.651,65.0281
S3,515.0,baseline,3.6435,0.0355,-1.6037,32.679,64.8456
S3,520.0,baseline,3.5361,0.0288,0.9245,32.724,64.7877
S3,525.0,baseline,3.4436,0.0223,0.1015,32.748,64.7989
S3,530.0,baseline,3.3609,0.0239,-0.9458,32.77,64.7847
S3,535.0,baseline,3.2802,0.0225,0.9943,32.79,64.9328
S3,540.0,baseline,3.2036,0.0226,-0.8481,32.804,65.1185
S3,545.0,baseline,3.129,0.0206,0.8523,32.822,65.3354
S3,550.0,baseline,3.0558,0.0205,-0.9319,32.825,65.341
S3,555.0,baseline,2.9889,0.0177,1.2153,32.834,65.1609
S3,560.0,baseline,2.9378,0.0382,0.5719,32.831,64.4178
S3,565.0,baseline,2.8282,0.0276,-1.1259,32.804,64.4424
S3,570.0,baseline,2.7445,0.0215,-0.4653,32.79,64.4009
S3,575.0,baseline,2.6715,0.0208,-0.0843,32.774,64.4396
S3,580.0,baseline,2.7068,0.0684,1.0577,32.758,64.9707
S3,585.0,baseline,2.6046,0.0146,-1.7013,32.754,64.6071
S3,590.0,baseline,2.5554,0.0149,1.447,32.732,64.8626
S3,595.0,baseline,2.5037,0.0156,-0.6183,32.716,64.9059
S3,600.0,baseline,2.4573,0.0105,1.1387,32.707,64.6426
S3,605.0,baseline,2.4121,0.0161,-1.3013,32.682,64.5563
S3,610.0,baseline,2.3715,0.0094,-0.9213,32.674,64.5174
S3,615.0,baseline,2.4121,0.0721,1.9693,32.66,64.0773
S3,620.0,baseline,2.3259,0.0179,-0.2095,32.66,63.8112
S3,625.0,baseline,2.3031,0.0184,1.7436,32.678,63.9846
S3,630.0,baseline,2.3113,0.0091,-1.3577,32.709,64.0598
S3,635.0,baseline,2.2909,0.0096,-4.8822,32.74,64.0349
S3,640.0,baseline,2.2583,0.0048,9.2542,32.784,63.8896
S3,645.0,baseline,2.225,0.0256,-2.8485,32.819,64.4243
S3,650.0,baseline,2.2838,0.0746,-1.969,32.846,63.8891
S3,655.0,baseline,2.1226,0.039,-0.6056,32.842,64.0235
S3,660.0,baseline,2.0258,0.0169,1.2899,32.838,64.9438
S3,665.0,baseline,2.0454,0.0542,-0.8019,32.833,64.3624
S3,670.0,baseline,2.0875,0.0022,0.3454,32.822,63.8386
S3,675.0,baseline,2.0803,0.0029,-0.9747,32.828,63.9819
S3,680.0,baseline,2.0809,0.0026,-0.1761,32.814,63.943
S3,685.0,baseline,2.1077,0.0385,0.5556,32.816,63.796
S3,690.0,baseline,2.0998,0.0408,-6.4278,32.826,64.7588
S3,695.0,baseline,2.0448,0.0048,4.9074,32.842,65.0456
S3,700.0,baseline,2.0721,0.0188,0.4266,32.866,64.913
S3,705.0,baseline,2.0635,0.0036,1.9541,32.846,64.9037
S3,710.0,baseline,2.0647,0.0051,-0.6666,32.849,64.7816
S3,715.0,baseline,2.0405,0.0144,0.0098,32.84,65.0103
S3,720.0,baseline,2.0332,0.0087,0.7231,32.84,65.041
S3,725.0,baseline,2.0294,0.0086,0.9737,32.833,65.0113
S3,730.0,baseline,2.0029,0.0095,-0.4677,32.83,65.1383
S3,735.0,baseline,1.9321,0.0468,-2.3938,32.822,65.0173
S3,740.0,baseline,1.8654,0.0216,0.8221,32.816,64.7916
S3,745.0,baseline,1.8645,0.0115,-1.2577,32.808,64.462
S3,750.0,baseline,1.8695,0.0047,1.0636,32.808,64.3934
S3,755.0,baseline,1.7728,0.0275,0.4871,32.814,64.9337
S3,760.0,baseline,1.7502,0.0067,-0.1032,32.824,64.9247
S3,765.0,baseline,1.7238,0.0081,-0.0735,32.831,64.809
S3,770.0,baseline,1.6961,0.008,-0.4752,32.84,64.6895
S3,775.0,baseline,1.6686,0.0079,0.2501,32.838,64.7187
S3,780.0,baseline,1.6421,0.0075,0.6279,32.836,64.7524
S3,785.0,baseline,1.6157,0.0077,-0.7908,32.85,64.9019
S3,790.0,baseline,1.5998,0.0201,0.3146,32.852,64.8393
S3,795.0,baseline,1.629,0.02,7.2023,32.849,64.3881
S3,800.0,baseline,1.5411,0.0312,-5.6628,32.875,65.0696
S3,805.0,baseline,1.482,0.0447,0.2481,32.838,64.8372
S3,810.0,baseline,1.4341,0.0225,-0.3106,32.84,64.5388
S3,815.0,baseline,1.3894,0.0078,-1.5031,32.833,64.434
S3,820.0,baseline,1.361,0.0091,-0.1215,32.822,64.6142
S3,825.0,baseline,1.3577,0.0109,0.7696,32.826,64.7184
S3,830.0,baseline,1.341,0.0079,-0.0212,32.826,64.9035
S3,835.0,baseline,1.3159,0.0071,-0.8477,32.82,64.9149
S3,840.0,baseline,1.315,0.0162,4.8395,32.818,64.9193
S3,845.0,baseline,1.3014,0.0126,-3.7449,32.82,64.8397
S3,850.0,baseline,1.3083,0.0247,-0.6415,32.835,64.9522
S3,855.0,baseline,1.2859,0.0111,-1.0666,32.869,65.1023
S3,860.0,baseline,1.2699,0.012,-1.065,32.864,65.0161
S3,865.0,baseline,1.2012,0.0322,3.3376,32.886,64.7892
S3,870.0,baseline,1.2081,0.0064,-1.023,32.89,64.3944
S3,875.0,baseline,1.1925,0.0048,-1.0085,32.948,64.3975
S3,880.0,baseline,1.1773,0.0041,0.7604,33.0,64.4073
S3,885.0,baseline,1.1869,0.0314,0.6899,33.06,64.8226
S3,890.0,baseline,1.1244,0.0052,0.3649,33.102,65.1366
S3,895.0,baseline,1.1059,0.0054,-1.1278,33.129,65.2044
S3,900.0,baseline,1.0884,0.0046,0.5938,33.173,65.107
S3,905.0,baseline,1.0718,0.0043,-0.7571,33.216,65.1786
S3,910.0,baseline,1.0564,0.0046,0.1407,33.238,65.2107
S3,915.0,baseline,1.0481,0.012,2.1559,33.242,65.2078
S3,920.0,baseline,1.0303,0.0176,-1.3227,33.262,65.4507
S3,925.0,baseline,1.015,0.0294,-0.6663,33.254,65.1685
S3,930.0,baseline,0.9953,0.0238,3.7606,33.266,65.9042
S3,935.0,baseline,1.0097,0.0427,-5.6458,33.274,65.7091
S3,940.0,baseline,0.9808,0.0068,1.9085,33.29,65.5825
S3,945.0,baseline,0.9712,0.0213,-0.7225,33.282,65.122
S3,950.0,baseline,0.9988,0.0219,0.1939,33.268,63.4591
S3,955.0,baseline,0.9652,0.0287,2.1544,33.262,63.4842
S3,960.0,baseline,0.9877,0.0382,-1.0693,33.258,62.752
S3,965.0,baseline,1.0225,0.0025,-0.972,33.256,62.7576
S3,970.0,baseline,0.981,0.0521,-1.1798,33.23,64.1222
S3,975.0,baseline,0.8895,0.0063,2.4921,33.23,65.4751
S3,980.0,baseline,0.8714,0.004,-0.7958,33.256,65.522
S3,985.0,baseline,0.8645,0.0017,-0.3407,33.272,65.5484
S3,990.0,baseline,0.8546,0.003,0.4586,33.3,65.4851
S3,995.0,baseline,0.8442,0.0035,-0.6083,33.302,65.4955
S3,1000.0,baseline,0.8314,0.004,0.4723,33.318,65.5321
S3,1005.0,baseline,0.8189,0.0036,-0.6133,33.345,65.5766
S3,1010.0,baseline,0.8072,0.0032,0.6115,33.361,65.4991
S3,1015.0,baseline,0.7959,0.0034,0.0959,33.394,65.3649
S3,1020.0,baseline,0.7834,0.0036,-0.6958,33.424,65.5003
S3,1025.0,baseline,0.7718,0.0033,0.6434,33.44,65.5264
S3,1030.0,baseline,0.7608,0.0027,0.5392,33.454,65.4031
S3,1035.0,baseline,0.753,0.0034,-0.4776,33.45,65.1414
S3,1040.0,baseline,0.7426,0.0029,-0.1553,33.45,65.2482
S3,1045.0,baseline,0.7325,0.0026,0.2767,33.446,65.2487
S3,1050.0,baseline,0.7228,0.0029,-0.8991,33.432,65.2142
S3,1055.0,baseline,0.7128,0.0028,0.5212,33.428,65.1335
S3,1060.0,baseline,0.7017,0.0032,0.3383,33.436,65.1904
S3,1065.0,baseline,0.6931,0.0032,-0.3267,33.432,65.2213
S3,1070.0,baseline,0.6913,0.0044,0.4469,33.446,65.2851
S3,1075.0,baseline,0.6851,0.0089,-1.9973,33.43,65.2972
S3,1080.0,baseline,0.6586,0.0107,1.5855,33.438,64.3876
S3,1085.0,baseline,0.6495,0.0044,-0.0142,33.418,64.504
S3,1090.0,baseline,0.6392,0.0022,-1.0945,33.394,64.5854
S3,1095.0,baseline,0.6288,0.0032,0.8496,33.368,64.6192
S3,1100.0,baseline,0.6208,0.0027,-0.1757,33.328,64.5104
S3,1105.0,baseline,0.6133,0.0021,1.1643,33.322,64.4166
S3,1110.0,baseline,0.604,0.0044,-0.0419,33.288,64.4166
S3,1115.0,baseline,0.5976,0.002,-1.6566,33.27,64.4166
S3,1120.0,baseline,0.5889,0.0051,1.8471,33.264,64.2908
S3,1125.0,baseline,0.575,0.004,-0.8036,33.236,63.9584
S3,1130.0,baseline,0.5627,0.003,-0.7054,33.218,64.1413
S3,1135.0,baseline,0.572,0.0167,-1.391,33.238,63.7864
S3,1140.0,baseline,0.601,0.0291,3.0137,33.228,62.9449
S3,1145.0,baseline,0.5976,0.0032,-1.9742,33.224,62.487
S3,1150.0,baseline,0.5982,0.0012,1.1957,33.21,62.5479
S3,1155.0,baseline,0.5968,0.0009,0.3977,33.216,62.4947
S3,1160.0,baseline,0.5948,0.0012,-0.9975,33.198,62.391
S3,1165.0,baseline,0.592,0.0011,-0.7308,33.19,62.4885
S3,1170.0,baseline,0.5904,0.0015,1.5966,33.188,62.5727
S3,1175.0,baseline,0.5863,0.0036,-0.0872,33.183,62.3758
S3,1180.0,baseline,0.5827,0.0012,0.1212,33.167,62.4726
S3,1185.0,baseline,0.5783,0.0017,-1.4134,33.171,62.3752
S3,1190.0,baseline,0.5742,0.0011,1.7684,33.165,62.3696
S3,1195.0,baseline,0.5708,0.0018,-0.405,33.171,62.3387
S3,1200.0,baseline,0.5675,0.0011,-1.4173,33.168,62.2704
S3,1205.0,baseline,0.552,0.009,1.8628,33.162,62.4107
S3,1210.0,baseline,0.5602,0.0017,-1.7949,33.156,62.4262
S3,1215.0,baseline,0.5528,0.0034,1.3307,33.164,62.42
S3,1220.0,baseline,0.5338,0.0165,-0.414,33.168,63.6459
S3,1225.0,baseline,0.4964,0.0092,0.1521,33.157,64.4862
S3,1230.0,baseline,0.4943,0.019,0.0221,33.157,64.2581
S3,1235.0,baseline,0.5166,0.0046,-0.2776,33.174,64.5371
S3,1240.0,baseline,0.5005,0.0049,-0.2358,33.178,64.379
S3,1245.0,baseline,0.4898,0.002,0.4388,33.178,64.2854
S3,1250.0,baseline,0.4819,0.0029,0.1588,33.178,64.4021
S3,1255.0,baseline,0.4747,0.0023,-0.3097,33.172,64.4202
S3,1260.0,baseline,0.4684,0.0019,-0.3097,33.164,64.3959
S3,1265.0,baseline,0.4619,0.0022,0.311,33.177,64.4222
S3,1270.0,baseline,0.4561,0.002,-0.382,33.163,64.3932
S3,1275.0,baseline,0.4499,0.0017,0.7308,33.166,64.3798
S3,1280.0,baseline,0.4438,0.0037,-1.8737,33.164,64.4751
S3,1285.0,baseline,0.4351,0.0023,1.9242,33.162,64.7154
S3,1290.0,baseline,0.4285,0.0014,-0.8498,33.16,64.6661
S3,1295.0,baseline,0.4239,0.0017,0.5574,33.145,64.5571
S3,1300.0,baseline,0.4198,0.0014,-0.527,33.153,64.6633
S3,1305.0,baseline,0.4146,0.0017,0.0763,33.139,64.6639
S3,1310.0,baseline,0.4108,0.0012,0.3913,33.148,64.4197
S3,1315.0,baseline,0.4088,0.0008,-0.5226,33.142,64.5016
S3,1320.0,baseline,0.4062,0.0013,0.4546,33.138,64.4327
S3,1325.0,baseline,0.4047,0.0022,0.3371,33.13,64.1895
S3,1330.0,baseline,0.4098,0.0007,-0.4836,33.142,63.8118
S3,1335.0,baseline,0.4083,0.0012,-0.2561,33.134,63.8073
S3,1340.0,baseline,0.4061,0.0009,-0.1637,33.136,63.8249
S3,1345.0,baseline,0.4037,0.001,0.3659,33.128,63.8456
S3,1350.0,baseline,0.4,0.0011,-0.1607,33.144,63.8122
S3,1355.0,baseline,0.3963,0.0011,0.1584,33.136,63.8164
S3,1360.0,baseline,0.3944,0.0018,0.2689,33.138,63.8122
S3,1365.0,baseline,0.3909,0.0017,0.3057,33.136,63.8164
S3,1370.0,baseline,0.3884,0.0015,-0.7796,33.144,63.8164
S3,1375.0,baseline,0.3857,0.001,0.2261,33.14,63.9763
S3,1380.0,baseline,0.3841,0.0009,0.2812,33.132,64.2098
S3,1385.0,baseline,0.382,0.0011,-0.1458,33.134,64.1716
S3,1390.0,baseline,0.3793,0.0011,0.0509,33.136,64.1895
S3,1395.0,baseline,0.3775,0.0012,-0.301,33.136,64.2055
S3,1400.0,baseline,0.3746,0.001,0.325,33.14,64.2309
S3,1405.0,baseline,0.3725,0.0006,-0.4235,33.142,64.1895
S3,1410.0,baseline,0.371,0.0015,0.0055,33.144,64.046
S3,1415.0,baseline,0.3695,0.001,0.594,33.141,63.8798
S3,1420.0,baseline,0.3676,0.0011,-0.4448,33.155,63.8834
S3,1425.0,baseline,0.3675,0.0026,0.6087,33.144,64.9124
S3,1430.0,baseline,0.3727,0.002,-0.0401,33.151,64.7568
S3,1435.0,baseline,0.3698,0.0009,-0.6583,33.189,64.7851
S3,1440.0,baseline,0.3688,0.0012,0.5236,33.23,64.7281
S3,1445.0,baseline,0.3693,0.0011,0.1021,33.264,64.7766
S3,1450.0,baseline,0.3688,0.001,-0.7643,33.256,64.7899
S3,1455.0,baseline,0.3688,0.0008,0.7602,33.25,64.7011
S3,1460.0,baseline,0.3677,0.0009,-0.9629,33.252,64.7789
S3,1465.0,baseline,0.3666,0.0008,0.8402,33.238,64.7079
S3,1470.0,baseline,0.3656,0.0011,-0.3404,33.23,64.6035
S3,1475.0,baseline,0.3646,0.0008,0.1018,33.236,64.5765
S3,1480.0,baseline,0.3634,0.001,0.3496,33.246,64.5708
S3,1485.0,baseline,0.3622,0.001,-0.6221,33.248,64.6031
S3,1490.0,baseline,0.3611,0.0008,0.5644,33.236,64.6566
S3,2245.0,stress,0.341,0.0014,2.8117,32.73,67.0611
S3,2250.0,stress,0.3427,0.002,-0.3037,32.722,65.8195
S3,2255.0,stress,0.3434,0.0022,-1.3925,32.716,66.3779
S3,2260.0,stress,0.3412,0.0008,1.0995,32.683,65.0278
S3,2265.0,stress,0.347,0.0054,1.6912,32.679,64.604
S3,2270.0,stress,0.3538,0.0051,-0.6122,32.673,66.5434
S3,2275.0,stress,0.3537,0.0132,-1.3472,32.645,65.7075
S3,2280.0,stress,0.3617,0.0142,-0.2637,32.648,64.8842
S3,2285.0,stress,0.4017,0.0093,0.3668,32.644,66.2128
S3,2290.0,stress,0.4306,0.0121,0.1567,32.62,65.9304
S3,2295.0,stress,0.4342,0.009,-1.4794,32.616,65.3706
S3,2300.0,stress,0.4346,0.011,1.8536,32.604,64.6777
S3,2305.0,stress,0.5047,0.0281,-0.5802,32.594,65.3226
S3,2310.0,stress,0.5122,0.0077,0.4627,32.566,64.5563
S3,2315.0,stress,0.5208,0.0116,-0.2336,32.582,65.2604
S3,2320.0,stress,0.6035,0.0249,0.1165,32.558,66.4462
S3,2325.0,stress,0.8023,0.0355,0.02,32.535,66.164
S3,2330.0,stress,0.7679,0.0193,-0.2144,32.523,64.4811
S3,2335.0,stress,0.8922,0.0821,-0.211,32.526,64.2374
S3,2340.0,stress,1.0535,0.0634,0.7163,32.54,63.7247
S3,2345.0,stress,1.5164,0.1528,-1.0249,32.552,66.5245
S3,2350.0,stress,2.0669,0.1894,1.1628,32.54,64.9261
S3,2355.0,stress,2.65,0.1261,-0.4612,32.532,65.1644
S3,2360.0,stress,2.8623,0.1897,-0.7952,32.521,64.5689
S3,2365.0,stress,2.4391,0.109,1.7685,32.502,64.7035
S3,2370.0,stress,2.993,0.3388,-1.5111,32.506,65.4055
S3,2375.0,stress,3.2004,0.2911,-0.0355,32.492,66.26
S3,2380.0,stress,3.4347,0.5635,-0.5627,32.485,67.4715
S3,2385.0,stress,3.8245,0.3766,1.9754,32.47,64.7292
S3,2390.0,stress,3.5929,0.1767,-0.9661,32.47,64.5828
S3,2395.0,stress,3.3237,0.0946,-0.0824,32.48,64.486
S3,2400.0,stress,3.3596,0.2656,0.236,32.474,64.71
S3,2405.0,stress,3.7416,0.2304,-0.0284,32.485,64.9863
S3,2410.0,stress,3.4407,0.028,-0.4232,32.475,66.8882
S3,2415.0,stress,3.7868,0.2071,-0.3517,32.464,65.5515
S3,2420.0,stress,3.6293,0.1296,0.4811,32.45,68.4143
S3,2425.0,stress,3.8667,0.1903,0.159,32.418,64.7069
S3,2430.0,stress,4.4673,0.4243,-0.1792,32.424,64.5952
S3,2435.0,stress,4.1901,0.1463,0.543,32.418,66.4671
S3,2440.0,stress,3.9171,0.0566,-0.7904,32.41,65.4221
S3,2445.0,stress,4.2527,0.174,0.4,32.406,64.7366
S3,2450.0,stress,3.9767,0.05,0.0173,32.408,64.55
S3,2455.0,stress,3.9071,0.0285,0.3191,32.41,66.289
S3,2460.0,stress,4.346,0.1727,-0.5528,32.422,65.8952
S3,2465.0,stress,4.0282,0.0658,0.3957,32.374,65.6077
S3,2470.0,stress,4.0305,0.1282,-0.2533,32.371,66.783
S3,2475.0,stress,4.2603,0.1651,0.1476,32.356,68.4912
S3,2480.0,stress,4.2096,0.145,0.2608,32.353,65.3308
S3,2485.0,stress,4.0491,0.1251,-1.3963,32.361,64.7034
S3,2490.0,stress,3.8137,0.0273,1.0328,32.352,64.6386
S3,2495.0,stress,4.9342,0.4175,-0.5226,32.35,64.6125
S3,2500.0,stress,4.4468,0.2448,0.9335,32.347,65.0343
S3,2505.0,stress,4.7732,0.2152,0.0154,32.355,65.0957
S3,2510.0,stress,4.9545,0.343,-0.3537,32.335,65.7325
S3,2515.0,stress,4.6824,0.1186,0.2953,32.322,65.5317
S3,2520.0,stress,4.7637,0.1208,0.992,32.288,66.0411
S3,2525.0,stress,5.2768,0.1336,-1.8261,32.292,65.3705
S3,2530.0,stress,4.9843,0.0696,0.7777,32.284,64.8275
S3,2535.0,stress,4.8652,0.1012,-0.5486,32.274,64.6155
S3,2540.0,stress,4.7812,0.0486,0.5075,32.286,64.6647
S3,2545.0,stress,4.6367,0.0453,0.2392,32.278,64.6277
S3,2550.0,stress,4.5291,0.0617,0.2532,32.284,64.6467
S3,2555.0,stress,4.6351,0.0924,-0.3721,32.278,64.594
S3,2560.0,stress,4.4584,0.0586,-0.524,32.284,64.7473
S3,2565.0,stress,4.8035,0.1694,0.3553,32.284,64.7828
S3,2570.0,stress,4.4779,0.0364,0.4241,32.276,64.6708
S3,2575.0,stress,4.3644,0.0396,-0.2958,32.256,64.6029
S3,2580.0,stress,4.2887,0.0383,1.1717,32.248,65.1528
S3,2585.0,stress,4.1935,0.0333,-1.0483,32.228,64.8683
S3,2590.0,stress,4.0459,0.0379,-0.7425,32.208,64.5764
S3,2595.0,stress,3.9684,0.0257,0.3138,32.193,64.5348
S3,2600.0,stress,3.8558,0.0255,0.0159,32.18,64.5447
S3,2605.0,stress,3.7687,0.0245,0.3647,32.158,64.527
S3,2610.0,stress,3.6563,0.0298,1.599,32.156,64.479
S3,2615.0,stress,3.5424,0.0356,-1.5855,32.161,64.5501
S3,2620.0,stress,3.4385,0.027,-0.2298,32.158,65.1936
S3,2625.0,stress,3.4981,0.054,0.0552,32.146,64.6108
S3,2630.0,stress,3.3478,0.0351,-0.1647,32.144,64.5572
S3,2635.0,stress,3.2408,0.0297,0.1628,32.142,64.5963
S3,2640.0,stress,3.1537,0.0188,-0.1192,32.134,64.6041
S3,2645.0,stress,3.0769,0.0207,-0.0227,32.128,64.6079
S3,2650.0,stress,3.0159,0.0219,0.2706,32.126,64.6155
S3,2655.0,stress,2.9554,0.0239,-0.1968,32.106,64.568
S3,2660.0,stress,2.8914,0.0195,-0.1231,32.102,64.5489
S3,2665.0,stress,2.819,0.0238,0.2449,32.084,64.5476
S3,2670.0,stress,2.758,0.0103,-2.048,32.096,64.5894
S3,2675.0,stress,2.7165,0.0181,1.6739,32.086,64.5826
S3,2680.0,stress,2.6579,0.0142,-0.0072,32.082,64.6239
S3,2685.0,stress,2.614,0.0123,-0.7333,32.074,64.5789
S3,2690.0,stress,2.6064,0.0254,1.3262,32.064,64.5975
S3,2695.0,stress,2.5289,0.0188,-0.1959,32.048,64.6645
S3,2700.0,stress,2.4802,0.0096,0.9611,32.038,64.6422
S3,2705.0,stress,2.452,0.0128,-2.098,32.044,67.6143
S3,2710.0,stress,2.4722,0.0325,0.3588,32.039,64.7454
S3,2715.0,stress,2.394,0.016,0.5275,32.012,64.5769
S3,2720.0,stress,2.3602,0.0035,-0.0338,31.998,64.5308
S3,2725.0,stress,2.3313,0.012,0.2728,31.994,64.6046
S3,2730.0,stress,2.3017,0.0083,0.0731,31.989,64.6161
S3,2735.0,stress,2.284,0.0079,0.6511,31.994,64.5555
S3,2740.0,stress,2.253,0.0195,-1.1113,31.995,64.5596
S3,2745.0,stress,2.2072,0.0097,-0.2286,31.983,64.6162
S3,2750.0,stress,2.1758,0.0053,0.2843,31.984,64.67
S3,2755.0,stress,2.1447,0.012,0.0682,31.97,64.5736
S3,2760.0,stress,2.1076,0.0082,0.2944,31.962,64.6456
S3,2765.0,stress,2.0855,0.0102,0.5618,31.972,64.6016
S3,2770.0,stress,2.0607,0.0097,-1.2102,31.962,64.6011
S3,2775.0,stress,2.0295,0.0125,0.3002,31.968,64.654
S3,2780.0,stress,1.9904,0.0106,0.3716,31.96,64.6495
S3,2785.0,stress,1.963,0.0038,-0.4615,31.958,64.5862
S3,2790.0,stress,1.942,0.0096,0.3257,31.954,64.6078
S3,2795.0,stress,1.9244,0.0093,-0.2202,31.948,64.7548
S3,2800.0,stress,1.8981,0.0119,0.8663,31.94,64.5147
S3,2805.0,stress,1.8711,0.0043,-0.9646,31.944,64.6138
S3,2810.0,stress,1.8451,0.0081,-0.4891,31.95,65.8387
S3,2815.0,stress,1.8079,0.008,0.3311,31.946,64.5991
S3,2820.0,stress,1.7806,0.0095,0.1655,31.94,64.6611
S3,2825.0,stress,1.7597,0.0079,0.1909,31.932,64.5864
S3,2830.0,stress,1.7281,0.0085,-0.0549,31.926,64.6112
S3,2835.0,stress,1.7019,0.0074,0.2225,31.92,64.6532
S3,2840.0,stress,1.6848,0.0096,-0.2403,31.922,64.7757
S3,2845.0,stress,1.6633,0.0062,-1.3975,31.92,64.5422
S3,2850.0,stress,1.6383,0.0087,2.0566,31.918,64.6007
S3,2855.0,stress,1.6186,0.003,-0.381,31.922,64.6781
S3,2860.0,stress,1.6112,0.007,-0.107,31.908,64.9216
S3,2865.0,stress,1.5721,0.0131,0.0199,31.904,64.8144
S3,2870.0,stress,1.5457,0.0056,-1.478,31.898,64.6494
S3,2875.0,stress,1.5205,0.0068,1.5106,31.87,64.6182
S3,2880.0,stress,1.5007,0.0066,-1.1948,31.87,64.666
S3,5005.0,amusement,0.3598,0.0128,-0.4879,30.696,63.2701
S3,5010.0,amusement,0.5485,0.3089,3.3242,30.698,63.7305
S3,5015.0,amusement,0.4258,0.0642,-3.3975,30.706,62.553
S3,5020.0,amusement,0.3756,0.0028,-0.1269,30.718,62.9784
S3,5025.0,amusement,0.3981,0.0062,-0.7584,30.732,64.3575
S3,5030.0,amusement,0.3927,0.0014,1.2652,30.744,64.3104
S3,5035.0,amusement,0.3899,0.0016,-1.6107,30.758,64.359
S3,5040.0,amusement,0.3873,0.0007,0.5319,30.786,64.3325
S3,5045.0,amusement,0.3872,0.0015,-1.2636,30.794,64.4256
S3,5050.0,amusement,0.3885,0.0012,1.2344,30.816,64.45
S3,5055.0,amusement,0.3871,0.0012,-0.352,30.822,64.4928
S3,5060.0,amusement,0.3878,0.0009,1.5593,30.842,64.3355
S3,5065.0,amusement,0.383,0.0033,6.7722,30.848,64.2243
S3,5070.0,amusement,0.3803,0.0024,-7.2968,30.844,64.0435
S3,5075.0,amusement,0.3855,0.0045,-0.3623,30.832,64.2107
S3,5080.0,amusement,0.4086,0.008,0.4264,30.84,63.9741
S3,5085.0,amusement,0.4093,0.0023,-0.6508,30.848,64.0556
S3,5090.0,amusement,0.4037,0.001,-1.3349,30.856,63.9455
S3,5095.0,amusement,0.4005,0.0016,1.0658,30.838,64.0253
S3,5100.0,amusement,0.3973,0.0013,-0.1367,30.842,64.1127
S3,5105.0,amusement,0.3953,0.0012,0.2519,30.836,64.1126
S3,5110.0,amusement,0.392,0.0011,0.5466,30.858,64.128
S3,5115.0,amusement,0.3914,0.0018,-0.4911,30.856,64.0259
S3,5120.0,amusement,0.392,0.0013,0.2471,30.854,64.1194
S3,5125.0,amusement,0.3923,0.0018,0.867,30.86,64.0924
S3,5130.0,amusement,0.3991,0.025,-2.4487,30.858,63.1745
S3,5135.0,amusement,0.3809,0.0056,2.6801,30.846,62.4686
S3,5140.0,amusement,0.3746,0.0009,-1.3489,30.856,62.4676
S3,5145.0,amusement,0.3717,0.0013,0.6796,30.84,62.4625
S3,5150.0,amusement,0.3675,0.0012,-0.4637,30.846,62.4435
S3,5155.0,amusement,0.3638,0.0016,0.8228,30.846,62.3954
S3,5160.0,amusement,0.415,0.0181,-1.0116,30.844,63.9192
S3,5165.0,amusement,0.4238,0.0015,-0.4693,30.838,63.7819
S3,5170.0,amusement,0.3928,0.023,-0.1296,30.844,63.1716
S3,5175.0,amusement,0.3999,0.0158,2.0109,30.876,62.5615
S3,5180.0,amusement,0.4096,0.0009,-0.4935,30.882,62.5115
S3,5185.0,amusement,0.4071,0.0009,-1.2386,30.886,62.4857
S3,5190.0,amusement,0.4045,0.0043,0.308,30.886,62.4841
S3,5195.0,amusement,0.4,0.0011,-0.159,30.884,62.4924
S3,5200.0,amusement,0.401,0.0035,-1.5275,30.89,62.4848
S3,5205.0,amusement,0.4053,0.0009,1.7673,30.888,62.5114
S3,5210.0,amusement,0.4057,0.001,-0.4064,30.876,62.4914
S3,5215.0,amusement,0.4019,0.0045,1.0009,30.88,62.6895
S3,5220.0,amusement,0.3978,0.001,-0.4605,30.89,62.6863
S3,5225.0,amusement,0.3916,0.006,0.1619,30.894,63.6738
S3,5230.0,amusement,0.3899,0.0033,1.5255,30.898,64.6061
S3,5235.0,amusement,0.3868,0.0031,-1.4387,30.912,64.5763
S3,5240.0,amusement,0.3832,0.0009,-0.7676,30.922,64.3227
S3,5245.0,amusement,0.3831,0.0008,0.2588,30.928,64.3107
S3,5250.0,amusement,0.38,0.0012,0.2963,30.934,64.4141
S3,5255.0,amusement,0.3771,0.0013,-0.0236,30.93,64.47
S3,5260.0,amusement,0.3739,0.0016,-0.1477,30.946,64.384
S3,5265.0,amusement,0.3701,0.0012,0.0488,30.946,64.4715
S3,5270.0,amusement,0.3672,0.001,-0.1014,30.952,64.4067
S3,5275.0,amusement,0.3654,0.0011,0.551,30.968,64.4058
S3,5280.0,amusement,0.371,0.0028,-0.0338,30.968,64.2864
S3,5285.0,amusement,0.3736,0.0012,-0.1252,30.958,63.9369
S3,5290.0,amusement,0.3739,0.0013,0.2314,30.97,64.0118
S3,5295.0,amusement,0.3713,0.001,0.0829,30.954,64.0703
S3,5300.0,amusement,0.37,0.0012,-0.3876,30.958,64.0593
S3,5305.0,amusement,0.3682,0.0006,0.046,30.964,63.9452
S3,5310.0,amusement,0.3672,0.0007,-0.065,30.962,63.9567
S3,5315.0,amusement,0.3661,0.001,-0.6829,30.968,63.8745
S3,5320.0,amusement,0.3647,0.0008,0.1605,30.962,63.9704
S3,5325.0,amusement,0.3638,0.001,0.8417,30.958,64.0309
S3,5330.0,amusement,0.3639,0.0009,-0.4797,30.974,64.02
S3,5335.0,amusement,0.3631,0.0007,0.0752,30.974,64.046
S3,5340.0,amusement,0.3638,0.0008,-0.4454,30.976,63.9509
S3,5345.0,amusement,0.3627,0.0009,-0.7431,30.968,63.8314
S3,5350.0,amusement,0.3604,0.0011,1.3251,30.972,63.9958
S3,5355.0,amusement,0.3589,0.0019,-0.3272,30.972,64.5043
S3,5360.0,amusement,0.3574,0.0008,0.3357,30.968,64.7562
S3,5365.0,amusement,0.3533,0.0016,-0.4418,30.95,64.6486
S3,5370.0,amusement,0.3509,0.0013,-0.2541,30.95,64.6611
S3,5375.0,amusement,0.3499,0.0009,0.6457,30.952,64.5973
S4,285.0,baseline,0.2186,0.0051,-4.6658,32.642,64.6986
S4,290.0,baseline,0.2122,0.0015,0.5651,32.663,64.1789
S4,295.0,baseline,0.209,0.0024,-5.44,32.67,64.6757
S4,300.0,baseline,0.2063,0.003,10.6629,32.729,64.8233
S4,305.0,baseline,0.202,0.0015,-0.5213,32.794,64.3519
S4,310.0,baseline,0.2014,0.0039,4.2568,32.81,65.1149
S4,315.0,baseline,0.1971,0.0024,-2.2529,32.818,64.7435
S4,320.0,baseline,0.1954,0.0021,-5.1516,32.82,65.1797
S4,325.0,baseline,0.195,0.0008,3.5879,32.83,65.4311
S4,330.0,baseline,0.1921,0.0014,-4.6869,32.822,65.5312
S4,335.0,baseline,0.1906,0.0018,3.8928,32.833,65.5538
S4,340.0,baseline,0.1887,0.0011,-2.0428,32.852,65.5524
S4,345.0,baseline,0.1867,0.0015,-1.1906,32.871,65.4876
S4,350.0,baseline,0.1818,0.0024,-4.1414,32.876,65.3429
S4,355.0,baseline,0.1825,0.0008,4.4306,32.89,64.7159
S4,360.0,baseline,0.1815,0.0013,0.3602,32.904,64.736
S4,365.0,baseline,0.1803,0.0019,-0.464,32.906,64.7567
S4,370.0,baseline,0.1801,0.0011,3.994,32.902,64.7441
S4,375.0,baseline,0.179,0.001,-1.7843,32.9,64.8349
S4,380.0,baseline,0.1778,0.0015,-0.6475,32.9,64.7083
S4,385.0,baseline,0.1769,0.0018,0.1549,32.894,64.8511
S4,390.0,baseline,0.1765,0.0007,0.1405,32.888,64.7798
S4,395.0,baseline,0.1746,0.0023,-0.3527,32.888,64.6323
S4,400.0,baseline,0.1723,0.0019,2.585,32.894,64.6216
S4,405.0,baseline,0.1698,0.0019,-1.0082,32.892,64.7428
S4,410.0,baseline,0.1701,0.0008,-3.3167,32.896,64.7077
S4,415.0,baseline,0.169,0.0008,1.7057,32.908,64.6749
S4,420.0,baseline,0.1673,0.0012,1.0592,32.902,64.6826
S4,425.0,baseline,0.1657,0.0012,-1.9046,32.89,64.6744
S4,430.0,baseline,0.1641,0.0018,1.2412,32.896,64.6592
S4,435.0,baseline,0.1627,0.0009,-1.3356,32.898,64.698
S4,440.0,baseline,0.1614,0.0017,-2.5761,32.904,64.5795
S4,445.0,baseline,0.1602,0.0008,1.5836,32.906,64.5029
S4,450.0,baseline,0.1595,0.001,0.2198,32.89,64.7987
S4,455.0,baseline,0.1586,0.001,0.2592,32.894,64.7844
S4,460.0,baseline,0.1574,0.0014,0.6013,32.896,64.7844
S4,465.0,baseline,0.1571,0.0019,-1.8342,32.888,64.6947
S4,470.0,baseline,0.1552,0.0017,0.6123,32.89,64.7961
S4,475.0,baseline,0.1568,0.001,1.497,32.89,64.4421
S4,480.0,baseline,0.1563,0.0009,-2.6954,32.898,64.7726
S4,485.0,baseline,0.1545,0.0018,5.276,32.89,64.8021
S4,490.0,baseline,0.1539,0.0009,-1.2354,32.888,64.7381
S4,495.0,baseline,0.1533,0.001,0.0423,32.888,64.6925
S4,500.0,baseline,0.152,0.0019,0.4319,32.888,64.6791
S4,505.0,baseline,0.151,0.0009,-2.826,32.896,64.6883
S4,510.0,baseline,0.1503,0.0014,1.1096,32.894,64.594
S4,515.0,baseline,0.1497,0.0011,-0.9552,32.894,64.7129
S4,520.0,baseline,0.1487,0.0018,1.2857,32.896,64.7134
S4,525.0,baseline,0.1474,0.0019,0.35,32.9,64.7675
S4,530.0,baseline,0.1476,0.0012,0.2095,32.896,64.5475
S4,535.0,baseline,0.1474,0.0021,1.0407,32.906,64.473
S4,540.0,baseline,0.1465,0.0012,-2.6837,32.9,64.6019
S4,545.0,baseline,0.1458,0.0011,1.9737,32.892,64.6975
S4,550.0,baseline,0.1442,0.0018,-2.1639,32.902,64.7464
S4,555.0,baseline,0.1442,0.0009,-1.1223,32.904,64.6633
S4,560.0,baseline,0.1428,0.0018,2.102,32.898,64.7388
S4,565.0,baseline,0.1429,0.001,-0.8985,32.89,64.6954
S4,570.0,baseline,0.1423,0.0008,1.2255,32.898,64.8265
S4,575.0,baseline,0.1415,0.0017,-3.7863,32.894,64.6963
S4,580.0,baseline,0.1401,0.001,5.8387,32.898,64.7108
S4,585.0,baseline,0.1405,0.0015,-0.2483,32.902,64.7195
S4,590.0,baseline,0.1409,0.0015,-2.168,32.902,64.7307
S4,595.0,baseline,0.1404,0.0015,-1.8792,32.908,64.6921
S4,600.0,baseline,0.1396,0.0017,0.4935,32.91,64.7666
S4,605.0,baseline,0.14,0.0011,1.7522,32.91,64.6453
S4,610.0,baseline,0.14,0.0011,0.3897,32.91,64.8665
S4,615.0,baseline,0.1385,0.0009,0.8166,32.91,64.6672
S4,620.0,baseline,0.138,0.0009,-1.2826,32.91,64.6983
S4,625.0,baseline,0.1366,0.0017,0.1344,32.918,64.8854
S4,630.0,baseline,0.136,0.0025,-1.6123,32.922,64.8022
S4,635.0,baseline,0.1363,0.001,0.5422,32.928,64.6489
S4,640.0,baseline,0.1362,0.0007,0.9798,32.906,64.67
S4,645.0,baseline,0.1359,0.0015,2.1042,32.922,64.6427
S4,650.0,baseline,0.1351,0.0007,-1.5711,32.928,64.744
S4,655.0,baseline,0.1348,0.0025,-1.4758,32.924,64.6652
S4,660.0,baseline,0.1353,0.001,1.971,32.924,64.9852
S4,665.0,baseline,0.1287,0.002,-1.5614,32.928,64.3383
S4,670.0,baseline,0.126,0.0022,2.5406,32.932,64.551
S4,675.0,baseline,0.1285,0.0012,-2.7547,32.928,64.6403
S4,680.0,baseline,0.1274,0.0028,-0.1197,32.936,64.3658
S4,685.0,baseline,0.1286,0.0008,1.2131,32.936,64.5763
S4,690.0,baseline,0.1286,0.0009,0.2866,32.934,64.5103
S4,695.0,baseline,0.1269,0.0016,-1.767,32.938,64.6188
S4,700.0,baseline,0.1272,0.001,-0.9797,32.952,64.5609
S4,705.0,baseline,0.1284,0.0018,2.1726,32.938,64.4918
S4,710.0,baseline,0.1278,0.001,-1.2463,32.95,64.5251
S4,715.0,baseline,0.1288,0.0009,1.8482,32.95,64.6184
S4,720.0,baseline,0.1277,0.0013,-1.0728,32.952,64.5573
S4,725.0,baseline,0.1268,0.0014,-0.0575,32.964,64.3917
S4,730.0,baseline,0.127,0.0026,-0.2033,32.968,64.5538
S4,735.0,baseline,0.1268,0.0011,3.1619,32.97,64.4844
S4,740.0,baseline,0.1266,0.0022,-4.7198,32.97,64.437
S4,745.0,baseline,0.1262,0.0015,1.5936,32.964,64.4693
S4,750.0,baseline,0.126,0.0012,-0.9322,32.97,64.5385
S4,755.0,baseline,0.1257,0.002,0.6656,32.974,64.6578
S4,760.0,baseline,0.1245,0.0017,3.2172,32.964,64.5119
S4,765.0,baseline,0.1252,0.0014,0.7666,32.98,64.5236
S4,770.0,baseline,0.1252,0.0017,-1.3579,32.983,64.3978
S4,775.0,baseline,0.1252,0.0019,-1.4957,32.991,64.4501
S4,780.0,baseline,0.1256,0.0008,-2.0539,32.988,64.3715
S4,785.0,baseline,0.1251,0.0013,3.5456,32.986,64.4581
S4,790.0,baseline,0.1259,0.0008,0.1292,32.986,64.4043
S4,795.0,baseline,0.1255,0.0017,-0.9763,32.984,64.4797
S4,800.0,baseline,0.1255,0.0018,-0.0036,32.982,64.4172
S4,805.0,baseline,0.1244,0.0021,2.6433,32.984,64.3197
S4,810.0,baseline,0.1249,0.0016,-3.4668,32.988,64.4701
S4,815.0,baseline,0.1248,0.0018,-0.6302,32.995,64.4873
S4,820.0,baseline,0.1254,0.0011,1.0465,32.991,64.5278
S4,825.0,baseline,0.1252,0.0016,-0.2887,32.996,64.5711
S4,830.0,baseline,0.125,0.0018,-0.4933,32.996,64.4895
S4,835.0,baseline,0.1249,0.0009,-2.015,32.997,64.4227
S4,840.0,baseline,0.125,0.0012,0.9576,32.999,64.4015
S4,845.0,baseline,0.125,0.0009,2.7314,32.999,64.4069
S4,850.0,baseline,0.1253,0.0007,-0.2238,33.003,64.4098
S4,855.0,baseline,0.1242,0.0015,-1.8523,33.006,64.6115
S4,860.0,baseline,0.1185,0.0016,0.4609,33.024,64.2299
S4,865.0,baseline,0.1155,0.0026,-0.784,33.012,64.085
S4,870.0,baseline,0.114,0.0011,1.0303,33.038,63.9942
S4,875.0,baseline,0.1162,0.0017,-0.4039,33.018,64.3414
S4,880.0,baseline,0.1186,0.0021,3.1333,33.025,64.5197
S4,885.0,baseline,0.1192,0.001,-1.9033,33.039,64.5658
S4,890.0,baseline,0.1201,0.0007,-1.8522,33.042,64.5281
S4,895.0,baseline,0.1198,0.0015,3.1675,33.044,64.4561
S4,900.0,baseline,0.1201,0.002,-1.8532,33.038,64.3337
S4,905.0,baseline,0.1204,0.0019,-0.3035,33.046,64.3738
S4,910.0,baseline,0.1199,0.0019,-0.8908,33.034,64.4001
S4,915.0,baseline,0.1198,0.0019,1.6066,33.048,64.341
S4,920.0,baseline,0.1197,0.001,-0.6036,33.054,64.3158
S4,925.0,baseline,0.12,0.0015,-0.365,33.058,64.3653
S4,930.0,baseline,0.1212,0.0009,1.7832,33.056,64.3011
S4,935.0,baseline,0.1212,0.0017,-0.3998,33.062,64.2681
S4,940.0,baseline,0.1206,0.0016,-0.4945,33.054,64.3476
S4,945.0,baseline,0.1212,0.0014,-1.7729,33.056,64.4097
S4,950.0,baseline,0.121,0.0019,2.3633,33.064,64.4229
S4,955.0,baseline,0.1224,0.0008,0.3737,33.058,64.3434
S4,960.0,baseline,0.1219,0.001,-1.4788,33.064,64.4007
S4,965.0,baseline,0.1215,0.002,-1.1388,33.07,64.4198
S4,970.0,baseline,0.1221,0.0011,-0.8439,33.06,64.5492
S4,975.0,baseline,0.122,0.001,0.1136,33.07,64.3083
S4,980.0,baseline,0.1207,0.0015,4.0622,33.062,64.4322
S4,985.0,baseline,0.121,0.0017,-1.1852,33.06,64.3296
S4,990.0,baseline,0.1209,0.0008,-2.427,33.074,64.4899
S4,995.0,baseline,0.12,0.0018,0.9725,33.076,64.4863
S4,1000.0,baseline,0.1206,0.0017,-0.4881,33.072,64.4195
S4,1005.0,baseline,0.1204,0.0011,-0.3683,33.066,64.3759
S4,1010.0,baseline,0.121,0.0016,-0.6732,33.062,64.4791
S4,1015.0,baseline,0.1207,0.0017,0.9626,33.074,64.3444
S4,1020.0,baseline,0.1214,0.0009,1.3238,33.064,64.3414
S4,1025.0,baseline,0.121,0.0014,-0.7708,33.062,64.2298
S4,1030.0,baseline,0.1217,0.0008,1.7602,33.068,64.2756
S4,1035.0,baseline,0.1215,0.0017,0.5775,33.066,64.3945
S4,1040.0,baseline,0.1215,0.0017,-3.878,33.07,64.4129
S4,1045.0,baseline,0.121,0.0015,2.3726,33.084,64.4099
S4,1050.0,baseline,0.121,0.0018,-0.8465,33.076,64.4065
S4,1055.0,baseline,0.121,0.0007,-0.0839,33.076,64.405
S4,1060.0,baseline,0.1208,0.0011,2.611,33.078,64.3001
S4,1065.0,baseline,0.1202,0.0018,-2.4087,33.072,64.537
S4,1070.0,baseline,0.1209,0.0019,2.646,33.076,64.4082
S4,1075.0,baseline,0.1199,0.0017,-3.4949,33.086,64.3909
S4,1080.0,baseline,0.1207,0.0013,1.0468,33.08,64.3301
S4,1085.0,baseline,0.1208,0.0016,0.9119,33.078,64.4544
S4,1090.0,baseline,0.121,0.0008,-2.404,33.068,64.4778
S4,1095.0,baseline,0.1204,0.0011,0.9576,33.072,64.635
S4,1100.0,baseline,0.1204,0.0015,0.8003,33.07,64.6218
S4,1105.0,baseline,0.1203,0.0019,1.2991,33.078,64.5621
S4,1110.0,baseline,0.1214,0.0013,-0.8478,33.058,64.5497
S4,1115.0,baseline,0.1215,0.0018,-5.5317,33.068,64.5234
S4,1120.0,baseline,0.1217,0.0018,4.0271,33.076,64.3126
S4,1125.0,baseline,0.1213,0.0017,1.2968,33.066,64.2535
S4,1130.0,baseline,0.1216,0.002,2.2198,33.068,64.3736
S4,1135.0,baseline,0.1211,0.0017,-4.207,33.07,64.2876
S4,1140.0,baseline,0.1214,0.0008,3.727,33.06,64.2172
S4,1145.0,baseline,0.1211,0.0015,-3.8954,33.07,64.2669
S4,1150.0,baseline,0.1201,0.0015,3.0022,33.064,64.3673
S4,1155.0,baseline,0.1204,0.001,-0.9174,33.054,64.3179
S4,1160.0,baseline,0.1205,0.0014,-1.3629,33.064,64.3361
S4,1165.0,baseline,0.1211,0.0012,-0.5819,33.056,64.3357
S4,1170.0,baseline,0.121,0.0015,2.6898,33.056,64.4253
S4,1175.0,baseline,0.121,0.0017,0.0494,33.058,64.6097
S4,1180.0,baseline,0.1215,0.0019,2.9062,33.058,64.4673
S4,1185.0,baseline,0.1216,0.003,-11.0625,33.068,64.9336
S4,1190.0,baseline,0.1146,0.0019,8.2202,33.054,65.1468
S4,1195.0,baseline,0.1125,0.0008,-0.9533,33.064,64.9066
S4,1200.0,baseline,0.1108,0.002,-0.4703,33.068,65.0634
S4,1205.0,baseline,0.1081,0.0017,0.0069,33.052,65.3282
S4,1210.0,baseline,0.1068,0.0009,-0.6701,33.072,65.4388
S4,1215.0,baseline,0.1064,0.0013,-1.5003,33.07,65.4817
S4,1220.0,baseline,0.1066,0.0024,4.2829,33.066,65.5285
S4,1225.0,baseline,0.1069,0.0034,-13.4053,33.068,65.1458
S4,1230.0,baseline,0.103,0.0017,5.1642,33.08,65.7542
S4,1235.0,baseline,0.1059,0.0016,6.5551,33.08,65.1719
S4,1240.0,baseline,0.1086,0.0044,-2.1103,33.088,64.6932
S4,1245.0,baseline,0.1053,0.0029,5.0196,33.09,65.2272
S4,1250.0,baseline,0.1066,0.0014,-5.0816,33.098,64.7769
S4,1255.0,baseline,0.1084,0.0013,5.0887,33.09,64.684
S4,1260.0,baseline,0.109,0.0007,-2.3924,33.104,64.7699
S4,1265.0,baseline,0.1077,0.002,5.3626,33.11,64.9566
S4,1270.0,baseline,0.124,0.0047,-8.8342,33.1,64.6719
S4,1275.0,baseline,0.1223,0.0027,1.8616,33.104,64.6025
S4,1280.0,baseline,0.1193,0.002,2.8969,33.108,64.6013
S4,1285.0,baseline,0.1158,0.0047,-3.1713,33.116,64.7801
S4,1290.0,baseline,0.1123,0.0015,2.6395,33.112,64.755
S4,1295.0,baseline,0.1132,0.0009,-4.8177,33.112,64.6218
S4,1300.0,baseline,0.1123,0.0012,3.7797,33.114,64.6568
S4,1305.0,baseline,0.1134,0.002,-0.0698,33.11,64.725
S4,1310.0,baseline,0.114,0.001,0.4565,33.106,64.7555
S4,1315.0,baseline,0.1147,0.0016,-1.2281,33.112,64.6998
S4,1320.0,baseline,0.1153,0.0018,-1.46,33.108,64.6779
S4,1325.0,baseline,0.1145,0.0027,2.7245,33.102,64.8441
S4,1330.0,baseline,0.1156,0.001,0.0475,33.114,64.8137
S4,1335.0,baseline,0.1156,0.0015,-1.9979,33.104,64.711
S4,1340.0,baseline,0.1155,0.001,1.2687,33.112,64.6817
S4,1345.0,baseline,0.1151,0.0014,-2.2459,33.104,64.6657
S4,1350.0,baseline,0.1151,0.0016,2.6553,33.108,64.676
S4,1355.0,baseline,0.1161,0.0009,0.6502,33.108,64.7532
S4,1360.0,baseline,0.1164,0.0016,-0.0832,33.108,64.6841
S4,1365.0,baseline,0.1175,0.0011,-2.3079,33.1,64.5927
S4,1370.0,baseline,0.1174,0.0012,0.0481,33.098,64.6169
S4,1375.0,baseline,0.1176,0.0011,0.6924,33.074,64.757
S4,1380.0,baseline,0.1178,0.0017,-1.5893,33.078,64.7232
S4,1385.0,baseline,0.1181,0.0019,2.1704,33.08,64.7963
S4,1390.0,baseline,0.1188,0.0015,1.4437,33.078,64.7193
S4,1395.0,baseline,0.1194,0.0011,-0.2136,33.08,64.6713
S4,1400.0,baseline,0.1194,0.0012,-2.2416,33.072,64.693
S4,1405.0,baseline,0.1203,0.0018,0.2674,33.07,64.7647
S4,1410.0,baseline,0.1205,0.0018,1.1412,33.064,64.6545
S4,1415.0,baseline,0.1209,0.0008,-0.7575,33.06,64.6552
S4,1420.0,baseline,0.1215,0.0013,-0.7507,33.056,64.6476
S4,1425.0,baseline,0.1217,0.0012,0.3048,33.056,64.7726
S4,1430.0,baseline,0.1216,0.0016,-0.0939,33.056,64.6732
S4,1435.0,baseline,0.1205,0.0027,0.4714,33.052,64.6467
S4,1440.0,baseline,0.1194,0.0008,0.9903,33.044,64.6432
S4,1835.0,amusement,0.1673,0.0009,2.3355,32.855,64.4634
S4,1840.0,amusement,0.1659,0.0017,-0.5963,32.843,64.4527
S4,1845.0,amusement,0.1672,0.0017,2.4588,32.835,64.3454
S4,1850.0,amusement,0.1679,0.0017,0.3353,32.841,64.4437
S4,1855.0,amusement,0.1676,0.0016,-4.2313,32.828,64.3576
S4,1860.0,amusement,0.1676,0.0008,2.6511,32.83,64.5055
S4,1865.0,amusement,0.1679,0.0029,-1.9263,32.824,64.4313
S4,1870.0,amusement,0.1722,0.0012,3.6562,32.814,64.4301
S4,1875.0,amusement,0.1726,0.0008,-2.9242,32.81,64.4169
S4,1880.0,amusement,0.1703,0.0009,0.4178,32.792,64.3611
S4,1885.0,amusement,0.1687,0.002,2.2077,32.802,64.4199
S4,1890.0,amusement,0.1701,0.002,-6.0814,32.794,64.3849
S4,1895.0,amusement,0.1711,0.0018,3.7196,32.79,64.4583
S4,1900.0,amusement,0.1731,0.0019,3.4832,32.794,64.5463
S4,1905.0,amusement,0.1735,0.0028,-5.8584,32.79,64.4593
S4,1910.0,amusement,0.1699,0.0035,0.564,32.776,65.4261
S4,1915.0,amusement,0.1679,0.0019,1.1549,32.772,64.5177
S4,1920.0,amusement,0.1687,0.0018,0.7133,32.77,64.4987
S4,1925.0,amusement,0.1681,0.0025,-1.5806,32.776,64.4884
S4,1930.0,amusement,0.1756,0.0068,9.1168,32.782,64.6984
S4,1935.0,amusement,0.1801,0.0033,-12.5743,32.76,65.5416
S4,1940.0,amusement,0.1797,0.0042,-6.1759,32.772,64.5391
S4,1945.0,amusement,0.1768,0.0013,13.3807,32.766,64.6562
S4,1950.0,amusement,0.1727,0.002,-0.9359,32.766,64.6553
S4,1955.0,amusement,0.1745,0.001,1.9379,32.778,64.5553
S4,1960.0,amusement,0.1733,0.0008,-3.5815,32.78,64.6225
S4,1965.0,amusement,0.1709,0.002,-1.518,32.776,64.6324
S4,1970.0,amusement,0.1754,0.0043,2.3479,32.782,64.6135
S4,1975.0,amusement,0.1909,0.0038,-0.4368,32.78,64.6327
S4,1980.0,amusement,0.2032,0.0032,-0.6018,32.768,64.3827
S4,1985.0,amusement,0.1861,0.0033,7.0952,32.778,64.2133
S4,1990.0,amusement,0.1847,0.001,-4.7941,32.772,64.2793
S4,1995.0,amusement,0.1836,0.0009,-4.0805,32.772,64.1442
S4,2000.0,amusement,0.182,0.0009,0.6152,32.774,64.2604
S4,2005.0,amusement,0.1792,0.0015,7.1757,32.77,64.4905
S4,2010.0,amusement,0.1774,0.001,-5.6997,32.774,64.6315
S4,2015.0,amusement,0.1739,0.0016,0.6733,32.758,64.5965
S4,2020.0,amusement,0.1749,0.0014,-0.171,32.766,64.4017
S4,2025.0,amusement,0.1754,0.0015,2.0444,32.768,64.4085
S4,2030.0,amusement,0.1742,0.001,0.6411,32.768,64.3963
S4,2035.0,amusement,0.184,0.0027,-2.9677,32.77,64.1348
S4,2040.0,amusement,0.1817,0.0015,0.8035,32.772,64.0
S4,2045.0,amusement,0.1782,0.002,1.0175,32.76,64.0819
S4,2050.0,amusement,0.1773,0.0011,2.1921,32.766,64.1118
S4,2055.0,amusement,0.1762,0.0022,-0.9569,32.758,64.1091
S4,2060.0,amusement,0.1749,0.0011,-0.7734,32.756,64.0973
S4,2065.0,amusement,0.1728,0.0018,0.5438,32.768,64.1407
S4,2070.0,amusement,0.1724,0.0015,-0.3983,32.76,64.1377
S4,2075.0,amusement,0.1725,0.0008,-2.1685,32.764,64.2419
S4,2080.0,amusement,0.173,0.0009,-1.8747,32.768,64.1735
S4,2085.0,amusement,0.1734,0.001,1.283,32.746,64.1854
S4,2090.0,amusement,0.1733,0.0012,-0.3297,32.754,64.2276
S4,2095.0,amusement,0.1726,0.0008,0.7947,32.758,64.1893
S4,2100.0,amusement,0.1714,0.0013,-3.0818,32.752,64.198
S4,2105.0,amusement,0.1721,0.0019,4.2998,32.748,64.2909
S4,2110.0,amusement,0.1724,0.0009,0.1485,32.75,64.3104
S4,2115.0,amusement,0.1715,0.0013,4.2037,32.754,64.2494
S4,2120.0,amusement,0.1714,0.0017,-6.5673,32.758,64.3762
S4,2125.0,amusement,0.1717,0.0012,2.8962,32.752,64.3732
S4,2130.0,amusement,0.1727,0.001,-0.6121,32.742,64.3542
S4,2135.0,amusement,0.1729,0.0017,-2.091,32.746,64.3067
S4,2140.0,amusement,0.1732,0.0008,2.2938,32.738,64.2689
S4,2145.0,amusement,0.1717,0.0026,-3.9225,32.746,64.1801
S4,2150.0,amusement,0.1731,0.0018,-0.9706,32.748,64.171
S4,2155.0,amusement,0.173,0.0021,2.8618,32.736,64.2242
S4,2160.0,amusement,0.1734,0.0023,1.4424,32.734,64.1075
S4,2165.0,amusement,0.174,0.0011,-0.3766,32.74,64.1057
S4,2170.0,amusement,0.1741,0.0008,-1.6553,32.744,64.1099
S4,2175.0,amusement,0.1743,0.002,0.8541,32.734,64.1051
S4,2180.0,amusement,0.1748,0.0013,1.4926,32.732,64.1051
S4,2185.0,amusement,0.1755,0.0012,2.0886,32.74,64.1784
S4,2190.0,amusement,0.1758,0.0016,0.9657,32.724,64.2414
S4,2195.0,amusement,0.1762,0.0016,-4.5838,32.718,64.2991
S4,2200.0,amusement,0.1769,0.001,2.2308,32.726,64.2162
S4,3615.0,stress,1.449,0.1038,1.3809,32.726,64.9314
S4,3620.0,stress,1.6158,0.0353,-11.9157,32.736,66.1995
S4,3625.0,stress,1.6962,0.0763,30.5548,32.742,65.5544
S4,3630.0,stress,1.6384,0.0464,-10.0858,32.736,65.4161
S4,3635.0,stress,1.9557,0.2203,-8.3649,32.728,64.8713
S4,3640.0,stress,2.0757,0.1162,-0.6049,32.705,65.0763
S4,3645.0,stress,2.1232,0.1896,9.2245,32.711,65.249
S4,3650.0,stress,1.9984,0.0499,-10.7402,32.72,65.1476
S4,3655.0,stress,1.9228,0.0269,11.4628,32.709,65.171
S4,3660.0,stress,2.0016,0.0875,-4.0478,32.707,65.2725
S4,3665.0,stress,2.0121,0.0506,-4.2888,32.701,65.4335
S4,3670.0,stress,1.9676,0.0153,-2.065,32.709,65.1074
S4,3675.0,stress,2.0964,0.0911,1.2301,32.702,64.8839
S4,3680.0,stress,2.2444,0.1268,-5.4525,32.71,64.741
S4,3685.0,stress,2.032,0.0254,1.8868,32.693,64.53
S4,3690.0,stress,2.1342,0.1812,3.3623,32.69,67.7248
S4,3695.0,stress,2.2488,0.0928,-2.4981,32.679,64.9441
S4,3700.0,stress,2.3485,0.1286,-2.3877,32.687,64.7718
S4,3705.0,stress,2.5072,0.1892,4.1483,32.67,65.1391
S4,3710.0,stress,2.6892,0.1966,-1.5854,32.67,64.5368
S4,3715.0,stress,2.6259,0.1103,-8.0256,32.66,64.6601
S4,3720.0,stress,2.2169,0.0387,8.8807,32.668,64.9231
S4,3725.0,stress,2.2312,0.127,-17.456,32.658,64.4882
S4,3730.0,stress,2.3859,0.0734,3.6314,32.655,65.4662
S4,3735.0,stress,2.454,0.1008,10.3797,32.656,64.4641
S4,3740.0,stress,2.4085,0.1407,5.5248,32.636,64.8875
S4,3745.0,stress,2.7306,0.1459,-1.3419,32.628,64.6057
S4,3750.0,stress,2.5679,0.0551,-0.6506,32.62,65.7093
S4,3755.0,stress,2.6501,0.11,1.2014,32.628,65.8315
S4,3760.0,stress,2.4843,0.0351,-2.5411,32.618,65.97
S4,3765.0,stress,2.5663,0.0456,-0.2473,32.61,67.0622
S4,3770.0,stress,2.7363,0.184,5.6391,32.61,66.0772
S4,3775.0,stress,2.6025,0.0597,-10.8101,32.592,65.3734
S4,3780.0,stress,2.5626,0.0601,11.14,32.578,65.3516
S4,3785.0,stress,2.7145,0.0793,1.5849,32.588,64.7114
S4,3790.0,stress,2.5584,0.0315,-6.9796,32.572,67.001
S4,3795.0,stress,2.5426,0.036,1.2132,32.566,64.9497
S4,3800.0,stress,2.5682,0.0614,-2.6608,32.566,64.8353
S4,3805.0,stress,2.6532,0.139,3.1906,32.55,64.9024
S4,3810.0,stress,2.6096,0.0638,-0.8571,32.55,65.1905
S4,3815.0,stress,2.4917,0.0221,-3.1975,32.536,65.6176
S4,3820.0,stress,2.4351,0.0163,0.1643,32.536,65.2204
S4,3825.0,stress,2.6971,0.2685,0.4205,32.544,64.6186
S4,3830.0,stress,2.8511,0.0694,-0.4418,32.524,64.693
S4,3835.0,stress,2.7075,0.0707,4.5317,32.518,64.6525
S4,3840.0,stress,2.5753,0.0388,-16.3937,32.509,64.6333
S4,3845.0,stress,2.4918,0.0255,17.3184,32.497,64.6777
S4,3850.0,stress,2.4313,0.0164,-7.6847,32.49,65.0903
S4,3855.0,stress,2.4584,0.0368,8.9547,32.493,65.0428
S4,3860.0,stress,2.4184,0.016,-2.8419,32.487,65.0489
S4,3865.0,stress,2.426,0.0655,-4.1217,32.496,65.3944
S4,3870.0,stress,2.536,0.0447,14.797,32.478,65.0301
S4,3875.0,stress,2.4415,0.0244,-12.991,32.48,64.7941
S4,3880.0,stress,2.3534,0.0325,4.3792,32.48,64.6121
S4,3885.0,stress,2.4647,0.0707,-2.0173,32.478,64.6115
S4,3890.0,stress,2.3599,0.0256,-0.6688,32.47,64.6686
S4,3895.0,stress,2.3109,0.0152,-0.9048,32.474,64.588
S4,3900.0,stress,2.2462,0.0225,0.9749,32.476,64.7129
S4,3905.0,stress,2.2563,0.0271,-4.9817,32.476,65.1985
S4,3910.0,stress,2.3686,0.084,4.9536,32.466,64.9785
S4,3915.0,stress,2.2925,0.082,-0.8513,32.454,64.5516
S4,3920.0,stress,2.4539,0.0487,-1.8986,32.436,64.4942
S4,3925.0,stress,2.5064,0.0564,4.6746,32.446,64.6942
S4,3930.0,stress,2.4197,0.0508,0.4105,32.448,64.4786
S4,3935.0,stress,2.3015,0.0273,-7.2961,32.448,64.4108
S4,3940.0,stress,2.7024,0.1556,11.4158,32.45,64.4439
S4,3945.0,stress,2.5371,0.0283,-9.4359,32.45,64.5244
S4,3950.0,stress,2.6934,0.0494,1.6247,32.444,64.5012
S4,3955.0,stress,2.6201,0.0311,-1.9635,32.444,64.4213
S4,3960.0,stress,2.6463,0.1057,5.9741,32.442,64.4539
S4,3965.0,stress,2.7278,0.0625,1.7577,32.44,64.4905
S4,3970.0,stress,2.7771,0.0735,-1.0121,32.444,64.4872
S4,3975.0,stress,2.9316,0.129,1.1719,32.436,64.4536
S4,3980.0,stress,2.7834,0.0466,-12.7779,32.432,64.4693
S4,3985.0,stress,3.0072,0.0737,8.8555,32.43,64.4908
S4,3990.0,stress,2.8229,0.0965,0.6696,32.418,64.2957
S4,3995.0,stress,2.6322,0.0293,-2.4337,32.412,64.4263
S4,4000.0,stress,2.7794,0.0693,-1.3816,32.414,64.3549
S4,4005.0,stress,2.6179,0.0285,3.4438,32.404,64.3986
S4,4010.0,stress,2.589,0.0377,5.3163,32.394,64.4846
S4,4015.0,stress,2.6346,0.0783,-7.0536,32.406,64.3979
S4,4020.0,stress,2.6045,0.0552,4.1786,32.402,64.4062
S4,4025.0,stress,2.571,0.0831,-9.7157,32.4,64.4923
S4,4030.0,stress,2.5633,0.04,9.0159,32.39,64.4522
S4,4035.0,stress,2.5811,0.0473,8.2432,32.386,64.5352
S4,4040.0,stress,2.4903,0.0315,-10.9637,32.386,64.3836
S4,4045.0,stress,2.4372,0.0398,-1.1275,32.378,64.4717
S4,4050.0,stress,2.3745,0.0147,-3.9087,32.372,64.3523
S4,4055.0,stress,2.3187,0.0218,3.7537,32.357,64.3368
S4,4060.0,stress,2.3044,0.0412,10.4621,32.359,64.3904
S4,4065.0,stress,2.3356,0.0357,-10.9058,32.355,64.4194
S4,4070.0,stress,2.2186,0.0266,2.1622,32.337,64.436
S4,4075.0,stress,2.1598,0.0148,0.5014,32.334,64.3019
S4,4080.0,stress,2.1186,0.0228,-7.2382,32.335,64.4294
S4,4085.0,stress,2.147,0.01,20.548,32.333,64.4516
S4,4090.0,stress,2.0955,0.0131,-13.0556,32.33,64.4939
S4,4095.0,stress,2.1455,0.0738,4.4843,32.322,68.7805
S4,4100.0,stress,2.5037,0.1051,-8.5587,32.31,64.6326
S4,4105.0,stress,2.307,0.0416,-0.9749,32.306,64.4031
S4,4110.0,stress,2.2033,0.0318,2.9778,32.3,64.3292
S4,4115.0,stress,2.1886,0.0172,1.4904,32.288,64.5132
S4,4120.0,stress,2.1368,0.019,1.2682,32.29,64.3784
S4,4125.0,stress,2.1083,0.0287,2.7723,32.284,64.4208
S4,4130.0,stress,2.1755,0.0267,0.62,32.288,64.5123
S4,4135.0,stress,2.192,0.0209,-5.6491,32.278,64.3489
S4,4140.0,stress,2.1163,0.0232,-1.8326,32.29,64.5711
S4,4145.0,stress,2.0801,0.0101,7.2594,32.284,64.4368
S4,4150.0,stress,2.0134,0.0238,-11.0443,32.272,64.398
S4,4155.0,stress,1.9769,0.0099,11.4145,32.254,64.4716
S4,4160.0,stress,2.0342,0.0211,-10.0501,32.256,64.3523
S4,4165.0,stress,1.9967,0.0379,3.5711,32.248,64.4272
S4,4170.0,stress,2.2808,0.0697,3.8521,32.242,64.4369
S4,4175.0,stress,2.1392,0.0231,-5.0021,32.246,64.4175
S4,4180.0,stress,2.1275,0.0334,-1.2711,32.232,64.4013
S4,4185.0,stress,2.1374,0.043,5.93,32.236,64.4868
S4,4190.0,stress,2.0899,0.0247,3.7405,32.23,64.4572
S4,4195.0,stress,2.1144,0.0927,-2.328,32.23,64.6319
S4,4200.0,stress,2.1793,0.0744,-13.6699,32.226,64.5556
S4,4205.0,stress,2.1381,0.0237,13.6631,32.216,64.4513
S4,4210.0,stress,2.093,0.0255,-6.3657,32.201,64.4693
S4,4215.0,stress,2.1817,0.078,0.7369,32.194,64.9596
S4,4220.0,stress,2.2293,0.0246,1.4671,32.188,67.4251
S4,4225.0,stress,2.17,0.0284,-1.7893,32.195,64.6397
S4,4230.0,stress,2.1727,0.0329,-1.1754,32.205,64.4443
S4,4235.0,stress,2.2006,0.0696,0.2327,32.202,64.3326
S4,4240.0,stress,2.174,0.0292,-0.298,32.174,64.4589
S4,4245.0,stress,2.1881,0.0335,3.1923,32.18,66.4715
S5,280.0,baseline,1.3468,0.0123,-31.9242,34.346,63.5639
S5,285.0,baseline,1.2848,0.0195,7.399,34.3235,63.2513
S5,290.0,baseline,1.1677,0.1506,-2.0121,34.2565,63.8908
S5,295.0,baseline,1.3317,0.0159,-10.9938,34.1655,63.7179
S5,300.0,baseline,1.3304,0.0154,10.5233,34.097,63.4173
S5,305.0,baseline,1.0904,0.1938,4.2834,34.0145,63.5876
S5,310.0,baseline,1.0832,0.0107,-2.3317,33.9595,64.017
S5,315.0,baseline,1.1885,0.0362,-1.0529,33.882,62.9816
S5,320.0,baseline,1.1957,0.0258,-13.6529,33.898,64.1359
S5,325.0,baseline,1.2236,0.0226,-13.3747,33.871,63.4134
S5,330.0,baseline,1.2031,0.0115,28.2259,33.809,63.5541
S5,335.0,baseline,1.1338,0.0418,1.0827,33.778,63.6109
S5,340.0,baseline,1.1211,0.0313,-23.5482,33.764,64.1832
S5,345.0,baseline,0.9469,0.1471,19.9403,33.7245,63.5306
S5,350.0,baseline,1.0212,0.0126,-2.2039,33.7175,63.3864
S5,355.0,baseline,1.0184,0.0037,3.9251,33.786,63.3245
S5,360.0,baseline,1.0294,0.0245,-3.8881,33.8445,63.8279
S5,365.0,baseline,1.0816,0.0752,-2.8717,33.858,64.4865
S5,370.0,baseline,1.0612,0.0731,10.0816,33.8145,64.2479
S5,375.0,baseline,1.096,0.0153,-5.5152,33.797,63.2679
S5,380.0,baseline,1.1025,0.0036,5.1551,33.76,63.1351
S5,385.0,baseline,1.0872,0.0052,-0.0121,33.763,63.0865
S5,390.0,baseline,1.0694,0.0076,5.6875,33.766,63.1463
S5,395.0,baseline,1.0511,0.0052,-8.3942,33.789,63.1452
S5,400.0,baseline,1.0385,0.0031,-4.5787,33.8305,63.2043
S5,405.0,baseline,1.0312,0.0047,1.6662,33.8715,63.2629
S5,410.0,baseline,1.0167,0.0051,1.3154,33.937,63.2952
S5,415.0,baseline,1.0026,0.0065,0.2185,34.012,63.2882
S5,420.0,baseline,0.9858,0.0045,0.5567,34.069,63.2705
S5,425.0,baseline,0.9717,0.0034,2.3463,34.128,63.3782
S5,430.0,baseline,0.9339,0.0284,-4.382,34.186,63.3962
S5,435.0,baseline,0.9437,0.0406,-16.4903,34.1995,63.8193
S5,440.0,baseline,0.9966,0.0043,16.8582,34.2435,63.1676
S5,445.0,baseline,0.9954,0.0031,1.0125,34.364,63.0212
S5,450.0,baseline,0.9905,0.0024,0.6373,34.432,63.1344
S5,455.0,baseline,0.9787,0.0041,-1.3567,34.4965,63.3285
S5,460.0,baseline,0.9704,0.0037,3.0212,34.5515,63.1176
S5,465.0,baseline,0.9558,0.0061,-2.6381,34.592,62.9449
S5,470.0,baseline,0.9471,0.0023,1.4434,34.601,63.1107
S5,475.0,baseline,0.9441,0.002,-1.1227,34.576,63.0257
S5,480.0,baseline,0.9351,0.0036,-1.4639,34.5295,63.0413
S5,485.0,baseline,0.9221,0.0035,0.448,34.4645,62.9467
S5,490.0,baseline,0.9146,0.0029,1.6341,34.3915,62.967
S5,495.0,baseline,0.9056,0.0029,-0.4079,34.3335,62.957
S5,500.0,baseline,0.8994,0.0031,-0.6244,34.304,62.8449
S5,505.0,baseline,0.892,0.0028,-1.2093,34.255,62.871
S5,510.0,baseline,0.8888,0.0018,0.0181,34.2085,62.8465
S5,515.0,baseline,0.8838,0.0014,0.8404,34.1615,62.871
S5,520.0,baseline,0.8787,0.0021,-0.0251,34.136,62.9143
S5,525.0,baseline,0.8712,0.0039,1.6126,34.113,62.9803
S5,530.0,baseline,0.8593,0.0173,0.2258,34.084,63.3351
S5,535.0,baseline,0.863,0.0311,0.1633,34.06,63.2694
S5,540.0,baseline,0.8668,0.0019,-1.7801,34.109,63.325
S5,545.0,baseline,0.8612,0.0042,2.0877,34.138,63.2697
S5,550.0,baseline,0.8504,0.008,12.7519,34.156,63.2294
S5,555.0,baseline,0.8395,0.0056,-13.3532,34.156,63.1377
S5,560.0,baseline,0.8305,0.0039,-0.101,34.1715,63.192
S5,565.0,baseline,0.8208,0.0031,-0.2365,34.1995,63.1865
S5,570.0,baseline,0.8139,0.0037,13.1088,34.223,63.1003
S5,575.0,baseline,0.8155,0.0037,-30.7595,34.275,63.2394
S5,580.0,baseline,0.8103,0.0061,17.4235,34.355,63.2166
S5,585.0,baseline,0.8017,0.003,0.0606,34.365,63.1428
S5,590.0,baseline,0.7939,0.0025,0.0658,34.379,63.2206
S5,595.0,baseline,0.7897,0.007,-0.5464,34.387,63.2119
S5,600.0,baseline,0.78,0.0026,-23.2238,34.4,63.1708
S5,605.0,baseline,0.7819,0.0021,24.2203,34.406,63.2723
S5,610.0,baseline,0.7788,0.0029,-1.1745,34.467,63.1887
S5,615.0,baseline,0.7761,0.0035,4.7153,34.501,63.1655
S5,620.0,baseline,0.7723,0.0023,-5.5832,34.534,63.0542
S5,625.0,baseline,0.7663,0.004,3.4496,34.574,63.3299
S5,630.0,baseline,0.7623,0.0027,-2.661,34.661,63.3524
S5,635.0,baseline,0.7588,0.0086,3.6022,34.729,63.3471
S5,640.0,baseline,0.7816,0.0021,-3.6605,34.788,63.3031
S5,645.0,baseline,0.7791,0.0028,-1.9886,34.835,63.3991
S5,650.0,baseline,0.78,0.001,1.4227,34.887,63.4347
S5,655.0,baseline,0.7769,0.0033,2.2856,34.909,63.3033
S5,660.0,baseline,0.7739,0.0016,-0.5584,34.943,63.2355
S5,665.0,baseline,0.7761,0.0023,-2.5027,34.999,63.2931
S5,670.0,baseline,0.7757,0.0046,8.1756,35.025,63.3757
S5,675.0,baseline,0.7807,0.004,-4.4708,35.055,63.2354
S5,680.0,baseline,0.7731,0.0016,-0.5359,35.087,63.2303
S5,685.0,baseline,0.7728,0.0019,-1.0646,35.128,63.2719
S5,690.0,baseline,0.7721,0.0017,-0.265,35.1475,63.241
S5,695.0,baseline,0.771,0.0014,0.207,35.1805,63.3378
S5,700.0,baseline,0.7694,0.0021,-3.1121,35.22,63.2305
S5,705.0,baseline,0.7651,0.0018,3.2542,35.253,63.3832
S5,710.0,baseline,0.7652,0.0017,-0.1537,35.334,63.409
S5,715.0,baseline,0.7671,0.0012,-0.738,35.412,63.3732
S5,720.0,baseline,0.7681,0.0026,0.739,35.461,63.3986
S5,725.0,baseline,0.7666,0.0031,1.6385,35.502,63.4104
S5,730.0,baseline,0.7754,0.0018,-3.1413,35.548,63.2038
S5,735.0,baseline,0.7768,0.0013,1.8644,35.592,63.1839
S5,740.0,baseline,0.7747,0.0026,-0.0652,35.614,63.0181
S5,745.0,baseline,0.774,0.0033,-0.6765,35.619,63.0451
S5,750.0,baseline,0.7744,0.0015,-0.5839,35.626,63.268
S5,755.0,baseline,0.7741,0.0015,-0.5485,35.6455,63.369
S5,760.0,baseline,0.7761,0.0021,2.0193,35.659,63.164
S5,765.0,baseline,0.7744,0.0022,-1.0054,35.672,63.1873
S5,770.0,baseline,0.776,0.002,0.1201,35.682,63.1748
S5,775.0,baseline,0.775,0.0019,-0.8459,35.667,63.1716
S5,780.0,baseline,0.7738,0.0011,0.8515,35.652,63.1847
S5,785.0,baseline,0.7715,0.0023,-0.2229,35.6515,63.2181
S5,790.0,baseline,0.771,0.0014,-0.562,35.632,63.2811
S5,795.0,baseline,0.7703,0.0018,0.0413,35.618,63.2041
S5,800.0,baseline,0.7694,0.002,0.1849,35.614,63.1133
S5,805.0,baseline,0.7694,0.002,0.6121,35.611,63.0976
S5,810.0,baseline,0.7692,0.0027,-0.1329,35.63,63.094
S5,815.0,baseline,0.7687,0.0015,-0.226,35.63,63.0726
S5,820.0,baseline,0.7683,0.0012,0.3342,35.634,63.2273
S5,825.0,baseline,0.7681,0.0022,-1.7297,35.629,63.1751
S5,830.0,baseline,0.7688,0.002,1.8304,35.624,63.249
S5,835.0,baseline,0.7689,0.0014,-0.3779,35.625,63.2304
S5,840.0,baseline,0.7534,0.0172,-2.1624,35.6415,63.4538
S5,845.0,baseline,0.7144,0.0043,2.8374,35.6415,63.6326
S5,850.0,baseline,0.7121,0.0051,4.4257,35.608,63.447
S5,855.0,baseline,0.7525,0.007,-6.2477,35.557,63.2973
S5,860.0,baseline,0.762,0.0018,2.0641,35.576,63.171
S5,865.0,baseline,0.7634,0.0021,-1.3686,35.559,63.0944
S5,870.0,baseline,0.765,0.0019,0.5873,35.543,63.0972
S5,875.0,baseline,0.7672,0.0024,-1.3142,35.515,63.1204
S5,880.0,baseline,0.7685,0.0015,-0.5637,35.516,63.1147
S5,885.0,baseline,0.7694,0.0024,2.3011,35.494,62.9645
S5,890.0,baseline,0.775,0.002,-0.8063,35.506,63.2315
S5,895.0,baseline,0.7785,0.0025,1.8051,35.493,63.2185
S5,900.0,baseline,0.7804,0.0016,-0.6657,35.465,63.1512
S5,905.0,baseline,0.7817,0.0022,-1.0454,35.459,63.0999
S5,910.0,baseline,0.7832,0.0023,2.302,35.479,63.2639
S5,915.0,baseline,0.7855,0.0017,-1.2929,35.474,63.2911
S5,920.0,baseline,0.7862,0.0021,-1.9054,35.4885,63.297
S5,925.0,baseline,0.7848,0.0026,0.0435,35.4975,63.1989
S5,930.0,baseline,0.7863,0.0022,1.0185,35.506,63.1658
S5,935.0,baseline,0.787,0.0039,-2.0738,35.5045,63.2918
S5,940.0,baseline,0.7664,0.0199,4.4963,35.524,63.1172
S5,945.0,baseline,0.7572,0.0044,-0.8077,35.496,63.3033
S5,950.0,baseline,0.7564,0.0013,-1.526,35.4955,63.4251
S5,955.0,baseline,0.7546,0.0018,0.6878,35.4965,63.4159
S5,960.0,baseline,0.754,0.0022,-0.5308,35.5135,63.0512
S5,965.0,baseline,0.7598,0.0067,-0.5664,35.547,63.0984
S5,970.0,baseline,0.7657,0.0012,0.7731,35.57,63.1825
S5,975.0,baseline,0.7669,0.0057,3.8266,35.597,63.3371
S5,980.0,baseline,0.7708,0.008,-1.2798,35.592,63.2152
S5,985.0,baseline,0.7775,0.0052,-3.8768,35.586,63.1447
S5,990.0,baseline,0.7705,0.0046,1.1949,35.578,63.2772
S5,995.0,baseline,0.7577,0.0027,-0.2498,35.574,63.065
S5,1000.0,baseline,0.7501,0.0023,-0.988,35.552,63.1565
S5,1005.0,baseline,0.7449,0.0021,1.3875,35.5325,63.1375
S5,1010.0,baseline,0.7413,0.0022,-1.2404,35.5135,63.1782
S5,1015.0,baseline,0.7387,0.0019,0.0196,35.5165,63.1707
S5,1020.0,baseline,0.7356,0.0015,-0.2371,35.5115,63.0863
S5,1025.0,baseline,0.7326,0.0019,9.5737,35.5065,63.1546
S5,1030.0,baseline,0.7434,0.0101,8.1044,35.496,63.3935
S5,1035.0,baseline,0.7437,0.0035,-17.785,35.4865,63.2167
S5,1040.0,baseline,0.7474,0.0034,4.0997,35.475,63.3383
S5,1045.0,baseline,0.7416,0.003,-15.6029,35.492,63.29
S5,1050.0,baseline,0.7455,0.0024,16.0251,35.5,63.1473
S5,1055.0,baseline,0.7435,0.0016,2.5967,35.558,63.0245
S5,1060.0,baseline,0.7429,0.0028,-8.6275,35.598,62.9812
S5,1065.0,baseline,0.7426,0.0023,4.8504,35.631,63.0075
S5,1070.0,baseline,0.7446,0.0034,0.1412,35.6475,63.6447
S5,1075.0,baseline,0.7544,0.0055,-5.6664,35.6405,63.5031
S5,1080.0,baseline,0.7531,0.0027,4.8942,35.594,63.4475
S5,1085.0,baseline,0.7696,0.0248,-0.1395,35.575,63.917
S5,1090.0,baseline,0.7888,0.0045,-2.2902,35.549,63.1995
S5,1095.0,baseline,0.7821,0.0029,-0.6335,35.5235,63.1794
S5,1100.0,baseline,0.7776,0.0018,2.8675,35.4765,63.2621
S5,1105.0,baseline,0.7738,0.0028,-0.1085,35.433,63.294
S5,1110.0,baseline,0.7726,0.0015,-1.8094,35.389,63.5159
S5,1115.0,baseline,0.7698,0.0012,1.2305,35.3655,63.5653
S5,1120.0,baseline,0.7651,0.0033,-1.4667,35.3245,63.4252
S5,1125.0,baseline,0.7621,0.0023,-2.4399,35.295,63.4387
S5,1130.0,baseline,0.76,0.0013,4.4506,35.274,63.509
S5,1135.0,baseline,0.7587,0.0022,-0.7617,35.241,63.4297
S5,1140.0,baseline,0.755,0.002,2.7283,35.225,63.2533
S5,1145.0,baseline,0.7516,0.004,-1.6716,35.1955,63.2092
S5,1150.0,baseline,0.7417,0.003,-1.296,35.1715,63.2761
S5,1155.0,baseline,0.734,0.0033,9.7526,35.1625,63.2048
S5,1160.0,baseline,0.7279,0.0026,-12.1087,35.1575,62.9695
S5,1165.0,baseline,0.7231,0.0016,4.7214,35.158,63.1503
S5,1170.0,baseline,0.7195,0.0044,-24.5003,35.148,63.3026
S5,1175.0,baseline,0.7318,0.0042,23.6497,35.1485,63.3696
S5,1180.0,baseline,0.7273,0.0021,2.0159,35.1465,63.3841
S5,1185.0,baseline,0.7225,0.0027,-3.8815,35.139,63.3685
S5,1190.0,baseline,0.7189,0.0017,-0.5959,35.149,63.3459
S5,1195.0,baseline,0.7136,0.003,3.8508,35.13,63.3331
S5,1200.0,baseline,0.7086,0.0022,-1.8714,35.133,63.3407
S5,1205.0,baseline,0.704,0.0027,-1.7818,35.127,63.1911
S5,1210.0,baseline,0.7011,0.0019,1.7296,35.127,63.2496
S5,1215.0,baseline,0.6833,0.0222,0.5702,35.128,63.9068
S5,1220.0,baseline,0.6764,0.0384,-2.0653,35.132,63.384
S5,1225.0,baseline,0.5499,0.0259,1.3107,35.133,63.3751
S5,1230.0,baseline,0.5289,0.0153,-1.8772,35.122,63.4473
S5,1235.0,baseline,0.598,0.0886,19.2984,35.117,63.3602
S5,1240.0,baseline,0.7349,0.0102,-19.981,35.101,63.1567
S5,1245.0,baseline,0.7579,0.0053,2.2032,35.103,63.2034
S5,1250.0,baseline,0.767,0.0027,-1.3515,35.105,63.2246
S5,1255.0,baseline,0.7766,0.0032,1.3235,35.124,63.2003
S5,1260.0,baseline,0.7793,0.0025,-0.4929,35.125,63.2158
S5,1265.0,baseline,0.7823,0.0034,-0.7412,35.132,63.2068
S5,1270.0,baseline,0.7851,0.0017,0.5571,35.14,63.221
S5,1275.0,baseline,0.7852,0.0016,0.0248,35.136,63.2183
S5,1280.0,baseline,0.7864,0.0017,0.3977,35.148,63.236
S5,1285.0,baseline,0.7887,0.0028,0.2155,35.1525,63.2316
S5,1290.0,baseline,0.7895,0.0018,-14.1567,35.163,63.2076
S5,1295.0,baseline,0.7894,0.002,13.4669,35.178,63.2161
S5,1300.0,baseline,0.7912,0.002,0.3451,35.186,63.2202
S5,1305.0,baseline,0.7896,0.0024,-0.7663,35.1995,63.2225
S5,1310.0,baseline,0.7908,0.0018,0.1134,35.218,63.2338
S5,1315.0,baseline,0.7918,0.0025,0.6517,35.244,63.2438
S5,1320.0,baseline,0.7915,0.0015,-0.8369,35.256,63.2391
S5,1325.0,baseline,0.7905,0.0028,-0.4792,35.291,63.2692
S5,1330.0,baseline,0.7899,0.0019,1.9296,35.329,63.3756
S5,1335.0,baseline,0.7877,0.0023,0.6534,35.354,63.3858
S5,1340.0,baseline,0.7871,0.0013,-3.1377,35.379,63.3532
S5,1345.0,baseline,0.785,0.0029,1.268,35.386,63.3759
S5,1350.0,baseline,0.7845,0.0024,-2.0141,35.417,63.3342
S5,1355.0,baseline,0.7853,0.0016,-3.541,35.455,63.295
S5,1360.0,baseline,0.7843,0.0018,6.4176,35.462,63.2509
S5,1365.0,baseline,0.7831,0.0029,0.9998,35.488,63.1389
S5,1370.0,baseline,0.7821,0.0052,-22.7964,35.502,63.4046
S5,1375.0,baseline,0.7694,0.016,30.2408,35.534,63.2143
S5,1380.0,baseline,0.7821,0.0023,-8.2981,35.5255,63.1251
S5,1385.0,baseline,0.7812,0.003,0.4126,35.512,63.2158
S5,1390.0,baseline,0.7788,0.0023,-0.6793,35.4975,62.9807
S5,1395.0,baseline,0.7813,0.0038,-0.0976,35.468,62.9135
S5,1400.0,baseline,0.7791,0.0028,-0.0526,35.445,63.0969
S5,1405.0,baseline,0.7759,0.0027,-0.7297,35.429,63.165
S5,1410.0,baseline,0.7749,0.0021,-0.3658,35.401,62.9396
S5,1415.0,baseline,0.7741,0.0021,0.5161,35.394,62.9825
S5,1420.0,baseline,0.7736,0.0023,-0.1532,35.378,62.9887
S5,1425.0,baseline,0.7809,0.0049,1.3159,35.361,63.0877
S5,1430.0,baseline,0.7786,0.0027,-2.845,35.356,63.0129
S5,1435.0,baseline,0.7774,0.002,2.5387,35.356,62.9809
S5,1440.0,baseline,0.7905,0.0079,-1.3954,35.3385,62.9632
S5,1445.0,baseline,0.7858,0.0038,0.5724,35.332,63.0782
S5,1450.0,baseline,0.7839,0.002,-0.0853,35.3355,63.1498
S5,1455.0,baseline,0.7821,0.0023,1.4287,35.33,63.0825
S5,1460.0,baseline,0.7809,0.0023,-0.9178,35.3325,63.2659
S5,1465.0,baseline,0.7809,0.0022,-1.1024,35.344,63.3387
S5,1470.0,baseline,0.7802,0.0017,-0.0526,35.3755,63.268
S5,1865.0,amusement,1.6758,0.0191,-1.9808,34.469,63.4098
S5,1870.0,amusement,1.641,0.0178,1.4605,34.462,63.4199
S5,1875.0,amusement,1.6026,0.0068,-4.9387,34.455,63.4244
S5,1880.0,amusement,1.573,0.009,5.2406,34.444,63.4271
S5,1885.0,amusement,1.5507,0.0047,7.3882,34.46,63.3894
S5,1890.0,amusement,1.5444,0.0072,-14.6469,34.459,63.1632
S5,1895.0,amusement,1.5225,0.0046,12.7157,34.456,63.1607
S5,1900.0,amusement,1.5028,0.0066,-3.314,34.45,63.1622
S5,1905.0,amusement,1.4889,0.0062,-9.6704,34.441,63.1492
S5,1910.0,amusement,1.4775,0.0056,-3.3531,34.438,63.1481
S5,1915.0,amusement,1.46,0.0076,12.1251,34.434,63.1402
S5,1920.0,amusement,1.4433,0.006,-3.5796,34.434,63.1426
S5,1925.0,amusement,1.4272,0.0035,-3.6191,34.419,63.1272
S5,1930.0,amusement,1.4139,0.0082,2.4376,34.441,63.14
S5,1935.0,amusement,1.4505,0.0689,4.6477,34.43,63.1987
S5,1940.0,amusement,1.5889,0.0225,23.0807,34.43,63.1941
S5,1945.0,amusement,1.5374,0.0214,-16.339,34.435,63.1347
S5,1950.0,amusement,1.4946,0.0095,-1.8032,34.45,63.1472
S5,1955.0,amusement,1.4718,0.0039,-10.2257,34.463,63.1455
S5,1960.0,amusement,1.4524,0.0064,-0.3123,34.458,63.1539
S5,1965.0,amusement,1.4329,0.0055,11.8856,34.457,63.1553
S5,1970.0,amusement,1.4432,0.0169,-8.5134,34.459,63.5409
S5,1975.0,amusement,1.4682,0.0067,-5.5357,34.469,63.4015
S5,1980.0,amusement,1.4419,0.01,0.7559,34.455,63.4449
S5,1985.0,amusement,1.4197,0.0067,2.1353,34.453,63.439
S5,1990.0,amusement,1.3985,0.006,6.1383,34.453,63.4232
S5,1995.0,amusement,1.3822,0.0053,2.4742,34.446,63.4234
S5,2000.0,amusement,1.3697,0.0055,-2.0732,34.439,63.4116
S5,2005.0,amusement,1.3696,0.006,-3.1507,34.455,63.406
S5,2010.0,amusement,1.3555,0.0059,1.9278,34.4715,63.4192
S5,2015.0,amusement,1.3474,0.0097,-6.787,34.4845,63.4192
S5,2020.0,amusement,1.3263,0.0053,4.5429,34.483,63.4186
S5,2025.0,amusement,1.3144,0.0042,-2.2468,34.494,63.4182
S5,2030.0,amusement,1.3348,0.0202,4.4591,34.544,63.4148
S5,2035.0,amusement,1.3241,0.0087,2.3002,34.574,63.4006
S5,2040.0,amusement,1.3085,0.0055,-11.7043,34.599,63.3955
S5,2045.0,amusement,1.2915,0.0051,6.2681,34.616,63.3994
S5,2050.0,amusement,1.2799,0.0039,-0.4652,34.645,63.3949
S5,2055.0,amusement,1.2725,0.004,4.7813,34.67,63.3778
S5,2060.0,amusement,1.2593,0.005,-6.3565,34.722,63.3577
S5,2065.0,amusement,1.2502,0.0038,7.2117,34.747,63.3564
S5,2070.0,amusement,1.2392,0.0038,-10.5333,34.784,63.3538
S5,2075.0,amusement,1.2305,0.003,10.272,34.8205,63.3532
S5,2080.0,amusement,1.2223,0.0024,-7.239,34.8355,63.3455
S5,2085.0,amusement,1.2131,0.0039,5.8092,34.859,63.3487
S5,2090.0,amusement,1.2027,0.0032,-6.5982,34.908,63.3513
S5,2095.0,amusement,1.1963,0.0026,7.3135,34.939,63.3391
S5,2100.0,amusement,1.2388,0.0282,-10.1077,34.963,63.2407
S5,2105.0,amusement,1.2427,0.0163,10.4097,34.9855,63.0375
S5,2110.0,amusement,1.2122,0.005,-5.0068,35.016,63.0387
S5,2115.0,amusement,1.2029,0.0051,0.4986,35.006,63.0434
S5,2120.0,amusement,1.1884,0.0036,-0.5185,35.0035,63.0232
S5,2125.0,amusement,1.1799,0.0033,-0.0555,34.99,63.0212
S5,2130.0,amusement,1.1794,0.0027,3.2807,34.986,63.0103
S5,2135.0,amusement,1.1718,0.0032,-3.7853,34.988,63.0218
S5,2140.0,amusement,1.1632,0.0035,0.8237,34.959,63.0288
S5,2145.0,amusement,1.1549,0.0038,-1.9573,34.949,63.0237
S5,2150.0,amusement,1.1496,0.0023,2.5127,34.946,63.017
S5,2155.0,amusement,1.1574,0.0109,-5.9858,34.946,63.0425
S5,2160.0,amusement,1.1557,0.0053,7.3908,34.941,63.0159
S5,2165.0,amusement,1.1425,0.0025,-1.1701,34.933,63.017
S5,2170.0,amusement,1.139,0.0032,0.5813,34.906,63.0314
S5,2175.0,amusement,1.1324,0.0031,-0.0558,34.906,63.0275
S5,2180.0,amusement,1.1244,0.0033,-0.7146,34.901,63.0288
S5,2185.0,amusement,1.1257,0.0049,2.0221,34.881,63.037
S5,2190.0,amusement,1.1257,0.0045,-1.2614,34.872,63.049
S5,2195.0,amusement,1.1153,0.0019,-0.4618,34.8565,63.0302
S5,2200.0,amusement,1.1092,0.0035,0.8341,34.852,63.0496
S5,2205.0,amusement,1.1015,0.0033,0.6602,34.8465,63.0188
S5,2210.0,amusement,1.0953,0.002,-3.7514,34.8455,63.0254
S5,2215.0,amusement,1.0933,0.0045,4.7234,34.8695,63.0675
S5,2220.0,amusement,1.1142,0.0032,-0.0997,34.895,63.0469
S5,2225.0,amusement,1.0964,0.0042,-5.1464,34.908,63.0594
S5,2230.0,amusement,1.0898,0.0032,2.9499,34.91,63.0221
S5,3605.0,stress,2.3035,0.025,-22.4012,34.16,62.4983
S5,3610.0,stress,2.4836,0.0392,12.6669,34.177,62.5317
S5,3615.0,stress,2.4134,0.036,-0.9105,34.179,62.5547
S5,3620.0,stress,2.4939,0.0833,-9.0713,34.185,62.5342
S5,3625.0,stress,2.466,0.0223,17.6345,34.204,62.579
S5,3630.0,stress,2.4973,0.0315,2.5603,34.2185,62.4462
S5,3635.0,stress,2.4916,0.0189,-8.6723,34.221,62.4095
S5,3640.0,stress,2.5414,0.0554,2.9008,34.222,62.4326
S5,3645.0,stress,2.5798,0.0315,-4.881,34.223,62.4102
S5,3650.0,stress,2.5797,0.0592,-4.154,34.223,62.3772
S5,3655.0,stress,2.6457,0.0394,-12.3455,34.217,62.4404
S5,3660.0,stress,2.7515,0.0918,12.5462,34.222,62.3859
S5,3665.0,stress,2.7399,0.0445,3.9334,34.201,62.397
S5,3670.0,stress,2.734,0.079,-6.5152,34.1965,62.4887
S5,3675.0,stress,2.7342,0.0677,-17.6875,34.167,62.449
S5,3680.0,stress,2.7502,0.0696,24.1087,34.1585,62.4866
S5,3685.0,stress,2.7233,0.0394,11.0063,34.134,62.4894
S5,3690.0,stress,2.7948,0.0326,-2.2342,34.133,62.4899
S5,3695.0,stress,2.7135,0.016,-19.3706,34.114,62.4862
S5,3700.0,stress,2.7447,0.0965,21.274,34.101,62.4343
S5,3705.0,stress,2.8092,0.0472,-24.7064,34.09,62.4789
S5,3710.0,stress,2.8456,0.0652,12.6141,34.086,62.5621
S5,3715.0,stress,2.7653,0.0237,5.2299,34.07,62.5329
S5,3720.0,stress,2.8863,0.1223,-13.1893,34.048,62.4768
S5,3725.0,stress,3.0888,0.0788,0.3003,34.05,62.4717
S5,3730.0,stress,3.0351,0.0574,7.0297,34.045,62.5039
S5,3735.0,stress,3.0703,0.0807,-15.5639,34.0365,62.4532
S5,3740.0,stress,3.0527,0.0273,6.7006,34.016,62.4076
S5,3745.0,stress,3.046,0.0171,6.2418,33.9955,62.4431
S5,3750.0,stress,3.092,0.0971,-10.7074,33.971,62.4842
S5,3755.0,stress,3.2525,0.0513,7.6117,33.938,62.4075
S5,3760.0,stress,3.1575,0.0232,-23.0359,33.908,62.408
S5,3765.0,stress,3.153,0.0306,29.609,33.8915,62.4121
S5,3770.0,stress,3.2354,0.0307,4.6348,33.884,62.4624
S5,3775.0,stress,3.2289,0.082,-8.814,33.8575,62.4669
S5,3780.0,stress,3.2505,0.0554,0.8172,33.8585,62.4145
S5,3785.0,stress,3.2275,0.0194,-3.3973,33.8235,62.4871
S5,3790.0,stress,3.2315,0.0451,14.2506,33.828,62.4227
S5,3795.0,stress,3.5359,0.0624,-11.5694,33.8225,63.2632
S5,3800.0,stress,3.5552,0.0509,-3.2189,33.846,63.0318
S5,3805.0,stress,3.6019,0.0191,4.7894,33.8575,62.9444
S5,3810.0,stress,3.5814,0.0263,8.5707,33.8725,63.0354
S5,3815.0,stress,3.6332,0.051,-18.8431,33.8635,63.03
S5,3820.0,stress,3.6445,0.0511,1.2416,33.867,63.1355
S5,3825.0,stress,3.8451,0.0572,8.5359,33.882,62.993
S5,3830.0,stress,3.8114,0.0382,3.4317,33.882,62.8989
S5,3835.0,stress,3.7934,0.0336,-10.3653,33.886,62.8845
S5,3840.0,stress,3.7935,0.0594,8.9075,33.885,62.849
S5,3845.0,stress,3.7569,0.0373,-2.4893,33.8605,62.8638
S5,3850.0,stress,3.7027,0.0175,0.7352,33.84,62.9004
S5,3855.0,stress,3.7619,0.0309,-1.8545,33.84,62.9428
S5,3860.0,stress,3.7332,0.028,2.7302,33.8355,62.9477
S5,3865.0,stress,3.7289,0.04,-1.1868,33.8285,62.9203
S5,3870.0,stress,3.6948,0.0391,-4.6472,33.8065,62.897
S5,3875.0,stress,3.6909,0.0422,4.0188,33.805,62.9562
S5,3880.0,stress,3.5937,0.0149,1.5397,33.784,62.9152
S5,3885.0,stress,3.5962,0.0172,-0.3052,33.763,62.9654
S5,3890.0,stress,3.5638,0.0267,0.6656,33.749,63.0343
S5,3895.0,stress,3.4962,0.0121,-2.8585,33.75,63.0414
S5,3900.0,stress,3.4472,0.0181,0.9356,33.754,62.9356
S5,3905.0,stress,3.4334,0.0361,-8.3517,33.741,63.2571
S5,3910.0,stress,3.5172,0.032,16.6389,33.725,62.4663
S5,3915.0,stress,3.5042,0.028,-5.9391,33.67,62.5663
S5,3920.0,stress,3.5663,0.082,-2.2874,33.618,62.5226
S5,3925.0,stress,3.5494,0.0509,2.1615,33.623,62.5015
S5,3930.0,stress,3.4699,0.0318,-1.6374,33.638,62.5209
S5,3935.0,stress,3.3956,0.0233,-0.4704,33.642,62.5344
S5,3940.0,stress,3.3672,0.068,-0.0692,33.652,62.5846
S5,3945.0,stress,3.4349,0.0205,0.3084,33.655,62.5396
S5,3950.0,stress,3.4586,0.0318,-0.1996,33.655,62.5248
S5,3955.0,stress,3.5299,0.0229,-0.9871,33.652,62.4626
S5,3960.0,stress,3.5242,0.034,-1.1835,33.642,62.5002
S5,3965.0,stress,3.5382,0.0653,-3.6808,33.65,62.5404
S5,3970.0,stress,3.5372,0.0478,1.9781,33.6585,62.4984
S5,3975.0,stress,3.4687,0.0128,8.9709,33.66,62.5386
S5,3980.0,stress,3.3798,0.107,10.0575,33.673,62.5577
S5,3985.0,stress,3.4211,0.1108,-9.3369,33.671,62.5056
S5,3990.0,stress,3.6666,0.0253,4.1658,33.663,62.4555
S5,3995.0,stress,3.6014,0.0353,-17.8001,33.668,62.5986
S5,4000.0,stress,3.5986,0.0576,8.1318,33.6935,62.6481
S5,4005.0,stress,3.5741,0.0267,-19.4355,33.718,62.6583
S5,4010.0,stress,3.6674,0.0737,29.3024,33.725,62.6838
S5,4015.0,stress,3.6319,0.0169,-8.8238,33.753,62.6273
S5,4020.0,stress,3.4994,0.0374,4.8522,33.764,62.6726
S5,4025.0,stress,3.6241,0.1844,4.3723,33.778,63.0359
S5,4030.0,stress,3.8696,0.0401,-5.5984,33.794,62.4517
S5,4035.0,stress,3.9617,0.0624,-3.442,33.794,62.5499
S5,4040.0,stress,3.9255,0.0301,12.4013,33.759,62.5423
S5,4045.0,stress,3.8987,0.0398,-6.3792,33.727,62.5777
S5,4050.0,stress,3.8998,0.0638,-8.9696,33.754,62.5497
S5,4055.0,stress,3.9119,0.0403,-0.984,33.763,62.4886
S5,4060.0,stress,3.9879,0.0829,1.1806,33.795,62.5731
S5,4065.0,stress,4.0644,0.039,-3.8704,33.803,62.6099
S5,4070.0,stress,3.9391,0.0384,6.7543,33.801,62.4588
S5,4075.0,stress,4.1209,0.0744,3.5033,33.795,62.5757
S5,4080.0,stress,4.0376,0.0133,10.2955,33.8,62.4419
S5,4085.0,stress,4.0491,0.0317,-16.2592,33.774,62.5945
S5,4090.0,stress,4.0411,0.0335,5.9728,33.754,62.5584
S5,4095.0,stress,4.2896,0.1534,10.3806,33.762,62.5013
S5,4100.0,stress,4.4917,0.1875,-6.8109,33.757,62.4694
S5,4105.0,stress,4.2074,0.0262,-9.2535,33.747,62.494
S5,4110.0,stress,4.1252,0.0557,0.5414,33.745,62.5446
S5,4115.0,stress,4.0678,0.0268,2.7378,33.746,62.5721
S5,4120.0,stress,4.0357,0.0583,17.1107,33.737,62.4832
S5,4125.0,stress,4.0962,0.0525,-26.6494,33.726,62.5318
S5,4130.0,stress,4.0476,0.0219,4.6622,33.717,62.4841
S5,4135.0,stress,4.1368,0.0587,-21.3866,33.6965,62.5113
S5,4140.0,stress,4.1448,0.0386,27.2859,33.691,62.5343
S5,4145.0,stress,4.0528,0.0386,-3.2956,33.6905,62.6106
S5,4150.0,stress,4.0907,0.0922,7.6288,33.6915,62.6157
S5,4155.0,stress,4.4267,0.1419,-1.0243,33.662,62.4239
S5,4160.0,stress,4.2838,0.0181,-7.0483,33.6535,62.4171
S5,4165.0,stress,4.2988,0.0622,6.3429,33.652,62.4618
S5,4170.0,stress,4.2452,0.0196,-1.3747,33.658,62.4506
S5,4175.0,stress,4.3795,0.0889,14.2811,33.646,62.3964
S5,4180.0,stress,4.2596,0.0413,2.4998,33.649,62.3848
S5,4185.0,stress,4.2942,0.0173,-25.3144,33.635,62.3316
S5,4190.0,stress,4.2911,0.0302,10.6217,33.646,62.3987
S5,4195.0,stress,4.3382,0.0401,-4.8992,33.633,62.3809
S5,4200.0,stress,4.3258,0.0269,-0.87,33.635,62.4279
S5,4205.0,stress,4.3068,0.0198,3.2992,33.645,62.3727
S5,4210.0,stress,4.2444,0.0258,4.2479,33.649,62.402
S5,4215.0,stress,4.1945,0.0481,-6.9586,33.641,62.4256
S5,4220.0,stress,4.4095,0.0722,4.4853,33.634,62.4723
S5,4225.0,stress,4.3109,0.0392,-5.0096,33.617,62.4994
S5,4230.0,stress,4.2531,0.0134,31.8042,33.618,62.4157
S5,4235.0,stress,4.2496,0.0089,-35.0203,33.61,62.4983
S5,4240.0,stress,4.2518,0.0313,6.1821,33.618,62.4537
S6,645.0,baseline,2.8969,0.0449,0.0413,31.322,63.2212
S6,650.0,baseline,2.7503,0.0386,-0.6038,31.366,63.0894
S6,655.0,baseline,2.6463,0.0448,-1.9832,31.392,63.4811
S6,660.0,baseline,2.518,0.05,0.0195,31.424,64.2182
S6,665.0,baseline,2.4738,0.017,0.603,31.444,64.0178
S6,670.0,baseline,2.4352,0.0229,3.4327,31.452,63.8508
S6,675.0,baseline,2.3584,0.0209,0.8888,31.482,63.8753
S6,680.0,baseline,2.3699,0.0309,-1.8829,31.5,63.4039
S6,685.0,baseline,2.5156,0.1063,0.296,31.516,63.0948
S6,690.0,baseline,2.4342,0.0283,-2.1462,31.538,63.0665
S6,695.0,baseline,2.3696,0.0162,0.7505,31.56,63.3271
S6,700.0,baseline,2.3273,0.0373,-10.3412,31.584,63.3849
S6,705.0,baseline,2.3043,0.0251,11.1593,31.596,62.9871
S6,710.0,baseline,2.2222,0.0239,-2.7287,31.61,63.0119
S6,715.0,baseline,2.1514,0.0186,1.3294,31.616,62.9463
S6,720.0,baseline,2.1107,0.0146,1.1294,31.628,63.1609
S6,725.0,baseline,2.0906,0.0144,-2.1161,31.654,63.066
S6,730.0,baseline,2.0462,0.0206,1.0265,31.664,63.0497
S6,735.0,baseline,1.9849,0.0289,2.31,31.686,63.0145
S6,740.0,baseline,1.908,0.0174,-3.4641,31.692,62.9035
S6,745.0,baseline,1.8472,0.018,0.8324,31.72,62.851
S6,750.0,baseline,1.793,0.0173,-2.9757,31.734,63.1617
S6,755.0,baseline,1.6876,0.0238,2.512,31.766,64.1436
S6,760.0,baseline,1.8394,0.0464,0.4796,31.784,63.1258
S6,765.0,baseline,1.8181,0.0202,-0.4258,31.822,62.9711
S6,770.0,baseline,1.7794,0.0289,-0.1698,31.858,63.0109
S6,775.0,baseline,1.7089,0.019,2.8675,31.876,63.1691
S6,780.0,baseline,1.6448,0.0163,-2.1043,31.9,63.0639
S6,785.0,baseline,1.5868,0.0173,1.9225,31.944,63.1379
S6,790.0,baseline,1.5245,0.0123,-1.1017,31.954,63.1165
S6,795.0,baseline,1.486,0.0113,-0.8258,31.986,63.1221
S6,800.0,baseline,1.4608,0.012,-0.1093,32.0,63.0677
S6,805.0,baseline,1.4192,0.0114,2.7157,32.016,63.084
S6,810.0,baseline,1.3844,0.01,-1.9613,32.04,63.0775
S6,815.0,baseline,1.3805,0.0087,-0.5978,32.068,62.9553
S6,820.0,baseline,1.3453,0.0104,0.9348,32.084,63.0226
S6,825.0,baseline,1.313,0.0111,-5.8558,32.092,63.0268
S6,830.0,baseline,1.2734,0.0109,4.4073,32.086,63.0925
S6,835.0,baseline,1.2377,0.0109,-4.2012,32.092,63.1719
S6,840.0,baseline,1.1978,0.0121,4.0052,32.112,63.0738
S6,845.0,baseline,1.1474,0.0168,1.4633,32.144,63.0923
S6,850.0,baseline,1.1197,0.0095,-0.755,32.157,63.0927
S6,855.0,baseline,1.0838,0.0102,0.3146,32.183,63.2701
S6,860.0,baseline,1.0506,0.0072,-0.6534,32.204,63.2674
S6,865.0,baseline,1.0249,0.0079,0.1887,32.216,63.2084
S6,870.0,baseline,0.9985,0.0071,1.0065,32.244,63.0323
S6,875.0,baseline,1.0026,0.0096,-2.1456,32.256,63.0269
S6,880.0,baseline,0.9835,0.0068,1.7005,32.266,63.047
S6,885.0,baseline,0.9621,0.0056,1.4741,32.276,62.9691
S6,890.0,baseline,0.9418,0.0061,-2.062,32.296,62.9733
S6,895.0,baseline,0.9247,0.0045,0.2255,32.326,62.9874
S6,900.0,baseline,0.9155,0.004,-0.9206,32.352,62.9819
S6,905.0,baseline,0.9014,0.0043,1.1996,32.38,62.9678
S6,910.0,baseline,0.8862,0.0049,-1.0851,32.412,62.9284
S6,915.0,baseline,0.8719,0.0036,1.4801,32.432,62.9852
S6,920.0,baseline,0.8583,0.0044,-1.2404,32.466,62.8907
S6,925.0,baseline,0.8436,0.0043,-0.3635,32.497,62.9518
S6,930.0,baseline,0.8299,0.0043,1.1697,32.498,62.9351
S6,935.0,baseline,0.8178,0.003,-0.4422,32.545,62.8995
S6,940.0,baseline,0.806,0.0036,0.5712,32.572,62.9103
S6,945.0,baseline,0.7938,0.0039,-0.2442,32.62,62.9216
S6,950.0,baseline,0.7801,0.0047,-2.4064,32.641,62.8964
S6,955.0,baseline,0.7676,0.0044,2.271,32.666,62.8814
S6,960.0,baseline,0.754,0.0043,-0.9655,32.711,62.7087
S6,965.0,baseline,0.7398,0.0043,1.7629,32.754,62.7393
S6,970.0,baseline,0.725,0.0047,-1.6936,32.782,62.6707
S6,975.0,baseline,0.7129,0.0037,-0.2061,32.808,62.6463
S6,980.0,baseline,0.7002,0.003,0.1188,32.829,63.0199
S6,985.0,baseline,0.6869,0.0045,0.5391,32.857,63.0318
S6,990.0,baseline,0.6734,0.0033,0.8099,32.896,62.9393
S6,995.0,baseline,0.677,0.0059,0.4009,32.92,62.776
S6,1000.0,baseline,0.6768,0.0032,-0.6365,32.958,62.7725
S6,1005.0,baseline,0.663,0.0039,0.488,32.976,62.8704
S6,1010.0,baseline,0.6509,0.0039,-1.8966,32.998,62.8923
S6,1015.0,baseline,0.6397,0.0035,0.755,33.03,62.8986
S6,1020.0,baseline,0.6314,0.0048,-1.4208,33.058,63.0257
S6,1025.0,baseline,0.6204,0.003,1.3913,33.08,63.1298
S6,1030.0,baseline,0.6082,0.0041,0.4686,33.13,63.1601
S6,1035.0,baseline,0.5963,0.004,0.6677,33.149,63.1567
S6,1040.0,baseline,0.5856,0.0031,-0.0069,33.164,63.2249
S6,1045.0,baseline,0.5745,0.0026,-0.5723,33.205,63.162
S6,1050.0,baseline,0.5668,0.003,0.5209,33.224,63.1503
S6,1055.0,baseline,0.558,0.003,-0.0422,33.254,63.0146
S6,1060.0,baseline,0.5516,0.0022,-2.1099,33.258,62.994
S6,1065.0,baseline,0.5443,0.0035,1.6141,33.28,62.9928
S6,1070.0,baseline,0.5358,0.0037,-0.8182,33.302,62.9377
S6,1075.0,baseline,0.5283,0.0022,1.4108,33.312,62.9855
S6,1080.0,baseline,0.522,0.0018,-0.2454,33.347,63.1177
S6,1085.0,baseline,0.514,0.003,-0.8608,33.343,63.0231
S6,1090.0,baseline,0.5182,0.0038,-0.2553,33.398,63.1535
S6,1095.0,baseline,0.548,0.034,0.2507,33.42,63.1119
S6,1100.0,baseline,0.5743,0.0028,-0.8637,33.44,63.0962
S6,1105.0,baseline,0.5638,0.0025,0.6406,33.483,62.9834
S6,1110.0,baseline,0.555,0.0041,-2.9347,33.504,63.1333
S6,1115.0,baseline,0.5441,0.0042,4.5064,33.535,63.0096
S6,1120.0,baseline,0.5412,0.0051,-2.0664,33.552,63.8454
S6,1125.0,baseline,0.5357,0.0061,1.0793,33.564,63.9083
S6,1130.0,baseline,0.5315,0.0046,-0.0908,33.584,63.0688
S6,1135.0,baseline,0.5235,0.0035,-2.4242,33.598,63.7972
S6,1140.0,baseline,0.5583,0.0188,-0.7717,33.608,63.1997
S6,1145.0,baseline,0.5422,0.0043,2.4012,33.632,63.0716
S6,1150.0,baseline,0.5353,0.0041,0.5348,33.653,63.1301
S6,1155.0,baseline,0.5276,0.0015,2.2728,33.658,63.2827
S6,1160.0,baseline,0.525,0.0045,-1.133,33.666,63.2937
S6,1165.0,baseline,0.5267,0.0015,-0.3317,33.682,63.3422
S6,1170.0,baseline,0.5253,0.0028,-0.7423,33.674,63.4624
S6,1175.0,baseline,0.5201,0.0021,-2.3671,33.676,63.4219
S6,1180.0,baseline,0.5163,0.0013,5.196,33.68,63.3769
S6,1185.0,baseline,0.5118,0.0021,-2.4644,33.675,63.3124
S6,1190.0,baseline,0.5005,0.0062,0.5171,33.692,63.1214
S6,1195.0,baseline,0.4885,0.0034,0.501,33.7,63.1341
S6,1200.0,baseline,0.4836,0.0028,-2.2842,33.73,62.9891
S6,1205.0,baseline,0.4785,0.0125,-3.1442,33.754,63.8495
S6,1210.0,baseline,0.4942,0.0089,5.7455,33.764,63.5997
S6,1215.0,baseline,0.4788,0.0114,-1.0175,33.76,64.2749
S6,1220.0,baseline,0.446,0.0101,-4.1967,33.77,64.2322
S6,1225.0,baseline,0.4739,0.0298,2.7587,33.814,63.6175
S6,1230.0,baseline,0.4681,0.0045,1.2006,33.83,63.0099
S6,1235.0,baseline,0.4588,0.0023,0.3803,33.862,63.0289
S6,1240.0,baseline,0.449,0.0057,-1.4604,33.886,63.0567
S6,1245.0,baseline,0.4347,0.0034,1.1153,33.882,62.9924
S6,1250.0,baseline,0.4267,0.0021,0.4365,33.89,62.9882
S6,1255.0,baseline,0.4207,0.0012,-0.7518,33.9,62.991
S6,1260.0,baseline,0.4155,0.0023,-0.5984,33.908,62.9979
S6,1265.0,baseline,0.4102,0.0014,0.518,33.91,62.9635
S6,1270.0,baseline,0.41,0.0037,0.9289,33.902,63.2009
S6,1275.0,baseline,0.4065,0.0024,-0.4941,33.906,63.3218
S6,1280.0,baseline,0.4031,0.0023,-5.4115,33.884,63.1818
S6,1285.0,baseline,0.3968,0.0023,5.6666,33.88,63.1471
S6,1290.0,baseline,0.3906,0.0028,-2.9545,33.872,63.1745
S6,1295.0,baseline,0.3866,0.0022,2.8836,33.861,63.1395
S6,1300.0,baseline,0.3827,0.0015,-0.2395,33.865,63.1993
S6,1305.0,baseline,0.3899,0.0096,-1.5695,33.868,63.2335
S6,1310.0,baseline,0.3964,0.0055,1.5262,33.858,63.2899
S6,1315.0,baseline,0.3891,0.0012,-1.8678,33.84,63.2525
S6,1320.0,baseline,0.3912,0.0029,9.2732,33.834,63.2111
S6,1325.0,baseline,0.3838,0.0014,-8.9067,33.837,63.2401
S6,1330.0,baseline,0.3782,0.0027,2.9022,33.833,63.3151
S6,1335.0,baseline,0.3756,0.0016,-2.5377,33.83,63.3337
S6,1340.0,baseline,0.376,0.004,3.6079,33.837,63.4687
S6,1345.0,baseline,0.407,0.0281,-12.9484,33.856,64.4368
S6,1350.0,baseline,0.3824,0.0061,5.9557,33.867,63.213
S6,1355.0,baseline,0.3999,0.0207,-6.3433,33.896,63.4445
S6,1360.0,baseline,0.4163,0.0073,13.3178,33.914,63.0526
S6,1365.0,baseline,0.4022,0.0051,-2.3925,33.926,63.7316
S6,1370.0,baseline,0.3944,0.014,-0.018,33.944,63.1629
S6,1375.0,baseline,0.3763,0.0025,0.9384,33.97,62.9783
S6,1380.0,baseline,0.3699,0.0019,-0.4242,33.958,62.8537
S6,1385.0,baseline,0.3668,0.002,-0.4814,33.974,62.9524
S6,1390.0,baseline,0.3669,0.0035,0.5878,33.98,62.8369
S6,1395.0,baseline,0.3647,0.0039,0.9597,33.986,62.9295
S6,1400.0,baseline,0.3699,0.0046,-3.7762,33.996,63.9812
S6,1405.0,baseline,0.3703,0.0073,0.3058,34.013,63.4282
S6,1410.0,baseline,0.3686,0.0062,-3.3623,34.015,63.3076
S6,1415.0,baseline,0.3586,0.0041,4.941,34.034,63.2566
S6,1420.0,baseline,0.3535,0.001,0.2019,34.038,63.0151
S6,1425.0,baseline,0.35,0.0024,-0.2183,34.04,63.1471
S6,1430.0,baseline,0.3461,0.0014,0.7031,34.042,63.0788
S6,1435.0,baseline,0.3405,0.0023,-0.1655,34.044,63.1153
S6,1440.0,baseline,0.335,0.0019,-0.5152,34.031,63.1752
S6,1445.0,baseline,0.3286,0.0018,0.635,34.03,62.9723
S6,1450.0,baseline,0.325,0.0031,-0.5292,34.035,62.9731
S6,1455.0,baseline,0.322,0.0014,0.4974,34.042,63.165
S6,1460.0,baseline,0.3203,0.0011,1.2808,34.034,63.1315
S6,1465.0,baseline,0.3168,0.001,-2.1743,34.028,62.9714
S6,1470.0,baseline,0.3135,0.0019,0.0564,34.036,63.0205
S6,1475.0,baseline,0.3128,0.0009,1.0686,34.034,63.107
S6,1480.0,baseline,0.3107,0.0018,-0.2538,34.031,63.0248
S6,1485.0,baseline,0.3087,0.0015,-0.8393,34.015,63.0253
S6,1490.0,baseline,0.307,0.0014,0.2672,34.019,63.1482
S6,1495.0,baseline,0.3048,0.0009,-0.2167,34.017,63.096
S6,1500.0,baseline,0.3026,0.002,0.0974,34.002,63.0316
S6,1505.0,baseline,0.3027,0.0024,0.2002,34.008,63.2482
S6,1510.0,baseline,0.305,0.0016,-1.1762,34.015,63.0344
S6,1515.0,baseline,0.3009,0.0039,3.6509,34.015,63.3686
S6,1520.0,baseline,0.291,0.0052,-4.128,34.008,63.5458
S6,1525.0,baseline,0.279,0.0028,1.5141,34.003,63.1728
S6,1530.0,baseline,0.273,0.0025,-2.2734,34.015,63.1647
S6,1535.0,baseline,0.2674,0.0022,3.5631,34.019,63.0966
S6,1540.0,baseline,0.2615,0.002,-0.616,34.021,63.1568
S6,1545.0,baseline,0.2575,0.0016,0.2133,34.011,63.1807
S6,1550.0,baseline,0.2546,0.002,-1.1798,34.004,63.1534
S6,1555.0,baseline,0.251,0.0014,0.6938,34.004,63.0669
S6,1560.0,baseline,0.2496,0.0017,0.082,34.006,63.0567
S6,1565.0,baseline,0.2467,0.0015,-1.0304,34.009,63.1735
S6,1570.0,baseline,0.2448,0.0011,0.4306,34.004,63.1471
S6,1575.0,baseline,0.2428,0.0012,0.2614,34.019,63.1274
S6,1580.0,baseline,0.2426,0.0016,0.0542,34.012,63.1288
S6,1585.0,baseline,0.2429,0.0013,-0.1658,34.018,63.2311
S6,1590.0,baseline,0.2401,0.0017,1.255,34.006,63.1254
S6,1595.0,baseline,0.2377,0.0019,-1.8526,34.001,63.0995
S6,1600.0,baseline,0.2355,0.0009,0.6637,33.988,63.1396
S6,1605.0,baseline,0.2336,0.0012,0.6831,33.996,63.3606
S6,1610.0,baseline,0.2366,0.0024,-1.682,33.984,63.4634
S6,1615.0,baseline,0.235,0.0009,1.0374,33.978,63.2584
S6,1620.0,baseline,0.2344,0.0011,0.6982,33.982,63.2042
S6,1625.0,baseline,0.2341,0.0012,-1.5334,33.984,63.2433
S6,1630.0,baseline,0.2337,0.0018,0.5887,33.974,63.3589
S6,1635.0,baseline,0.2335,0.0007,0.4242,33.96,63.0891
S6,1640.0,baseline,0.234,0.0011,0.5856,33.962,63.0666
S6,1645.0,baseline,0.2344,0.0014,-1.1252,33.954,63.2112
S6,1650.0,baseline,0.2334,0.0026,0.3343,33.95,63.2231
S6,1655.0,baseline,0.2337,0.0015,-0.3442,33.962,63.3905
S6,1660.0,baseline,0.2314,0.0012,0.1142,33.946,63.222
S6,1665.0,baseline,0.2293,0.0009,0.2872,33.954,63.134
S6,1670.0,baseline,0.2274,0.0014,0.4026,33.954,63.2907
S6,1675.0,baseline,0.2271,0.0012,-0.7046,33.948,63.3178
S6,1680.0,baseline,0.2261,0.0009,0.3567,33.958,63.2509
S6,1685.0,baseline,0.2234,0.0012,0.0137,33.948,63.4072
S6,1690.0,baseline,0.223,0.0012,-0.5995,33.944,63.2795
S6,1695.0,baseline,0.2224,0.0009,0.3528,33.944,63.1011
S6,1700.0,baseline,0.2196,0.002,5.1734,33.946,63.2382
S6,1705.0,baseline,0.2173,0.0023,-5.6976,33.956,63.2184
S6,1710.0,baseline,0.2166,0.0013,1.0494,33.94,63.1625
S6,1715.0,baseline,0.2145,0.0015,-2.2834,33.946,63.1994
S6,1720.0,baseline,0.214,0.001,2.0074,33.954,63.1806
S6,1725.0,baseline,0.2121,0.0023,-0.4728,33.958,63.0358
S6,1730.0,baseline,0.2112,0.0015,0.7199,33.948,63.1345
S6,1735.0,baseline,0.2097,0.001,-0.5221,33.965,63.039
S6,1740.0,baseline,0.2078,0.0013,0.8122,33.969,63.069
S6,1745.0,baseline,0.2087,0.0009,-5.9355,33.984,63.2186
S6,1750.0,baseline,0.2073,0.0024,5.2165,33.984,63.1847
S6,1755.0,baseline,0.2067,0.0015,4.2611,33.996,63.0766
S6,1760.0,baseline,0.2186,0.0058,1.5586,34.002,63.4564
S6,1765.0,baseline,0.2225,0.001,-8.8903,34.026,63.4538
S6,1770.0,baseline,0.223,0.0031,0.5802,34.034,63.5865
S6,1775.0,baseline,0.2176,0.0014,4.6734,34.048,62.9886
S6,1780.0,baseline,0.2154,0.0011,-2.0628,34.08,62.9636
S6,1785.0,baseline,0.213,0.0012,-0.0295,34.088,62.9635
S6,1790.0,baseline,0.2112,0.001,-0.6234,34.1,62.9714
S6,1795.0,baseline,0.2128,0.0011,-0.1216,34.114,62.9276
S6,1800.0,baseline,0.2119,0.001,1.2447,34.134,62.8744
S6,1805.0,baseline,0.2119,0.002,-2.6587,34.134,62.9911
S6,1810.0,baseline,0.21,0.0017,2.1248,34.144,63.0261
S6,1815.0,baseline,0.2108,0.002,-1.3429,34.153,63.0924
S6,1820.0,baseline,0.2137,0.002,2.4644,34.164,63.1257
S6,2440.0,stress,8.5185,0.2642,-1.7348,33.496,63.2312
S6,2445.0,stress,8.45,0.1204,0.5132,33.489,63.0888
S6,2450.0,stress,8.4195,0.1435,1.1769,33.474,63.1072
S6,2455.0,stress,8.5225,0.184,-0.4289,33.472,63.1751
S6,2460.0,stress,8.3853,0.0456,1.2056,33.466,63.0796
S6,2465.0,stress,8.2726,0.0944,-2.2138,33.462,63.1601
S6,2470.0,stress,8.3348,0.0451,0.5297,33.456,63.0758
S6,2475.0,stress,8.3879,0.1847,0.1902,33.458,63.3787
S6,2480.0,stress,8.2639,0.1011,0.7637,33.434,62.4416
S6,2485.0,stress,8.1163,0.0525,-0.5582,33.424,62.6609
S6,2490.0,stress,8.0799,0.1484,-1.8936,33.42,62.8487
S6,2495.0,stress,8.2014,0.0654,2.7814,33.41,62.4765
S6,2500.0,stress,8.0149,0.248,0.1948,33.41,62.9423
S6,2505.0,stress,7.5652,0.124,-1.1446,33.402,63.2601
S6,2510.0,stress,7.7865,0.2977,-4.3793,33.37,63.3557
S6,2515.0,stress,8.7418,0.1154,6.5522,33.353,63.2614
S6,2520.0,stress,8.6254,0.2873,9.7299,33.331,62.8117
S6,2525.0,stress,8.8592,0.1914,-14.5838,33.326,62.6707
S6,2530.0,stress,8.7896,0.1184,8.5115,33.318,62.6495
S6,2535.0,stress,9.0539,0.1317,-6.9561,33.312,63.016
S6,2540.0,stress,9.2041,0.0638,1.6269,33.306,62.8797
S6,2545.0,stress,9.2272,0.1128,-2.9116,33.302,63.017
S6,2550.0,stress,8.9871,0.1639,3.7276,33.292,63.4188
S6,2555.0,stress,9.0936,0.3426,3.8473,33.278,63.5309
S6,2560.0,stress,8.6149,0.1821,-2.5442,33.272,62.6421
S6,2565.0,stress,9.0273,0.1161,-3.3526,33.248,62.6721
S6,2570.0,stress,9.0588,0.4733,20.397,33.254,62.7152
S6,2575.0,stress,9.2194,0.2623,-12.503,33.242,62.8159
S6,2580.0,stress,8.9882,0.1299,-3.5489,33.232,63.1188
S6,2585.0,stress,8.8815,0.0443,-3.2854,33.228,62.9578
S6,2590.0,stress,8.8648,0.0452,-1.3275,33.205,62.9303
S6,2595.0,stress,9.1034,0.2249,0.7364,33.192,63.1131
S6,2600.0,stress,9.1565,0.0785,0.2922,33.174,63.1105
S6,2605.0,stress,9.2362,0.1821,2.0295,33.184,63.3135
S6,2610.0,stress,9.1137,0.1553,-2.051,33.156,63.2282
S6,2615.0,stress,9.2984,0.0868,-0.2937,33.163,62.8486
S6,2620.0,stress,9.3459,0.1542,-1.4703,33.146,63.0511
S6,2625.0,stress,9.245,0.1409,3.296,33.142,63.3322
S6,2630.0,stress,9.1272,0.04,-0.1351,33.124,62.9525
S6,2635.0,stress,9.0607,0.1291,-0.8227,33.114,62.8579
S6,2640.0,stress,9.0788,0.143,-2.7643,33.112,63.6462
S6,2645.0,stress,9.3495,0.0555,3.9056,33.102,63.1865
S6,2650.0,stress,9.5123,0.1701,-2.0783,33.102,63.2627
S6,2655.0,stress,9.3093,0.0749,1.8132,33.072,63.2429
S6,2660.0,stress,9.1746,0.0783,-1.1978,33.076,63.2216
S6,2665.0,stress,9.2207,0.0569,0.7119,33.08,63.3311
S6,2670.0,stress,9.0637,0.2373,8.9349,33.078,63.287
S6,2675.0,stress,8.952,0.2371,-13.13,33.056,63.2136
S6,2680.0,stress,8.9692,0.0592,3.9712,33.037,63.105
S6,2685.0,stress,8.8999,0.0655,-1.083,33.043,63.1303
S6,2690.0,stress,8.8408,0.0407,0.7443,33.034,63.158
S6,2695.0,stress,8.929,0.1792,1.3764,33.014,63.1667
S6,2700.0,stress,8.9654,0.145,-1.7535,33.013,63.0547
S6,2705.0,stress,8.8078,0.0329,-0.0672,32.989,63.0913
S6,2710.0,stress,8.6831,0.1623,-0.7009,32.991,63.2625
S6,2715.0,stress,8.9391,0.2883,-1.3627,32.999,63.2818
S6,2720.0,stress,8.9644,0.1335,1.2873,32.98,63.1201
S6,2725.0,stress,8.8519,0.1682,7.5951,32.979,63.3985
S6,2730.0,stress,8.911,0.2882,-6.4146,32.987,63.416
S6,2735.0,stress,9.241,0.1812,-3.0454,32.976,62.8842
S6,2740.0,stress,9.392,0.1776,3.97,32.966,63.1617
S6,2745.0,stress,9.2415,0.0629,0.5529,32.95,63.0811
S6,2750.0,stress,9.1175,0.0517,-0.8326,32.944,63.001
S6,2755.0,stress,9.0883,0.0446,0.5276,32.924,62.9141
S6,2760.0,stress,9.0535,0.0413,-0.5666,32.922,62.8408
S6,2765.0,stress,9.0757,0.0427,-1.3537,32.904,62.8888
S6,2770.0,stress,9.0747,0.0452,-1.5547,32.89,62.8824
S6,2775.0,stress,9.0108,0.0561,1.4765,32.886,62.9302
S6,2780.0,stress,8.9518,0.0249,1.0196,32.867,62.9917
S6,2785.0,stress,8.8576,0.0551,1.0841,32.849,63.0058
S6,2790.0,stress,8.8441,0.0778,-2.2396,32.849,62.8982
S6,2795.0,stress,8.9418,0.0531,-0.1396,32.844,62.9585
S6,2800.0,stress,8.9616,0.0549,-0.3571,32.837,62.9628
S6,2805.0,stress,8.9936,0.0814,-1.1543,32.829,62.9838
S6,2810.0,stress,8.9149,0.0617,3.3961,32.829,62.8889
S6,2815.0,stress,8.881,0.0889,-1.5122,32.82,62.921
S6,2820.0,stress,8.5899,0.051,1.2641,32.818,62.9212
S6,2825.0,stress,8.7164,0.1126,-0.865,32.81,62.9607
S6,2830.0,stress,8.6939,0.1053,-2.595,32.798,62.9107
S6,2835.0,stress,8.5063,0.0225,2.7226,32.778,62.85
S6,2840.0,stress,8.4988,0.0314,0.3097,32.776,62.8476
S6,2845.0,stress,8.5355,0.0501,-1.1649,32.776,62.8697
S6,2850.0,stress,8.6729,0.1192,0.3573,32.772,62.914
S6,2855.0,stress,8.4968,0.1036,-1.3285,32.772,62.9166
S6,2860.0,stress,8.7368,0.0747,1.9897,32.76,63.0938
S6,2865.0,stress,8.6277,0.0395,-4.0391,32.756,63.1625
S6,2870.0,stress,8.4937,0.0445,3.7715,32.742,63.035
S6,2875.0,stress,8.6136,0.0498,-1.6623,32.746,63.0591
S6,2880.0,stress,8.6168,0.147,4.428,32.736,63.0417
S6,2885.0,stress,8.9618,0.2469,-1.2803,32.732,62.8417
S6,2890.0,stress,9.1049,0.2413,-2.2694,32.718,62.9335
S6,2895.0,stress,8.7853,0.0261,1.6543,32.726,62.7858
S6,2900.0,stress,8.7451,0.0433,-1.8241,32.713,62.861
S6,2905.0,stress,8.8666,0.146,0.5346,32.694,62.7901
S6,2910.0,stress,8.7595,0.0997,1.0419,32.672,62.9023
S6,2915.0,stress,8.7224,0.2928,-0.658,32.666,62.7824
S6,2920.0,stress,8.7789,0.2217,0.175,32.666,62.6254
S6,2925.0,stress,8.5467,0.0132,-0.1365,32.658,62.5636
S6,2930.0,stress,8.665,0.1228,-4.7392,32.649,62.8426
S6,2935.0,stress,9.004,0.2312,8.4944,32.652,63.0356
S6,2940.0,stress,8.9172,0.0901,-7.6401,32.65,62.9464
S6,2945.0,stress,8.8819,0.0921,5.0386,32.616,62.7323
S6,2950.0,stress,8.6689,0.0338,-2.2321,32.62,62.7998
S6,2955.0,stress,8.9067,0.0925,0.2502,32.594,62.8541
S6,2960.0,stress,8.9249,0.0922,0.1523,32.582,63.0485
S6,2965.0,stress,8.9584,0.15,1.9316,32.58,63.0035
S6,2970.0,stress,8.9631,0.1418,-4.0842,32.574,62.983
S6,2975.0,stress,8.9481,0.1754,2.2426,32.564,62.9501
S6,2980.0,stress,8.9772,0.0908,2.0777,32.544,62.9775
S6,2985.0,stress,8.8234,0.0873,-2.8231,32.536,63.0566
S6,2990.0,stress,8.5401,0.1461,2.3046,32.548,63.0451
S6,2995.0,stress,8.5279,0.0443,-2.0201,32.531,62.8631
S6,3000.0,stress,8.4129,0.1496,7.8196,32.504,62.9688
S6,3005.0,stress,8.3045,0.1367,-7.8764,32.498,62.8092
S6,3010.0,stress,8.5084,0.0661,2.9922,32.493,62.865
S6,3015.0,stress,8.5262,0.0419,0.1113,32.473,63.0381
S6,3020.0,stress,8.6286,0.0755,-2.2232,32.465,62.8743
S6,3025.0,stress,8.4261,0.0534,0.0582,32.464,62.8764
S6,3030.0,stress,8.3268,0.0538,-0.1321,32.452,62.9487
S6,3035.0,stress,8.2641,0.0172,-2.0029,32.438,62.8856
S6,3040.0,stress,8.2132,0.03,1.5394,32.442,62.9016
S6,3045.0,stress,8.1926,0.0478,-0.1726,32.424,62.8612
S6,3050.0,stress,8.0716,0.0481,1.2756,32.424,62.8724
S6,3055.0,stress,7.8728,0.1048,-0.4774,32.416,63.1201
S6,3060.0,stress,7.9179,0.0496,0.3676,32.414,62.8968
S6,3065.0,stress,7.816,0.015,3.0465,32.404,62.9164
S6,3070.0,stress,7.8145,0.0408,-2.6399,32.39,62.8477
S6,3075.0,stress,7.7811,0.0522,-0.451,32.382,62.9321
S6,3080.0,stress,7.8291,0.0427,0.3126,32.38,62.9462
S6,3085.0,stress,7.8722,0.0758,1.5682,32.352,63.1852
S6,5550.0,amusement,2.2891,0.0122,-1.1492,32.402,62.7001
S6,5555.0,amusement,2.2518,0.0141,0.8356,32.406,62.701
S6,5560.0,amusement,2.369,0.086,0.9519,32.42,62.7335
S6,5565.0,amusement,2.3546,0.0384,-0.6938,32.422,62.655
S6,5570.0,amusement,2.2508,0.0232,-0.0323,32.416,62.615
S6,5575.0,amusement,2.1947,0.0123,0.0253,32.428,62.6014
S6,5580.0,amusement,2.148,0.0147,-0.4722,32.43,62.5184
S6,5585.0,amusement,2.1022,0.012,0.164,32.426,62.4248
S6,5590.0,amusement,2.0597,0.0129,0.19,32.434,62.4589
S6,5595.0,amusement,2.0278,0.0071,-0.0787,32.426,62.4148
S6,5600.0,amusement,1.9937,0.0123,0.1913,32.426,62.3741
S6,5605.0,amusement,1.9706,0.0081,0.124,32.416,62.4511
S6,5610.0,amusement,1.9405,0.0089,0.0398,32.418,62.6607
S6,5615.0,amusement,1.9116,0.0057,-0.5039,32.416,62.6821
S6,5620.0,amusement,1.9023,0.0055,-0.0937,32.4,62.6702
S6,5625.0,amusement,1.8754,0.0584,3.7637,32.408,63.8687
S6,5630.0,amusement,1.9884,0.0141,-3.6043,32.402,64.7386
S6,5635.0,amusement,2.0131,0.0527,0.7394,32.402,64.3511
S6,5640.0,amusement,2.1557,0.0331,3.13,32.39,63.4279
S6,5645.0,amusement,2.1668,0.0038,-4.1413,32.386,62.4845
S6,5650.0,amusement,2.1595,0.0072,-0.4869,32.402,62.5016
S6,5655.0,amusement,2.1496,0.0136,1.6653,32.412,62.6748
S6,5660.0,amusement,2.134,0.0188,-0.2602,32.402,62.7161
S6,5665.0,amusement,2.1292,0.0175,-0.6998,32.412,62.6528
S6,5670.0,amusement,2.0846,0.0099,0.3756,32.398,62.6402
S6,5675.0,amusement,2.0514,0.0091,0.4301,32.39,62.6385
S6,5680.0,amusement,2.0706,0.0251,-0.9458,32.392,62.7273
S6,5685.0,amusement,2.045,0.0118,-0.6358,32.384,62.7423
S6,5690.0,amusement,2.0593,0.0281,-0.2568,32.378,62.7459
S6,5695.0,amusement,2.0432,0.0131,0.3741,32.372,62.8747
S6,5700.0,amusement,2.0166,0.0075,0.5624,32.384,62.9094
S6,5705.0,amusement,1.9955,0.0061,0.4421,32.37,62.7743
S6,5710.0,amusement,1.9791,0.0063,-0.4128,32.376,62.8849
S6,5715.0,amusement,1.973,0.0197,0.0061,32.363,62.8099
S6,5720.0,amusement,2.1821,0.0467,1.5638,32.34,62.6532
S6,5725.0,amusement,2.1409,0.0197,-0.3104,32.349,62.5983
S6,5730.0,amusement,2.0756,0.0155,-1.2725,32.344,62.6205
S6,5735.0,amusement,2.0402,0.0063,1.2662,32.339,62.5805
S6,5740.0,amusement,2.0219,0.0062,-0.9492,32.338,62.6516
S6,5745.0,amusement,1.9999,0.0092,1.0816,32.337,62.7497
S6,5750.0,amusement,1.9887,0.009,-1.5764,32.33,62.7109
S6,5755.0,amusement,1.9772,0.0043,-0.9716,32.333,62.589
S6,5760.0,amusement,1.9841,0.0102,1.4587,32.335,62.5206
S6,5765.0,amusement,2.0189,0.0232,-0.3367,32.333,62.4696
S6,5770.0,amusement,1.9785,0.0131,0.824,32.327,62.4157
S6,5775.0,amusement,1.9476,0.0055,-0.4162,32.322,62.4581
S6,5780.0,amusement,1.9361,0.0029,-0.0287,32.326,62.544
S6,5785.0,amusement,1.9273,0.0053,-0.2666,32.32,62.4453
S6,5790.0,amusement,1.7308,0.1055,-1.6617,32.31,64.6675
S6,5795.0,amusement,1.687,0.0422,-0.7808,32.314,63.3389
S6,5800.0,amusement,1.7611,0.0243,1.3938,32.318,62.6021
S6,5805.0,amusement,1.8165,0.009,4.1549,32.31,62.5701
S6,5810.0,amusement,1.8111,0.0349,2.893,32.332,62.6428
S6,5815.0,amusement,1.7414,0.0094,-7.1567,32.329,62.5771
S6,5820.0,amusement,1.8169,0.0337,1.6983,32.338,62.7191
S6,5825.0,amusement,1.8311,0.0028,-0.6486,32.337,62.7005
S6,5830.0,amusement,1.8151,0.0085,-0.9753,32.337,62.6454
S6,5835.0,amusement,1.8167,0.0166,0.034,32.337,62.5181
S6,5840.0,amusement,1.8,0.0106,2.6523,32.339,62.7392
S6,5845.0,amusement,1.7696,0.0063,-1.4907,32.345,62.6766
S6,5850.0,amusement,1.7435,0.0126,0.7848,32.346,62.6512
S6,5855.0,amusement,1.7328,0.0087,-0.8376,32.349,62.8605
S6,5860.0,amusement,1.7124,0.0047,0.5292,32.338,62.8929
S6,5865.0,amusement,1.6964,0.0053,-0.3854,32.34,62.6789
S6,5870.0,amusement,1.6853,0.0047,-0.3567,32.337,62.7839
S6,5875.0,amusement,1.6762,0.0068,0.596,32.343,62.7046
S6,5880.0,amusement,1.6529,0.0053,-0.3883,32.338,62.862
S6,5885.0,amusement,1.6389,0.0042,0.012,32.344,62.8765
S6,5890.0,amusement,1.6221,0.0045,-0.5906,32.324,62.8226
S6,5895.0,amusement,1.6085,0.004,0.4929,32.344,62.8156
S6,5900.0,amusement,1.5714,0.0403,-0.4533,32.331,62.9617
S6,5905.0,amusement,1.4862,0.0374,2.9163,32.339,64.1091
S6,5910.0,amusement,1.4411,0.0531,-3.0643,32.334,64.5236
S6,5915.0,amusement,1.3468,0.0136,-0.3404,32.349,64.2673
S6,5920.0,amusement,1.3367,0.0036,-0.1609,32.357,64.0861
S7,100.0,baseline,6.0643,0.0727,0.7517,33.098,62.8518
S7,105.0,baseline,6.1447,0.0629,-6.9084,33.09,63.0695
S7,110.0,baseline,6.2699,0.0766,9.6638,33.082,62.9242
S7,115.0,baseline,6.0045,0.0659,-7.0023,33.078,63.2416
S7,120.0,baseline,5.9126,0.0548,2.0641,33.07,62.8471
S7,125.0,baseline,5.8177,0.04,0.5928,33.046,63.0016
S7,130.0,baseline,5.8109,0.0695,1.8274,33.042,62.8068
S7,135.0,baseline,5.9178,0.0193,-1.6107,33.024,62.9956
S7,140.0,baseline,5.8375,0.0226,-0.5152,33.012,63.0177
S7,145.0,baseline,5.7804,0.0153,0.9555,33.028,63.0221
S7,150.0,baseline,5.6863,0.1194,-1.6752,32.994,62.9731
S7,155.0,baseline,5.426,0.0292,1.6174,32.978,62.8191
S7,160.0,baseline,5.5859,0.0903,-1.2919,32.99,63.0562
S7,165.0,baseline,5.5596,0.0297,0.2713,32.986,63.0888
S7,170.0,baseline,5.6154,0.0886,1.0934,32.978,63.1615
S7,175.0,baseline,5.6029,0.0357,0.8578,32.97,62.7595
S7,180.0,baseline,5.5074,0.0169,-0.5592,32.958,62.7279
S7,185.0,baseline,5.4715,0.0114,-0.8339,32.954,62.6897
S7,190.0,baseline,5.4338,0.0121,0.076,32.958,62.6544
S7,195.0,baseline,5.4024,0.0083,0.6102,32.958,62.7638
S7,200.0,baseline,5.3692,0.0099,-0.0652,32.982,63.0441
S7,205.0,baseline,5.3478,0.01,-0.4003,32.99,62.9805
S7,210.0,baseline,5.3267,0.009,-0.4451,33.004,62.8708
S7,215.0,baseline,5.3139,0.0167,0.0057,33.036,62.8644
S7,220.0,baseline,5.2751,0.0091,-0.451,33.058,62.9819
S7,225.0,baseline,5.2833,0.0158,0.9544,33.102,62.8876
S7,230.0,baseline,5.2943,0.0109,-0.7126,33.136,62.9868
S7,235.0,baseline,5.2632,0.0106,0.7924,33.152,62.8573
S7,240.0,baseline,5.231,0.0094,-0.4002,33.154,62.9582
S7,245.0,baseline,5.2303,0.0071,0.6102,33.166,62.9474
S7,250.0,baseline,5.1965,0.0567,0.2188,33.19,62.8062
S7,255.0,baseline,4.9243,0.0271,0.1911,33.23,62.709
S7,260.0,baseline,4.8523,0.0161,-0.4109,33.278,62.6355
S7,265.0,baseline,4.8051,0.0182,-1.1137,33.366,62.5019
S7,270.0,baseline,4.7686,0.0072,1.0898,33.434,62.5144
S7,275.0,baseline,4.7339,0.0102,-0.7389,33.468,62.6051
S7,280.0,baseline,4.6942,0.0122,0.2512,33.518,62.5923
S7,285.0,baseline,4.662,0.0097,0.2645,33.582,62.5348
S7,290.0,baseline,4.6351,0.0071,-0.6622,33.614,62.5815
S7,295.0,baseline,4.6024,0.0167,0.575,33.648,62.626
S7,300.0,baseline,4.5852,0.0087,-1.313,33.676,62.5966
S7,305.0,baseline,4.5749,0.0046,0.5746,33.69,62.7055
S7,310.0,baseline,4.552,0.0064,0.5201,33.726,62.7431
S7,315.0,baseline,4.5334,0.0072,0.3956,33.738,62.6989
S7,320.0,baseline,4.5097,0.008,-0.7479,33.754,62.5851
S7,325.0,baseline,4.4989,0.0253,0.1279,33.794,62.7827
S7,330.0,baseline,4.6764,0.0651,0.5234,33.81,63.1443
S7,335.0,baseline,4.7578,0.0084,0.7488,33.806,63.1755
S7,340.0,baseline,4.7893,0.0131,-0.5391,33.766,63.1768
S7,345.0,baseline,4.8762,0.0251,-0.2125,33.75,62.9362
S7,350.0,baseline,4.8992,0.0058,-0.5113,33.746,63.1393
S7,355.0,baseline,4.9115,0.0031,-0.1116,33.786,63.0717
S7,360.0,baseline,4.9142,0.0088,-0.1064,33.824,63.031
S7,365.0,baseline,4.9303,0.0085,0.2766,33.882,62.8923
S7,370.0,baseline,4.9742,0.009,0.0932,33.918,62.7832
S7,375.0,baseline,4.976,0.0069,0.381,33.934,62.9539
S7,380.0,baseline,4.9679,0.0091,-0.6512,33.962,62.9736
S7,385.0,baseline,4.9745,0.0035,0.2433,33.994,62.9799
S7,390.0,baseline,4.9749,0.0045,0.1113,34.032,62.99
S7,395.0,baseline,4.953,0.0347,-0.8403,34.078,63.0631
S7,400.0,baseline,4.9038,0.0103,2.7555,34.098,63.1088
S7,405.0,baseline,4.8954,0.0042,-3.4179,34.062,63.1447
S7,410.0,baseline,4.891,0.0066,0.3661,34.008,62.9592
S7,415.0,baseline,4.8912,0.01,0.931,33.988,62.9891
S7,420.0,baseline,4.8903,0.0076,1.0651,33.97,62.9786
S7,425.0,baseline,4.8933,0.0049,-1.2806,33.918,62.888
S7,430.0,baseline,4.9004,0.0058,1.6855,33.872,62.8757
S7,435.0,baseline,4.9054,0.0046,-1.4976,33.85,62.8475
S7,440.0,baseline,4.8894,0.022,0.3418,33.806,62.9666
S7,445.0,baseline,4.7973,0.0075,0.3066,33.804,62.9346
S7,450.0,baseline,4.773,0.0056,-0.7777,33.92,62.8729
S7,455.0,baseline,4.7634,0.0064,0.8663,34.026,62.8811
S7,460.0,baseline,4.7595,0.0077,-0.01,34.114,62.8171
S7,465.0,baseline,4.7606,0.0039,-0.6561,34.17,63.0669
S7,470.0,baseline,4.7529,0.0041,0.0635,34.236,62.9002
S7,475.0,baseline,4.7473,0.0041,0.2674,34.29,62.8059
S7,480.0,baseline,4.7343,0.0074,-0.4135,34.372,62.7863
S7,485.0,baseline,4.7352,0.0037,0.4854,34.422,62.8535
S7,490.0,baseline,4.7444,0.0064,-0.1574,34.454,62.8935
S7,495.0,baseline,4.7304,0.0078,-0.4028,34.482,62.9149
S7,500.0,baseline,4.7109,0.0078,0.6463,34.478,62.9386
S7,505.0,baseline,4.7082,0.0046,0.0413,34.516,62.8852
S7,510.0,baseline,4.7822,0.0386,-1.2741,34.562,63.2995
S7,515.0,baseline,4.8416,0.0343,0.3814,34.578,63.386
S7,520.0,baseline,4.8021,0.0264,1.1599,34.51,63.1647
S7,525.0,baseline,4.7637,0.0165,-0.0707,34.434,62.9652
S7,530.0,baseline,4.7417,0.0049,-0.2193,34.36,62.8388
S7,535.0,baseline,4.7374,0.005,0.0908,34.282,62.7554
S7,540.0,baseline,4.7256,0.0063,-0.8846,34.254,62.6304
S7,545.0,baseline,4.7301,0.0047,1.1955,34.238,62.8519
S7,550.0,baseline,4.7188,0.0086,-0.8179,34.218,62.8924
S7,555.0,baseline,4.7381,0.0178,-0.6011,34.218,63.0128
S7,560.0,baseline,4.7175,0.0081,0.7507,34.208,62.9371
S7,565.0,baseline,4.7162,0.0042,-0.6655,34.212,62.9684
S7,570.0,baseline,4.7113,0.0059,0.2736,34.208,62.9929
S7,575.0,baseline,4.7014,0.0054,0.7956,34.23,62.9868
S7,580.0,baseline,4.6876,0.0071,-0.3336,34.254,62.98
S7,585.0,baseline,4.6826,0.0043,0.402,34.286,63.0575
S7,590.0,baseline,4.678,0.0036,-0.9259,34.298,62.9197
S7,595.0,baseline,4.6799,0.0105,0.246,34.362,63.0322
S7,600.0,baseline,4.6122,0.0667,0.9899,34.406,62.7747
S7,605.0,baseline,4.5131,0.0169,-1.2613,34.41,62.7341
S7,610.0,baseline,4.5475,0.0953,-0.7634,34.418,63.1181
S7,615.0,baseline,4.6041,0.013,1.7237,34.414,63.3266
S7,620.0,baseline,4.6439,0.0322,-4.8702,34.378,63.5583
S7,625.0,baseline,4.6085,0.0216,5.8124,34.348,63.4486
S7,630.0,baseline,4.5934,0.0137,1.7876,34.306,63.3168
S7,635.0,baseline,4.6528,0.0347,-5.2367,34.254,62.9987
S7,640.0,baseline,4.6209,0.006,1.6117,34.212,62.9782
S7,645.0,baseline,4.6276,0.0093,-4.6675,34.152,62.9942
S7,650.0,baseline,4.6367,0.0141,8.0002,34.122,62.9696
S7,655.0,baseline,4.6312,0.004,-1.4576,34.078,62.7403
S7,660.0,baseline,4.627,0.0061,-0.7325,34.014,62.7281
S7,665.0,baseline,4.6926,0.0513,-6.6309,33.966,62.8786
S7,670.0,baseline,4.7391,0.0033,6.0031,33.926,62.9582
S7,675.0,baseline,4.7419,0.0052,-0.2625,33.898,62.713
S7,680.0,baseline,4.7483,0.0073,0.2504,33.882,62.9261
S7,685.0,baseline,4.7575,0.0053,-1.0125,33.852,62.8626
S7,690.0,baseline,4.7412,0.0285,2.291,33.83,63.0516
S7,695.0,baseline,4.7595,0.0049,-1.4638,33.818,62.8729
S7,700.0,baseline,4.735,0.043,-0.3329,33.802,62.9247
S7,705.0,baseline,4.7156,0.0455,-0.1671,33.79,62.9142
S7,710.0,baseline,4.7442,0.0052,0.9501,33.778,62.9662
S7,715.0,baseline,4.7441,0.0038,-0.9989,33.774,62.9167
S7,720.0,baseline,4.7361,0.0079,-0.1864,33.766,62.8336
S7,725.0,baseline,4.7472,0.0056,-1.0091,33.754,62.887
S7,730.0,baseline,4.7444,0.0037,3.1436,33.762,62.8192
S7,735.0,baseline,4.6739,0.0367,-0.2345,33.766,62.8746
S7,740.0,baseline,4.7157,0.0152,-0.7781,33.77,62.917
S7,745.0,baseline,4.7198,0.0034,-0.3276,33.77,63.0407
S7,750.0,baseline,4.6919,0.0237,0.4629,33.798,63.0424
S7,755.0,baseline,4.7021,0.0346,-0.3391,33.844,62.9743
S7,760.0,baseline,4.7059,0.0117,-0.064,33.902,62.994
S7,765.0,baseline,4.7052,0.0031,-0.1511,33.954,63.1013
S7,770.0,baseline,4.6931,0.0162,0.0497,33.992,62.9137
S7,775.0,baseline,4.7049,0.0118,1.2013,34.078,62.9465
S7,780.0,baseline,4.7223,0.0082,-0.9588,34.138,62.9628
S7,785.0,baseline,4.7225,0.0053,-0.6904,34.172,63.049
S7,790.0,baseline,4.7262,0.0071,0.3845,34.184,62.9131
S7,795.0,baseline,4.7183,0.0036,0.5585,34.19,63.041
S7,800.0,baseline,4.7092,0.0079,-0.4475,34.234,63.0957
S7,805.0,baseline,4.709,0.0041,-0.3789,34.262,63.1038
S7,810.0,baseline,4.7112,0.0036,0.1697,34.306,63.1016
S7,815.0,baseline,4.7214,0.0046,-0.1455,34.364,62.9806
S7,820.0,baseline,4.7171,0.0084,0.7993,34.414,63.0096
S7,825.0,baseline,4.7172,0.0044,-1.0158,34.422,63.0182
S7,830.0,baseline,4.7254,0.0075,2.1185,34.418,62.7872
S7,835.0,baseline,4.7405,0.0053,-3.2375,34.358,62.8347
S7,840.0,baseline,4.7302,0.0098,4.7406,34.294,62.9292
S7,845.0,baseline,4.4059,0.1405,-2.8924,34.242,62.6157
S7,850.0,baseline,4.1955,0.0313,0.0065,34.198,62.4746
S7,855.0,baseline,4.1462,0.0089,-0.1025,34.146,62.6352
S7,860.0,baseline,4.1137,0.0136,-0.0526,34.086,62.6235
S7,865.0,baseline,4.0739,0.0107,0.0091,34.028,62.4467
S7,870.0,baseline,4.0434,0.008,-0.3477,34.004,62.4491
S7,875.0,baseline,4.021,0.0069,0.333,33.986,62.4398
S7,880.0,baseline,4.058,0.0751,0.6017,33.986,62.7937
S7,885.0,baseline,4.1386,0.0166,-0.034,33.98,62.7858
S7,890.0,baseline,4.1545,0.0044,-0.1781,34.008,62.8001
S7,895.0,baseline,4.1662,0.0179,-0.1455,33.992,62.9214
S7,900.0,baseline,4.2058,0.0269,-0.6758,33.984,62.9026
S7,905.0,baseline,4.2034,0.0074,0.5695,33.974,62.9131
S7,910.0,baseline,4.2278,0.0157,-0.1708,33.954,62.9463
S7,915.0,baseline,4.2563,0.008,-0.3004,33.966,63.0393
S7,920.0,baseline,4.2727,0.0088,0.422,33.99,63.0817
S7,925.0,baseline,4.2867,0.0071,-0.0043,34.014,62.874
S7,930.0,baseline,4.304,0.005,-0.0009,34.05,62.8734
S7,935.0,baseline,4.3119,0.0106,0.2126,34.102,62.7976
S7,940.0,baseline,4.2469,0.02,-0.2018,34.146,62.8687
S7,945.0,baseline,4.2452,0.0132,-0.1824,34.172,62.9264
S7,950.0,baseline,4.2913,0.007,0.2853,34.204,62.8465
S7,955.0,baseline,4.2166,0.0498,-0.151,34.212,62.8379
S7,960.0,baseline,4.148,0.0105,-0.198,34.254,62.5802
S7,965.0,baseline,4.1265,0.0074,-0.5276,34.298,62.6356
S7,970.0,baseline,4.2012,0.0325,0.1677,34.322,63.0834
S7,975.0,baseline,4.2651,0.0223,0.7447,34.336,63.0061
S7,980.0,baseline,4.3481,0.0111,-0.4161,34.326,62.8642
S7,985.0,baseline,4.3575,0.0041,0.4557,34.29,62.7376
S7,990.0,baseline,4.333,0.0148,-0.3438,34.266,62.892
S7,995.0,baseline,4.3339,0.0121,0.9148,34.274,62.9787
S7,1000.0,baseline,4.357,0.0178,-1.7796,34.278,62.8589
S7,1005.0,baseline,4.356,0.0183,1.6197,34.274,62.7616
S7,1010.0,baseline,4.376,0.0207,-0.243,34.218,62.8548
S7,1015.0,baseline,4.3712,0.0176,-0.5501,34.214,62.8811
S7,1020.0,baseline,4.3556,0.0059,0.6411,34.182,62.8866
S7,1025.0,baseline,4.3565,0.0161,0.4367,34.158,62.7935
S7,1030.0,baseline,4.3591,0.0114,-0.7193,34.142,62.9316
S7,1035.0,baseline,4.3572,0.0031,-0.5188,34.138,62.8387
S7,1040.0,baseline,4.384,0.0262,1.2362,34.158,62.9772
S7,1045.0,baseline,4.3613,0.0033,-0.6793,34.164,62.914
S7,1050.0,baseline,4.3584,0.0123,-0.3081,34.164,62.8789
S7,1055.0,baseline,4.3856,0.026,0.4016,34.158,63.0062
S7,1060.0,baseline,4.3681,0.0074,-0.9518,34.154,62.9041
S7,1065.0,baseline,4.3638,0.0042,0.5518,34.142,62.9404
S7,1070.0,baseline,4.3861,0.0197,0.2319,34.134,62.9294
S7,1075.0,baseline,4.3837,0.0249,-0.6323,34.146,62.9504
S7,1080.0,baseline,4.3767,0.0102,0.2026,34.142,62.9864
S7,1085.0,baseline,4.389,0.0039,0.0404,34.15,63.0386
S7,1090.0,baseline,4.4096,0.0225,-0.1059,34.164,63.0208
S7,1095.0,baseline,4.412,0.0193,0.9893,34.194,63.0769
S7,1100.0,baseline,4.425,0.0272,-1.069,34.198,63.0525
S7,1105.0,baseline,4.449,0.0045,0.498,34.238,62.8877
S7,1110.0,baseline,4.4224,0.0243,-0.4074,34.258,62.8806
S7,1115.0,baseline,4.4236,0.0182,0.0487,34.282,62.9882
S7,1120.0,baseline,4.3963,0.01,0.371,34.334,63.006
S7,1125.0,baseline,4.3635,0.0386,-0.8233,34.382,62.9607
S7,1130.0,baseline,4.2944,0.0087,1.306,34.406,62.7804
S7,1135.0,baseline,4.2676,0.0091,-1.0191,34.332,62.7684
S7,1140.0,baseline,4.2454,0.0068,0.8616,34.314,62.8539
S7,1145.0,baseline,4.2366,0.0048,-1.1657,34.306,62.6601
S7,1150.0,baseline,4.2132,0.0073,1.0068,34.298,62.9547
S7,1155.0,baseline,4.1983,0.0051,0.0218,34.306,62.8297
S7,1160.0,baseline,4.1807,0.0059,-0.4453,34.316,62.6577
S7,1165.0,baseline,4.1849,0.0079,0.1376,34.318,62.8214
S7,1170.0,baseline,4.1909,0.0067,-0.3613,34.332,62.8223
S7,1175.0,baseline,4.1829,0.0044,0.5771,34.34,62.7262
S7,1180.0,baseline,4.1736,0.0074,-0.7765,34.328,62.7418
S7,1185.0,baseline,4.1714,0.0055,1.0568,34.31,62.8314
S7,1190.0,baseline,4.1668,0.0042,-0.3794,34.302,62.8857
S7,1195.0,baseline,4.1623,0.0042,0.0139,34.308,62.8076
S7,1200.0,baseline,4.1552,0.0053,-0.0328,34.314,62.6712
S7,1205.0,baseline,4.1564,0.0037,-0.1903,34.326,62.7344
S7,1210.0,baseline,4.1582,0.0034,-0.0262,34.32,62.7477
S7,1215.0,baseline,4.1559,0.0051,0.1153,34.318,62.8441
S7,1220.0,baseline,4.2298,0.0726,0.1183,34.33,63.1216
S7,1225.0,baseline,4.1952,0.0873,-1.2584,34.318,62.882
S7,1230.0,baseline,4.0512,0.0186,1.2062,34.25,62.7249
S7,1235.0,baseline,4.0044,0.0143,0.0117,34.174,62.8842
S7,1240.0,baseline,3.9619,0.0094,0.2949,34.146,62.5779
S7,1245.0,baseline,3.9334,0.0096,-0.0828,34.11,62.4252
S7,1250.0,baseline,3.9015,0.0052,-0.5485,34.07,62.5541
S7,1255.0,baseline,3.8823,0.0109,-0.1898,34.058,62.7788
S7,1260.0,baseline,3.8363,0.0127,0.2181,34.05,62.6804
S7,1265.0,baseline,3.8253,0.0047,-0.3037,34.022,62.7749
S7,1270.0,baseline,3.8186,0.004,1.0389,34.012,62.9574
S7,1275.0,baseline,3.8101,0.0054,-0.7211,33.992,62.9948
S7,1280.0,baseline,3.7927,0.0055,-0.1548,33.994,62.9401
S7,1550.0,amusement,4.6976,0.025,0.2811,33.414,62.738
S7,1555.0,amusement,4.6778,0.0232,-0.1441,33.414,62.6588
S7,1560.0,amusement,4.6364,0.0141,-0.1693,33.406,62.7043
S7,1565.0,amusement,4.6271,0.0103,-0.2711,33.41,62.6832
S7,1570.0,amusement,4.6025,0.012,-0.0489,33.398,62.6754
S7,1575.0,amusement,4.5897,0.0109,0.5272,33.406,62.6515
S7,1580.0,amusement,4.699,0.0697,-0.3109,33.414,62.7115
S7,1585.0,amusement,4.6643,0.0528,0.1922,33.41,62.6339
S7,1590.0,amusement,4.6064,0.0246,0.064,33.414,62.6219
S7,1595.0,amusement,4.6276,0.0246,-0.0654,33.402,62.683
S7,1600.0,amusement,4.5614,0.0107,-0.2568,33.394,62.7689
S7,1605.0,amusement,4.5459,0.0119,-0.1065,33.41,62.6818
S7,1610.0,amusement,4.7293,0.0868,-0.0744,33.394,62.9319
S7,1615.0,amusement,4.6098,0.0353,0.4867,33.394,62.8591
S7,1620.0,amusement,4.6564,0.0191,-0.1063,33.402,62.8543
S7,1625.0,amusement,4.6615,0.0442,-0.0797,33.39,62.9593
S7,1630.0,amusement,4.6419,0.0185,0.0568,33.378,62.8774
S7,1635.0,amusement,4.677,0.0244,0.0784,33.382,62.7819
S7,1640.0,amusement,4.6189,0.0128,-0.4092,33.386,62.8314
S7,1645.0,amusement,4.6632,0.0101,0.1665,33.39,62.8318
S7,1650.0,amusement,4.6482,0.0193,-0.0096,33.368,62.8642
S7,1655.0,amusement,4.6213,0.0129,0.2607,33.364,62.839
S7,1660.0,amusement,4.6446,0.0312,0.1558,33.34,62.8036
S7,1665.0,amusement,4.6305,0.0177,0.0164,33.356,62.8704
S7,1670.0,amusement,4.5862,0.0116,-0.4955,33.348,62.8529
S7,1675.0,amusement,4.5523,0.0105,0.1127,33.352,62.7184
S7,1680.0,amusement,4.5356,0.0111,0.3313,33.356,62.7103
S7,1685.0,amusement,4.542,0.0127,-0.2445,33.318,62.7811
S7,1690.0,amusement,4.5551,0.009,0.0587,33.294,62.7061
S7,1695.0,amusement,4.5153,0.0094,-0.2124,33.278,62.7021
S7,1700.0,amusement,4.4845,0.0081,-0.0863,33.254,62.6622
S7,1705.0,amusement,4.5164,0.0225,0.2346,33.242,62.6923
S7,1710.0,amusement,4.4918,0.0107,-0.1456,33.226,62.6776
S7,1715.0,amusement,4.4637,0.0058,0.2191,33.192,62.6688
S7,1720.0,amusement,4.4425,0.0091,0.2058,33.188,62.7055
S7,1725.0,amusement,4.4355,0.0048,0.1918,33.164,62.6867
S7,1730.0,amusement,4.4235,0.005,-0.1869,33.154,62.6713
S7,1735.0,amusement,4.4186,0.003,-0.0445,33.148,62.7683
S7,1740.0,amusement,4.4553,0.0125,-0.1353,33.138,62.7512
S7,1745.0,amusement,4.4493,0.0116,-0.1507,33.138,62.756
S7,1750.0,amusement,4.4185,0.0083,0.2234,33.138,62.7644
S7,1755.0,amusement,4.3993,0.0085,-0.0513,33.134,62.7542
S7,1760.0,amusement,4.3801,0.0071,-0.4378,33.148,62.7562
S7,1765.0,amusement,4.3673,0.0032,0.3682,33.138,62.7534
S7,1770.0,amusement,4.3764,0.0067,0.2501,33.134,62.8271
S7,1775.0,amusement,4.3644,0.0031,-0.6068,33.138,62.7627
S7,1780.0,amusement,4.3552,0.0083,0.5007,33.13,62.7569
S7,1785.0,amusement,4.3454,0.0049,-0.4512,33.138,62.7932
S7,1790.0,amusement,4.3525,0.0083,0.2339,33.134,62.748
S7,1795.0,amusement,4.345,0.0063,-0.1938,33.118,62.7538
S7,1800.0,amusement,4.3263,0.0062,0.073,33.118,62.7113
S7,1805.0,amusement,4.3333,0.0129,0.3877,33.098,62.8684
S7,1810.0,amusement,4.3451,0.0126,-0.4951,33.106,62.6827
S7,1815.0,amusement,4.324,0.0039,0.1749,33.106,62.6561
S7,1820.0,amusement,4.3091,0.0074,-0.0562,33.094,62.5169
S7,1825.0,amusement,4.3006,0.0038,0.0927,33.102,62.6315
S7,1830.0,amusement,4.296,0.0042,0.3385,33.098,62.5805
S7,1835.0,amusement,4.3048,0.0063,-0.2606,33.11,62.6329
S7,1840.0,amusement,4.2924,0.0081,0.0908,33.106,62.7017
S7,1845.0,amusement,4.2935,0.0038,-0.3147,33.102,62.6132
S7,1850.0,amusement,4.2856,0.0043,0.6042,33.086,62.609
S7,1855.0,amusement,4.313,0.0209,0.7546,33.09,62.7327
S7,1860.0,amusement,4.3309,0.0126,-1.0672,33.106,63.0909
S7,1865.0,amusement,4.3341,0.0072,0.34,33.098,63.1506
S7,1870.0,amusement,4.309,0.0069,-0.6936,33.102,63.0347
S7,1875.0,amusement,4.3083,0.011,0.6683,33.11,62.8921
S7,1880.0,amusement,4.3082,0.0084,-0.3736,33.114,62.7898
S7,1885.0,amusement,4.3003,0.0041,0.3887,33.102,62.8807
S7,1890.0,amusement,4.3059,0.0044,-0.6857,33.102,62.8772
S7,1895.0,amusement,4.2978,0.0051,0.6556,33.09,62.8544
S7,1900.0,amusement,4.2846,0.0067,-0.649,33.094,62.8352
S7,1905.0,amusement,4.2736,0.005,0.4723,33.082,62.8638
S7,1910.0,amusement,4.2697,0.0048,0.1575,33.074,62.7761
S7,1915.0,amusement,4.2606,0.0038,-0.8922,33.062,62.8652
S7,1920.0,amusement,4.2617,0.0057,0.213,33.042,63.0358
S7,3095.0,stress,6.2573,0.1224,2.238,33.198,63.5164
S7,3100.0,stress,6.2004,0.1395,-1.7916,33.204,63.2354
S7,3105.0,stress,6.2369,0.1106,-0.9398,33.18,64.0581
S7,3110.0,stress,6.3439,0.129,0.1732,33.176,63.7303
S7,3115.0,stress,6.3582,0.0853,0.6719,33.172,63.4181
S7,3120.0,stress,6.2698,0.1012,0.2993,33.178,62.9123
S7,3125.0,stress,6.4744,0.1166,-7.6049,33.16,64.3366
S7,3130.0,stress,6.4084,0.0733,5.4622,33.148,64.0433
S7,3135.0,stress,6.3514,0.0429,1.5772,33.15,62.8484
S7,3140.0,stress,6.2949,0.1252,0.1046,33.158,63.5879
S7,3145.0,stress,6.2968,0.1246,0.9933,33.148,63.052
S7,3150.0,stress,6.2883,0.0749,-1.6427,33.146,63.1288
S7,3155.0,stress,6.3716,0.1258,1.5878,33.134,64.3296
S7,3160.0,stress,6.3826,0.1454,-0.7535,33.138,63.4534
S7,3165.0,stress,6.4485,0.1263,-0.5994,33.11,63.741
S7,3170.0,stress,6.415,0.1326,6.7561,33.122,64.2382
S7,3175.0,stress,6.5602,0.1259,-6.7933,33.114,63.557
S7,3180.0,stress,6.63,0.1599,-1.3764,33.102,64.7971
S7,3185.0,stress,6.3406,0.2195,1.2256,33.098,62.8803
S7,3190.0,stress,6.3233,0.0202,0.8775,33.11,63.6367
S7,3195.0,stress,6.4627,0.24,-1.2325,33.09,65.0257
S7,3200.0,stress,6.6225,0.1749,-0.1461,33.098,64.592
S7,3205.0,stress,6.7064,0.1746,1.5126,33.114,63.6901
S7,3210.0,stress,6.8825,0.0364,-8.8703,33.118,63.3351
S7,3215.0,stress,6.738,0.1356,6.1061,33.11,62.8676
S7,3220.0,stress,6.5009,0.0589,3.3613,33.09,62.8857
S7,3225.0,stress,6.4705,0.1484,-0.0605,33.09,63.4119
S7,3230.0,stress,6.6956,0.1735,3.7958,33.078,63.6985
S7,3235.0,stress,6.5227,0.0478,-5.4322,33.07,62.8567
S7,3240.0,stress,6.4549,0.0474,-2.0427,33.054,62.8394
S7,3245.0,stress,6.4302,0.0612,2.8509,33.046,63.0154
S7,3250.0,stress,6.4911,0.0352,8.691,33.042,62.6279
S7,3255.0,stress,6.6312,0.2039,-10.5415,33.042,65.5479
S7,3260.0,stress,6.7787,0.2728,1.4914,33.042,65.4404
S7,3265.0,stress,6.6996,0.1972,-5.4289,33.006,64.5458
S7,3270.0,stress,6.7335,0.2038,7.5772,33.004,63.7284
S7,3275.0,stress,6.7692,0.1886,-2.0915,33.006,64.6457
S7,3280.0,stress,6.5738,0.1136,0.2892,32.994,64.0773
S7,3285.0,stress,6.4645,0.1951,-1.067,32.998,63.2685
S7,3290.0,stress,6.7066,0.1959,0.2799,32.998,63.2483
S7,3295.0,stress,6.6266,0.1376,-1.6666,33.022,64.0546
S7,3300.0,stress,6.692,0.1515,1.3298,33.012,64.6477
S7,3305.0,stress,6.5331,0.202,1.8083,33.022,62.7138
S7,3310.0,stress,7.0245,0.1589,-2.5814,33.004,62.8351
S7,3315.0,stress,6.8344,0.0299,3.4163,32.998,63.2067
S7,3320.0,stress,6.9157,0.2049,-5.488,32.998,65.3472
S7,3325.0,stress,6.5669,0.1559,3.5803,32.998,63.8265
S7,3330.0,stress,6.5964,0.0919,2.4418,32.99,62.9976
S7,3335.0,stress,6.6368,0.0222,-4.1512,32.98,62.8679
S7,3340.0,stress,6.4688,0.1044,2.6939,32.97,63.9184
S7,3345.0,stress,6.5923,0.2434,-3.5645,32.978,64.1757
S7,3350.0,stress,6.7024,0.2554,0.3981,32.954,65.1457
S7,3355.0,stress,6.8842,0.2525,-0.7076,32.95,64.7571
S7,3360.0,stress,6.8334,0.1859,19.249,32.966,64.4469
S7,3365.0,stress,6.686,0.175,-18.6396,32.954,64.2232
S7,3370.0,stress,6.7029,0.1515,3.3617,32.954,65.0146
S7,3375.0,stress,6.4046,0.3151,-0.5183,32.97,63.9201
S7,3380.0,stress,6.4098,0.2393,-3.1204,32.95,64.3797
S7,3385.0,stress,6.9646,0.1262,5.9234,32.962,64.1252
S7,3390.0,stress,6.6381,0.2923,-3.8267,32.974,64.0947
S7,3395.0,stress,6.5673,0.0888,1.6751,32.962,62.9559
S7,3400.0,stress,6.5658,0.0318,-0.8585,32.954,63.0456
S7,3405.0,stress,6.5978,0.0149,0.146,32.95,63.0086
S7,3410.0,stress,6.5603,0.0181,-0.0458,32.93,62.9348
S7,3415.0,stress,6.6963,0.1039,0.8967,32.938,62.9018
S7,3420.0,stress,6.9337,0.1713,-2.2656,32.918,62.8896
S7,3425.0,stress,6.8477,0.1209,0.5533,32.91,62.9046
S7,3430.0,stress,6.903,0.2447,1.7388,32.91,62.8929
S7,3435.0,stress,6.8578,0.1313,-1.4974,32.894,62.8751
S7,3440.0,stress,6.9306,0.1732,-1.3927,32.89,62.8875
S7,3445.0,stress,7.0219,0.1471,1.4661,32.89,62.8721
S7,3450.0,stress,7.012,0.114,2.1693,32.868,62.8967
S7,3455.0,stress,6.9913,0.1447,-1.8727,32.84,62.8511
S7,3460.0,stress,6.7856,0.1111,1.4622,32.832,62.9104
S7,3465.0,stress,6.9313,0.1318,-1.0971,32.836,62.8245
S7,3470.0,stress,6.9802,0.1016,-0.0222,32.83,62.9227
S7,3475.0,stress,6.9594,0.1154,3.3405,32.834,62.9122
S7,3480.0,stress,6.9496,0.1493,0.0631,32.834,62.824
S7,3485.0,stress,6.8203,0.0219,-5.662,32.832,62.8452
S7,3490.0,stress,6.8516,0.0749,1.2357,32.822,62.8418
S7,3495.0,stress,6.8949,0.0886,-3.7936,32.83,62.8755
S7,3500.0,stress,6.8626,0.0611,4.8974,32.818,62.9019
S7,3505.0,stress,6.9053,0.0261,-0.4248,32.806,62.8674
S7,3510.0,stress,6.93,0.0319,-0.9424,32.79,62.9196
S7,3515.0,stress,6.933,0.0278,1.2178,32.778,62.9024
S7,3520.0,stress,6.973,0.0423,4.0337,32.762,62.8485
S7,3525.0,stress,6.8946,0.0392,-7.691,32.742,62.8414
S7,3530.0,stress,6.9368,0.0285,3.5892,32.746,62.9184
S7,3535.0,stress,6.9783,0.02,-0.2958,32.742,62.9457
S7,3540.0,stress,7.004,0.0297,-3.3139,32.726,62.8749
S7,3545.0,stress,6.9349,0.0648,3.0743,32.726,62.858
S7,3550.0,stress,6.8764,0.0395,-0.5524,32.722,62.7776
S7,3555.0,stress,6.8866,0.0467,2.7142,32.704,62.9147
S7,3560.0,stress,6.8445,0.0786,-0.1704,32.704,62.8317
S7,3565.0,stress,7.0938,0.0565,-0.8276,32.694,62.916
S7,3570.0,stress,7.1017,0.0327,-0.9065,32.704,62.8863
S7,3575.0,stress,7.0111,0.029,-1.1859,32.688,62.8619
S7,3580.0,stress,7.0946,0.0172,1.1032,32.678,62.827
S7,3585.0,stress,7.0644,0.0373,3.0506,32.66,62.907
S7,3590.0,stress,7.08,0.0328,-3.9494,32.654,62.891
S7,3595.0,stress,7.092,0.043,2.0381,32.646,62.8517
S7,3600.0,stress,7.0621,0.0573,-1.904,32.652,62.8467
S7,3605.0,stress,7.0609,0.0468,2.5472,32.642,62.8619
S7,3610.0,stress,7.0661,0.0492,-1.3233,32.626,62.8443
S7,3615.0,stress,7.0729,0.0589,-1.8661,32.626,62.8391
S7,3620.0,stress,7.1367,0.0551,0.0944,32.614,62.8849
S7,3625.0,stress,7.148,0.0229,1.139,32.63,62.8312
S7,3630.0,stress,7.1525,0.0464,0.5323,32.614,62.9126
S7,3635.0,stress,7.1682,0.0431,0.0669,32.61,62.9087
S7,3640.0,stress,7.1952,0.0504,-2.9919,32.614,62.8959
S7,3645.0,stress,7.199,0.0401,4.4333,32.606,62.9614
S7,3650.0,stress,7.1901,0.051,-2.284,32.598,62.8787
S7,3655.0,stress,7.178,0.0377,0.1977,32.606,62.8821
S7,3660.0,stress,7.2204,0.0399,-2.5737,32.614,62.9091
S7,3665.0,stress,7.1908,0.0254,4.1859,32.614,62.9023
S7,3670.0,stress,7.1665,0.02,0.9461,32.606,62.9088
S7,3675.0,stress,7.1445,0.0415,-3.2285,32.598,62.9114
S7,3680.0,stress,7.1164,0.0371,2.5613,32.606,62.8935
S7,3685.0,stress,7.1228,0.0372,-0.9031,32.586,62.9335
S7,3690.0,stress,7.1353,0.0315,0.2693,32.578,62.9191
S7,3695.0,stress,7.1302,0.0269,-0.2248,32.574,62.9177
S7,3700.0,stress,7.1414,0.0401,-0.434,32.578,62.8967
S7,3705.0,stress,7.0289,0.0609,1.1359,32.562,62.9005
S7,3710.0,stress,7.1638,0.0383,-0.8843,32.57,62.8947
S7,3715.0,stress,7.189,0.0282,-0.0566,32.566,62.8748
S7,3720.0,stress,7.1592,0.0266,0.4971,32.562,62.8808
S7,3725.0,stress,7.1258,0.0348,-0.9524,32.566,62.8569
S7,3730.0,stress,7.1103,0.0458,-1.4945,32.582,62.8642
S8,160.0,baseline,0.6374,0.0043,1.8656,33.388,63.0527
S8,165.0,baseline,0.6212,0.006,-1.0944,33.4,63.0125
S8,170.0,baseline,0.6061,0.0044,1.9409,33.406,62.9673
S8,175.0,baseline,0.5953,0.0034,-2.7303,33.416,62.9429
S8,180.0,baseline,0.585,0.0035,-0.506,33.42,63.0314
S8,185.0,baseline,0.5753,0.0025,1.9358,33.416,63.0138
S8,190.0,baseline,0.5661,0.0028,-0.8383,33.416,62.9965
S8,195.0,baseline,0.5583,0.0031,0.8559,33.424,63.0032
S8,200.0,baseline,0.5502,0.0028,2.0092,33.43,63.0209
S8,205.0,baseline,0.5439,0.0029,-1.1676,33.452,62.9169
S8,210.0,baseline,0.5372,0.0021,-0.0391,33.448,62.9013
S8,215.0,baseline,0.5316,0.0016,-0.5613,33.444,62.9764
S8,220.0,baseline,0.5253,0.0032,-0.5362,33.462,63.0274
S8,225.0,baseline,0.5208,0.0019,-0.4005,33.456,62.956
S8,230.0,baseline,0.5156,0.0024,3.3262,33.464,63.069
S8,235.0,baseline,0.5104,0.0015,-2.37,33.458,63.0635
S8,240.0,baseline,0.5079,0.0019,-0.7525,33.474,63.0766
S8,245.0,baseline,0.5043,0.0016,-0.3469,33.48,62.8961
S8,250.0,baseline,0.5504,0.024,-8.3573,33.474,63.9921
S8,255.0,baseline,0.5282,0.0039,9.6645,33.49,62.5941
S8,260.0,baseline,0.5185,0.0026,-1.9432,33.503,62.5268
S8,265.0,baseline,0.5111,0.0033,2.058,33.506,62.6014
S8,270.0,baseline,0.504,0.0025,1.4566,33.506,62.3989
S8,275.0,baseline,0.4984,0.0024,-2.6818,33.506,62.4561
S8,280.0,baseline,0.4934,0.0025,-0.8658,33.515,62.4953
S8,285.0,baseline,0.493,0.0019,1.5959,33.534,62.6086
S8,290.0,baseline,0.4873,0.0026,-1.7121,33.531,62.6869
S8,295.0,baseline,0.4825,0.0017,1.1066,33.535,62.6206
S8,300.0,baseline,0.4816,0.0035,2.1952,33.562,62.5592
S8,305.0,baseline,0.4811,0.0019,-1.1983,33.562,62.4585
S8,310.0,baseline,0.4767,0.0031,-1.3478,33.56,62.5167
S8,315.0,baseline,0.4673,0.0019,1.8345,33.58,62.5269
S8,320.0,baseline,0.4611,0.0019,-1.8343,33.592,62.4804
S8,325.0,baseline,0.4554,0.0028,0.7237,33.59,62.4587
S8,330.0,baseline,0.451,0.0015,0.7683,33.6,62.5681
S8,335.0,baseline,0.4504,0.0033,7.3252,33.602,62.6569
S8,340.0,baseline,0.4454,0.0036,-9.0322,33.592,62.83
S8,345.0,baseline,0.441,0.0017,3.5527,33.608,62.4581
S8,350.0,baseline,0.4373,0.0015,0.1254,33.602,62.5088
S8,355.0,baseline,0.4321,0.0024,-3.3484,33.622,62.2982
S8,360.0,baseline,0.429,0.0013,-0.6127,33.624,62.3941
S8,365.0,baseline,0.4257,0.0021,1.6527,33.638,62.3194
S8,370.0,baseline,0.4224,0.0016,1.0318,33.626,62.2318
S8,375.0,baseline,0.4195,0.0016,-2.7323,33.636,62.2961
S8,380.0,baseline,0.4149,0.0022,0.1466,33.642,62.3604
S8,385.0,baseline,0.4113,0.0017,1.4295,33.636,62.3933
S8,390.0,baseline,0.4078,0.0028,0.207,33.648,62.506
S8,395.0,baseline,0.4044,0.0015,-1.0718,33.65,62.5406
S8,400.0,baseline,0.4016,0.002,-0.342,33.654,62.6114
S8,405.0,baseline,0.3993,0.0012,0.3057,33.655,62.4022
S8,410.0,baseline,0.3957,0.0021,2.2384,33.664,62.4749
S8,415.0,baseline,0.3939,0.0012,-1.5272,33.664,62.4051
S8,420.0,baseline,0.3913,0.0014,-1.6853,33.67,62.3792
S8,425.0,baseline,0.3895,0.0011,2.7908,33.67,62.3025
S8,430.0,baseline,0.387,0.0015,-0.1921,33.676,62.3466
S8,435.0,baseline,0.3851,0.0014,-0.4562,33.676,62.4586
S8,440.0,baseline,0.3869,0.0024,0.2828,33.68,62.794
S8,445.0,baseline,0.3882,0.0011,-0.8928,33.68,62.6517
S8,450.0,baseline,0.3874,0.002,0.4605,33.682,62.683
S8,455.0,baseline,0.3868,0.0009,-1.4463,33.702,62.6654
S8,460.0,baseline,0.3842,0.0018,4.707,33.701,62.7127
S8,465.0,baseline,0.3789,0.003,-4.6784,33.712,62.7275
S8,470.0,baseline,0.3756,0.0024,-0.2124,33.705,62.7711
S8,475.0,baseline,0.3711,0.0019,1.6808,33.729,62.8046
S8,480.0,baseline,0.3672,0.0015,-2.6035,33.726,62.6478
S8,485.0,baseline,0.3636,0.002,1.0546,33.734,62.7429
S8,490.0,baseline,0.3599,0.0015,0.8974,33.73,62.8233
S8,495.0,baseline,0.3578,0.0012,-0.5918,33.7,62.6854
S8,500.0,baseline,0.3564,0.0012,0.28,33.72,62.7557
S8,505.0,baseline,0.3538,0.0015,1.7925,33.73,62.838
S8,510.0,baseline,0.3515,0.0015,-0.904,33.717,62.8103
S8,515.0,baseline,0.3509,0.0026,2.455,33.709,63.1696
S8,520.0,baseline,0.345,0.0017,-2.9028,33.716,62.5525
S8,525.0,baseline,0.3436,0.0015,-0.3161,33.703,62.6033
S8,530.0,baseline,0.3415,0.0012,0.5611,33.713,62.5689
S8,535.0,baseline,0.3397,0.0012,-0.6513,33.712,62.5526
S8,540.0,baseline,0.3386,0.0014,0.3192,33.72,62.5768
S8,545.0,baseline,0.336,0.002,0.0176,33.728,62.7326
S8,550.0,baseline,0.3348,0.0014,0.9703,33.712,62.5977
S8,555.0,baseline,0.3322,0.0014,0.2011,33.726,62.7037
S8,560.0,baseline,0.3288,0.0027,-0.8204,33.724,62.6801
S8,565.0,baseline,0.3268,0.0018,-1.4344,33.722,62.9461
S8,570.0,baseline,0.3263,0.0036,3.9423,33.718,63.5325
S8,575.0,baseline,0.3267,0.0024,5.967,33.73,63.4011
S8,580.0,baseline,0.3224,0.0035,-6.5043,33.73,63.7737
S8,585.0,baseline,0.3169,0.0033,-4.5569,33.736,63.3139
S8,590.0,baseline,0.3082,0.0016,4.1528,33.738,62.996
S8,595.0,baseline,0.3046,0.0031,-1.3107,33.738,63.0278
S8,600.0,baseline,0.305,0.0009,0.6454,33.746,63.0654
S8,605.0,baseline,0.3053,0.0025,-1.398,33.762,63.1343
S8,610.0,baseline,0.3105,0.0019,0.6023,33.756,63.1477
S8,615.0,baseline,0.3104,0.002,0.3919,33.756,63.1745
S8,620.0,baseline,0.3111,0.0018,0.4292,33.756,63.1342
S8,625.0,baseline,0.3143,0.0009,0.1961,33.774,62.9833
S8,630.0,baseline,0.3133,0.0017,-1.3081,33.77,63.1679
S8,635.0,baseline,0.3144,0.0012,0.8225,33.772,63.2032
S8,640.0,baseline,0.3143,0.0009,-2.3603,33.778,63.1988
S8,645.0,baseline,0.3127,0.0022,1.1919,33.776,63.2252
S8,650.0,baseline,0.3094,0.0018,1.8703,33.77,63.2585
S8,655.0,baseline,0.3033,0.0025,-1.3893,33.772,63.1635
S8,660.0,baseline,0.3009,0.0017,-0.8413,33.784,62.939
S8,665.0,baseline,0.3129,0.0094,7.7989,33.784,63.2972
S8,670.0,baseline,0.3043,0.0035,-8.0411,33.784,63.183
S8,675.0,baseline,0.2994,0.0011,0.872,33.778,63.2107
S8,680.0,baseline,0.3003,0.0012,3.3359,33.782,63.3092
S8,685.0,baseline,0.2996,0.0011,-3.4818,33.8,63.2328
S8,690.0,baseline,0.3027,0.0041,-4.0761,33.788,63.1097
S8,695.0,baseline,0.3023,0.0016,5.4772,33.778,62.7513
S8,700.0,baseline,0.3022,0.0011,-0.2098,33.778,62.7548
S8,705.0,baseline,0.3009,0.0015,0.2471,33.782,62.7839
S8,710.0,baseline,0.3005,0.0014,-2.5619,33.778,62.8098
S8,715.0,baseline,0.2991,0.0019,1.5763,33.776,62.7514
S8,720.0,baseline,0.2981,0.001,-1.8171,33.784,62.7492
S8,725.0,baseline,0.2959,0.0017,1.9462,33.792,62.813
S8,730.0,baseline,0.2936,0.0011,-0.6757,33.794,62.738
S8,735.0,baseline,0.2928,0.0017,1.0433,33.786,62.5297
S8,740.0,baseline,0.2906,0.0012,-0.9882,33.8,62.6475
S8,745.0,baseline,0.2896,0.0018,0.1553,33.794,62.4935
S8,750.0,baseline,0.2876,0.0016,0.8103,33.804,62.5925
S8,755.0,baseline,0.2857,0.0016,-0.8523,33.796,62.5663
S8,760.0,baseline,0.2841,0.0019,-0.2866,33.792,62.3886
S8,765.0,baseline,0.283,0.0022,0.0755,33.798,62.4904
S8,770.0,baseline,0.2818,0.0017,0.8771,33.79,62.5242
S8,775.0,baseline,0.2818,0.0012,0.6838,33.788,62.4073
S8,780.0,baseline,0.2803,0.0008,-1.1803,33.794,62.3606
S8,785.0,baseline,0.279,0.0019,0.4795,33.784,62.3509
S8,790.0,baseline,0.2879,0.0095,-11.1875,33.786,63.4326
S8,795.0,baseline,0.2868,0.0098,8.5233,33.788,64.1122
S8,800.0,baseline,0.2869,0.0036,5.8137,33.776,63.2391
S8,805.0,baseline,0.2917,0.0014,-5.9945,33.77,63.0883
S8,810.0,baseline,0.2926,0.0013,1.7977,33.77,63.0906
S8,815.0,baseline,0.2897,0.0039,-2.729,33.78,63.2315
S8,820.0,baseline,0.2875,0.0018,5.1161,33.774,62.769
S8,825.0,baseline,0.2868,0.0015,2.2722,33.762,62.7179
S8,830.0,baseline,0.2806,0.0014,-4.3423,33.748,62.7321
S8,835.0,baseline,0.2891,0.0077,8.2456,33.756,63.0695
S8,840.0,baseline,0.2751,0.0022,-7.8054,33.756,62.6583
S8,845.0,baseline,0.2732,0.0019,-0.1505,33.758,62.7162
S8,850.0,baseline,0.2731,0.0013,-0.6726,33.768,62.8149
S8,855.0,baseline,0.2761,0.0018,2.4509,33.764,62.6476
S8,860.0,baseline,0.277,0.0034,6.3573,33.75,63.0792
S8,865.0,baseline,0.2774,0.0037,-10.0886,33.75,63.0152
S8,870.0,baseline,0.2893,0.0034,-1.2721,33.736,63.1181
S8,875.0,baseline,0.2907,0.0015,3.5614,33.736,63.0894
S8,880.0,baseline,0.2921,0.0007,0.2065,33.726,63.3082
S8,885.0,baseline,0.283,0.0062,-6.3795,33.726,63.0524
S8,890.0,baseline,0.2784,0.0024,7.4088,33.718,63.5671
S8,895.0,baseline,0.2809,0.002,-0.0735,33.7,63.2902
S8,900.0,baseline,0.2821,0.002,-1.1536,33.702,63.2833
S8,905.0,baseline,0.2811,0.0017,-1.9594,33.685,63.1004
S8,910.0,baseline,0.2816,0.0015,0.5624,33.692,63.143
S8,915.0,baseline,0.2832,0.0015,-7.723,33.674,63.1012
S8,920.0,baseline,0.2835,0.0012,10.8921,33.67,63.1612
S8,925.0,baseline,0.2825,0.0016,0.1229,33.666,63.1228
S8,930.0,baseline,0.2832,0.0013,-0.4898,33.664,63.8875
S8,935.0,baseline,0.2743,0.0051,-2.259,33.667,62.7392
S8,940.0,baseline,0.2694,0.0015,-0.2665,33.665,62.4489
S8,945.0,baseline,0.2657,0.0015,0.9901,33.67,62.5581
S8,950.0,baseline,0.2621,0.002,0.2668,33.666,62.534
S8,955.0,baseline,0.2612,0.0015,-1.2193,33.664,62.6554
S8,960.0,baseline,0.261,0.0011,-0.1783,33.668,62.6494
S8,965.0,baseline,0.2607,0.0006,0.5528,33.662,62.5773
S8,970.0,baseline,0.2597,0.0013,-0.8471,33.663,62.6689
S8,975.0,baseline,0.2592,0.0007,1.7463,33.654,62.6721
S8,980.0,baseline,0.2579,0.0015,-1.1374,33.657,62.6729
S8,985.0,baseline,0.2555,0.0018,1.101,33.657,62.5325
S8,990.0,baseline,0.2534,0.0013,-0.2119,33.65,62.5186
S8,995.0,baseline,0.2524,0.0013,-0.0139,33.652,62.5782
S8,1000.0,baseline,0.2522,0.0006,-0.3769,33.649,62.5034
S8,1005.0,baseline,0.2523,0.0008,0.9344,33.649,62.5531
S8,1010.0,baseline,0.2525,0.0043,-3.4779,33.652,62.7903
S8,1015.0,baseline,0.2587,0.0014,4.0745,33.656,62.6311
S8,1020.0,baseline,0.2594,0.0015,-1.567,33.648,62.6139
S8,1025.0,baseline,0.2598,0.002,2.0864,33.632,62.6432
S8,1030.0,baseline,0.2598,0.0018,-1.0993,33.644,62.7782
S8,1035.0,baseline,0.2601,0.0016,-0.0439,33.645,62.7593
S8,1040.0,baseline,0.2587,0.0008,-0.9401,33.639,62.7704
S8,1045.0,baseline,0.2591,0.0018,-0.8016,33.649,62.7473
S8,1050.0,baseline,0.258,0.0022,1.0122,33.651,62.6913
S8,1055.0,baseline,0.2577,0.0012,-0.8082,33.642,62.6505
S8,1060.0,baseline,0.2576,0.0015,2.3307,33.636,62.5782
S8,1065.0,baseline,0.2575,0.0013,-1.3402,33.632,62.6044
S8,1070.0,baseline,0.2565,0.0022,-1.2022,33.636,62.4981
S8,1075.0,baseline,0.2564,0.0015,1.4164,33.638,62.72
S8,1080.0,baseline,0.2573,0.0018,0.6449,33.63,62.7879
S8,1085.0,baseline,0.2571,0.001,-1.044,33.626,62.7356
S8,1090.0,baseline,0.2567,0.0027,1.557,33.624,63.1428
S8,1095.0,baseline,0.2573,0.0011,-2.4414,33.622,62.8954
S8,1100.0,baseline,0.2571,0.0013,2.015,33.624,62.8751
S8,1105.0,baseline,0.2563,0.0024,-4.5783,33.63,63.1013
S8,1110.0,baseline,0.2574,0.0021,3.3894,33.63,63.0158
S8,1115.0,baseline,0.2575,0.002,0.7228,33.632,62.9046
S8,1120.0,baseline,0.2559,0.0017,-0.9724,33.622,62.9309
S8,1125.0,baseline,0.2539,0.0018,-4.7507,33.622,62.9539
S8,1130.0,baseline,0.2537,0.0021,7.7095,33.616,63.0571
S8,1135.0,baseline,0.2515,0.0025,-2.0176,33.614,63.0848
S8,1140.0,baseline,0.2495,0.0025,-2.4471,33.598,63.197
S8,1145.0,baseline,0.2454,0.0022,1.3132,33.618,63.129
S8,1150.0,baseline,0.2482,0.002,-2.7376,33.61,63.0854
S8,1155.0,baseline,0.2486,0.0018,4.11,33.602,63.0263
S8,1160.0,baseline,0.2489,0.001,0.1366,33.598,63.0259
S8,1165.0,baseline,0.2477,0.0022,1.0364,33.592,63.0958
S8,1170.0,baseline,0.2477,0.002,-2.2292,33.592,62.9263
S8,1175.0,baseline,0.25,0.0023,-1.8919,33.6,62.9641
S8,1180.0,baseline,0.244,0.0033,2.8697,33.59,62.5412
S8,1185.0,baseline,0.2399,0.0023,-3.1492,33.588,62.7058
S8,1190.0,baseline,0.2352,0.002,2.8426,33.594,62.7198
S8,1195.0,baseline,0.2381,0.0012,-0.2391,33.598,62.856
S8,1200.0,baseline,0.2398,0.0011,0.0815,33.584,62.7939
S8,1205.0,baseline,0.2381,0.0018,-0.5821,33.594,62.8046
S8,1210.0,baseline,0.237,0.0026,0.8293,33.576,62.8483
S8,1215.0,baseline,0.2365,0.0015,-1.6406,33.572,62.8089
S8,1220.0,baseline,0.236,0.0019,1.8539,33.568,62.8119
S8,1225.0,baseline,0.2349,0.0009,-1.1977,33.562,62.7185
S8,1230.0,baseline,0.2345,0.0013,0.5293,33.558,62.8022
S8,1235.0,baseline,0.2338,0.0012,-1.4861,33.566,62.7892
S8,1240.0,baseline,0.2349,0.0016,1.8086,33.56,62.9302
S8,1245.0,baseline,0.2367,0.0025,0.093,33.548,62.8791
S8,1250.0,baseline,0.2409,0.0026,-0.1191,33.556,62.9312
S8,1255.0,baseline,0.2397,0.0031,1.8234,33.566,62.9706
S8,1260.0,baseline,0.2401,0.0013,1.4224,33.544,62.949
S8,1265.0,baseline,0.2359,0.0027,-2.9862,33.554,63.1021
S8,1270.0,baseline,0.2318,0.0019,3.0956,33.554,62.8087
S8,1275.0,baseline,0.2334,0.0017,-11.5141,33.55,63.0386
S8,1280.0,baseline,0.2337,0.0016,7.2298,33.566,62.9875
S8,1285.0,baseline,0.233,0.001,1.0019,33.57,62.9288
S8,1290.0,baseline,0.2312,0.002,1.9623,33.564,63.0371
S8,1295.0,baseline,0.2371,0.0056,-6.4522,33.574,62.8839
S8,1300.0,baseline,0.2341,0.0022,4.4961,33.58,62.901
S8,1305.0,baseline,0.2345,0.0018,-0.0773,33.57,62.7901
S8,1310.0,baseline,0.234,0.0013,-0.057,33.574,62.8515
S8,1315.0,baseline,0.233,0.0021,-1.9326,33.564,63.1687
S8,1320.0,baseline,0.2339,0.0022,1.8849,33.578,62.8652
S8,1325.0,baseline,0.2315,0.0016,-0.5101,33.576,62.7626
S8,1665.0,amusement,0.2497,0.002,-20.2894,33.527,63.0683
S8,1670.0,amusement,0.2481,0.0017,1.257,33.528,63.2757
S8,1675.0,amusement,0.2495,0.0008,5.2222,33.534,63.2635
S8,1680.0,amusement,0.2493,0.0016,-5.3633,33.53,63.2968
S8,1685.0,amusement,0.2491,0.0023,1.2104,33.532,63.2017
S8,1690.0,amusement,0.2468,0.0015,3.6577,33.54,62.8153
S8,1695.0,amusement,0.2469,0.0012,-3.5021,33.534,62.7544
S8,1700.0,amusement,0.2445,0.0027,1.8084,33.54,62.8107
S8,1705.0,amusement,0.2423,0.001,-0.4968,33.53,62.7322
S8,1710.0,amusement,0.2411,0.0013,0.2784,33.518,62.8805
S8,1715.0,amusement,0.2405,0.001,-1.8628,33.516,62.8044
S8,1720.0,amusement,0.239,0.0014,0.2973,33.518,62.8593
S8,1725.0,amusement,0.2403,0.0009,3.519,33.522,62.9153
S8,1730.0,amusement,0.2441,0.0028,-2.2626,33.531,63.0189
S8,1735.0,amusement,0.2452,0.0025,-2.788,33.527,63.0651
S8,1740.0,amusement,0.2481,0.0016,5.2619,33.532,62.9884
S8,1745.0,amusement,0.2506,0.0016,-6.0066,33.53,63.0809
S8,1750.0,amusement,0.246,0.0042,1.8317,33.535,63.6154
S8,1755.0,amusement,0.237,0.0014,2.0492,33.527,62.8555
S8,1760.0,amusement,0.2353,0.0018,-0.4725,33.528,62.9632
S8,1765.0,amusement,0.2337,0.0015,0.7282,33.53,62.9758
S8,1770.0,amusement,0.24,0.0071,-8.1369,33.53,63.7407
S8,1775.0,amusement,0.2477,0.0016,7.0977,33.515,63.0159
S8,1780.0,amusement,0.249,0.0014,1.4134,33.513,63.002
S8,1785.0,amusement,0.2516,0.0017,-2.9956,33.503,62.9836
S8,1790.0,amusement,0.2516,0.0016,0.8577,33.493,63.0204
S8,1795.0,amusement,0.2525,0.0019,2.2985,33.508,62.9924
S8,1800.0,amusement,0.253,0.0015,-4.4583,33.501,63.0347
S8,1805.0,amusement,0.2527,0.0007,4.9303,33.498,63.0512
S8,1810.0,amusement,0.2534,0.0016,-1.7023,33.496,63.0061
S8,1815.0,amusement,0.2537,0.0015,-0.1995,33.488,62.9121
S8,1820.0,amusement,0.2541,0.0014,0.3526,33.495,62.9619
S8,1825.0,amusement,0.2528,0.0018,-0.4746,33.493,62.9651
S8,1830.0,amusement,0.2523,0.0016,1.0996,33.497,62.904
S8,1835.0,amusement,0.2532,0.0046,-2.2353,33.485,63.1802
S8,1840.0,amusement,0.2582,0.0014,-0.8702,33.495,63.1307
S8,1845.0,amusement,0.2569,0.0021,2.2918,33.49,63.0555
S8,1850.0,amusement,0.2577,0.0013,-1.4172,33.488,63.0582
S8,1855.0,amusement,0.2575,0.0017,-3.1561,33.482,63.0801
S8,1860.0,amusement,0.2592,0.0021,4.5701,33.482,62.977
S8,1865.0,amusement,0.2589,0.0016,-1.212,33.482,63.1293
S8,1870.0,amusement,0.2587,0.0012,0.5315,33.462,63.2938
S8,1875.0,amusement,0.2585,0.0014,0.8393,33.458,63.3976
S8,1880.0,amusement,0.2592,0.001,-0.2702,33.464,63.2961
S8,1885.0,amusement,0.2603,0.0015,0.999,33.452,63.3317
S8,1890.0,amusement,0.2601,0.0014,-2.4652,33.458,63.2588
S8,1895.0,amusement,0.2598,0.0016,1.1353,33.442,63.112
S8,1900.0,amusement,0.2594,0.0026,-1.6745,33.44,63.1227
S8,1905.0,amusement,0.2593,0.0036,-2.563,33.438,63.2112
S8,1910.0,amusement,0.2602,0.0013,2.6254,33.434,63.2886
S8,1915.0,amusement,0.2602,0.0012,2.5548,33.434,63.3387
S8,1920.0,amusement,0.2608,0.0011,-5.2953,33.438,63.2816
S8,1925.0,amusement,0.2608,0.0016,5.0719,33.442,63.2138
S8,1930.0,amusement,0.2603,0.0016,0.2797,33.43,63.2028
S8,1935.0,amusement,0.2611,0.0011,-2.1934,33.418,63.0899
S8,1940.0,amusement,0.2605,0.0016,1.0516,33.418,63.1052
S8,1945.0,amusement,0.2607,0.0016,-0.3012,33.43,62.9749
S8,1950.0,amusement,0.2621,0.0014,0.3389,33.416,63.119
S8,1955.0,amusement,0.2618,0.002,-1.0466,33.406,63.2568
S8,1960.0,amusement,0.263,0.0025,1.6371,33.42,63.1886
S8,1965.0,amusement,0.2621,0.0012,-1.6631,33.418,63.2921
S8,1970.0,amusement,0.2618,0.0024,1.1954,33.424,63.3063
S8,1975.0,amusement,0.2624,0.0016,1.1528,33.406,63.2985
S8,1980.0,amusement,0.2623,0.0016,-0.1176,33.418,63.3122
S8,1985.0,amusement,0.2624,0.0008,-1.5558,33.416,63.2934
S8,1990.0,amusement,0.2617,0.0016,2.2143,33.414,63.3253
S8,1995.0,amusement,0.2618,0.0019,-1.2423,33.418,63.3312
S8,2000.0,amusement,0.2614,0.0016,-0.377,33.414,63.3206
S8,2005.0,amusement,0.2617,0.0012,0.8956,33.414,63.323
S8,2010.0,amusement,0.2614,0.0015,-0.6721,33.4,63.3163
S8,2015.0,amusement,0.2622,0.0009,0.0569,33.418,63.3307
S8,2020.0,amusement,0.2621,0.0011,-0.7735,33.402,63.2968
S8,2025.0,amusement,0.2626,0.0013,1.8967,33.416,63.3255
S8,2030.0,amusement,0.2613,0.0015,-1.6043,33.42,63.2938
S8,3295.0,stress,0.5072,0.0112,3.9976,32.704,66.1244
S8,3300.0,stress,0.5246,0.0139,-6.712,32.694,63.2388
S8,3305.0,stress,0.5408,0.0041,19.8026,32.682,63.1476
S8,3310.0,stress,0.5379,0.0111,-5.5608,32.708,67.8677
S8,3315.0,stress,0.5351,0.0036,0.0136,32.714,63.4834
S8,3320.0,stress,0.5534,0.0139,-0.4873,32.708,63.9728
S8,3325.0,stress,0.5603,0.018,-4.9117,32.72,63.5049
S8,3330.0,stress,0.6125,0.0437,3.8876,32.71,67.2273
S8,3335.0,stress,0.6316,0.0108,-15.2548,32.722,65.3555
S8,3340.0,stress,0.6263,0.0101,23.1311,32.724,63.1412
S8,3345.0,stress,0.6636,0.0141,-19.4695,32.724,63.0948
S8,3350.0,stress,0.6735,0.0087,1.0038,32.708,66.4704
S8,3355.0,stress,0.6609,0.0204,2.5842,32.734,66.4132
S8,3360.0,stress,0.7217,0.024,3.9238,32.734,63.2808
S8,3365.0,stress,0.7159,0.029,6.7688,32.748,64.3005
S8,3370.0,stress,0.7414,0.0198,-9.3329,32.748,67.7379
S8,3375.0,stress,0.7389,0.017,1.1065,32.75,63.1104
S8,3380.0,stress,0.7457,0.0064,-5.9118,32.736,64.258
S8,3385.0,stress,0.733,0.0103,17.2392,32.734,65.5886
S8,3390.0,stress,0.7133,0.0097,-7.1505,32.732,64.2664
S8,3395.0,stress,0.7866,0.0124,-10.7397,32.742,63.3
S8,3400.0,stress,0.7956,0.0134,3.4778,32.742,63.0729
S8,3405.0,stress,0.7923,0.025,17.53,32.738,65.3991
S8,3410.0,stress,0.8061,0.0101,-11.0365,32.742,64.4664
S8,3415.0,stress,0.8245,0.0186,-3.1038,32.736,64.2904
S8,3420.0,stress,0.7974,0.037,-0.7701,32.752,66.0119
S8,3425.0,stress,0.8043,0.0185,3.9054,32.75,64.455
S8,3430.0,stress,0.8086,0.0189,10.9539,32.74,64.2748
S8,3435.0,stress,0.7883,0.0337,-8.7002,32.726,73.581
S8,3440.0,stress,0.7761,0.0312,-2.2047,32.717,64.7131
S8,3445.0,stress,0.7537,0.0285,-0.5858,32.695,66.2765
S8,3450.0,stress,0.7226,0.0088,-1.9374,32.711,62.8272
S8,3455.0,stress,0.7574,0.0286,-3.2106,32.701,64.2363
S8,3460.0,stress,0.7509,0.0216,1.4017,32.692,64.4617
S8,3465.0,stress,0.7356,0.0165,4.4209,32.668,63.489
S8,3470.0,stress,0.7723,0.0086,-4.7046,32.673,65.1398
S8,3475.0,stress,0.7747,0.0232,1.684,32.663,64.1441
S8,3480.0,stress,0.7692,0.015,2.8309,32.665,64.2141
S8,3485.0,stress,0.764,0.0352,6.9881,32.666,67.738
S8,3490.0,stress,0.7253,0.0268,-7.5854,32.655,64.2299
S8,3495.0,stress,0.7216,0.0228,6.1805,32.659,64.2666
S8,3500.0,stress,0.7351,0.0241,-5.547,32.656,63.7379
S8,3505.0,stress,0.7457,0.0072,-0.4123,32.655,62.9815
S8,3510.0,stress,0.775,0.0269,21.524,32.647,63.606
S8,3515.0,stress,0.8075,0.0153,-42.9503,32.639,66.8752
S8,3520.0,stress,0.7906,0.017,27.4532,32.638,63.4743
S8,3525.0,stress,0.8126,0.0147,-15.5085,32.634,66.4648
S8,3530.0,stress,0.7918,0.0094,5.5682,32.618,65.2862
S8,3535.0,stress,0.7575,0.0229,6.3328,32.626,62.823
S8,3540.0,stress,0.8719,0.0589,-2.9852,32.624,64.019
S8,3545.0,stress,0.9094,0.0121,-0.941,32.616,63.4877
S8,3550.0,stress,0.8934,0.0035,0.0807,32.608,63.5019
S8,3555.0,stress,0.8753,0.0089,3.9448,32.59,64.4007
S8,3560.0,stress,0.868,0.0256,-3.7748,32.58,63.9586
S8,3565.0,stress,0.8968,0.0213,6.2111,32.564,65.5484
S8,3570.0,stress,0.8566,0.0358,-3.4188,32.552,63.7228
S8,3575.0,stress,0.8617,0.0219,-4.1727,32.522,65.5949
S8,3580.0,stress,0.8647,0.0213,-1.469,32.546,64.7531
S8,3585.0,stress,0.8933,0.0122,-3.079,32.531,68.5112
S8,3590.0,stress,0.8943,0.0116,-9.2138,32.522,65.3068
S8,3595.0,stress,0.8755,0.0199,12.4367,32.52,64.4563
S8,3600.0,stress,0.8309,0.0247,0.5714,32.521,64.0612
S8,3605.0,stress,0.8267,0.0089,3.7928,32.523,65.6114
S8,3610.0,stress,0.8043,0.025,-2.4563,32.521,63.5686
S8,3615.0,stress,0.8416,0.0267,4.458,32.515,71.4367
S8,3620.0,stress,0.8212,0.0166,-5.0558,32.503,63.5818
S8,3625.0,stress,0.7839,0.0119,1.6409,32.504,63.4682
S8,3630.0,stress,0.7587,0.0046,0.2638,32.49,63.4806
S8,3635.0,stress,0.7482,0.0039,-1.4508,32.49,63.4043
S8,3640.0,stress,0.7381,0.0049,-1.8967,32.466,63.354
S8,3645.0,stress,0.7602,0.0404,-10.2232,32.452,63.8144
S8,3650.0,stress,0.8382,0.0192,11.8544,32.434,63.6541
S8,3655.0,stress,0.791,0.0096,1.7623,32.412,63.4021
S8,3660.0,stress,0.7781,0.0036,-0.9687,32.41,63.6162
S8,3665.0,stress,0.7592,0.0065,0.2888,32.376,63.6439
S8,3670.0,stress,0.7667,0.0152,4.5117,32.337,63.4158
S8,3675.0,stress,0.7772,0.0022,-6.297,32.319,63.614
S8,3680.0,stress,0.7655,0.0057,-4.3869,32.314,63.5995
S8,3685.0,stress,0.7621,0.01,8.7355,32.302,63.554
S8,3690.0,stress,0.7587,0.0109,-2.5978,32.284,63.538
S8,3695.0,stress,0.7475,0.0049,0.0764,32.262,63.3393
S8,3700.0,stress,0.7551,0.0147,-4.6927,32.244,63.4251
S8,3705.0,stress,0.7724,0.0119,6.8786,32.228,63.4514
S8,3710.0,stress,0.7665,0.0111,-3.9448,32.209,63.2954
S8,3715.0,stress,0.7511,0.0041,-0.3774,32.196,63.4086
S8,3720.0,stress,0.7481,0.0093,-1.4457,32.189,63.4394
S8,3725.0,stress,0.7612,0.0051,1.5436,32.171,63.5642
S8,3730.0,stress,0.7867,0.0067,-8.3301,32.162,63.5211
S8,3735.0,stress,0.8009,0.0115,9.7223,32.151,63.4635
S8,3740.0,stress,0.7999,0.015,-2.6116,32.141,63.5523
S8,3745.0,stress,0.7996,0.0197,-1.4282,32.131,63.485
S8,3750.0,stress,0.7786,0.011,-1.3971,32.114,63.5498
S8,3755.0,stress,0.7885,0.011,5.1477,32.102,63.8069
S8,3760.0,stress,0.8563,0.0444,-8.1943,32.11,64.0939
S8,3765.0,stress,0.8677,0.0162,21.9336,32.1,63.581
S8,3770.0,stress,0.8348,0.0166,-10.8052,32.094,63.4751
S8,3775.0,stress,0.8095,0.0074,-0.989,32.084,63.5055
S8,3780.0,stress,0.8173,0.0135,-8.5427,32.068,63.6491
S8,3785.0,stress,0.8239,0.0052,-2.0225,32.054,63.6246
S8,3790.0,stress,0.8104,0.0077,14.1031,32.06,63.5267
S8,3795.0,stress,0.8097,0.042,-17.4655,32.062,64.052
S8,3800.0,stress,0.9958,0.026,16.3898,32.058,64.4837
S8,3805.0,stress,1.0131,0.0225,4.1636,32.044,63.6936
S8,3810.0,stress,0.968,0.0114,-9.5026,32.03,63.6974
S8,3815.0,stress,0.9265,0.0149,2.4692,32.022,63.5991
S8,3820.0,stress,0.8938,0.0051,-0.4628,32.019,63.6989
S8,3825.0,stress,0.8636,0.0098,-1.5579,32.007,63.6998
S8,3830.0,stress,0.8433,0.0083,-2.826,32.024,63.8414
S8,3835.0,stress,0.8842,0.0198,1.3497,32.032,63.5941
S8,3840.0,stress,0.8582,0.0124,3.507,32.044,63.6056
S8,3845.0,stress,0.8321,0.0088,-0.8921,32.04,63.5792
S8,3850.0,stress,0.8033,0.0047,0.0729,32.046,63.7043
S8,3855.0,stress,0.7882,0.0042,1.348,32.04,63.6362
S8,3860.0,stress,0.7798,0.0048,-1.5406,32.04,63.5449
S8,3865.0,stress,0.7759,0.0072,-3.3803,32.054,63.7786
S8,3870.0,stress,0.7609,0.0022,4.2862,32.052,63.7067
S8,3875.0,stress,0.7502,0.0051,-1.1441,32.066,63.677
S8,3880.0,stress,0.7397,0.0022,0.8702,32.064,63.6274
S8,3885.0,stress,0.7674,0.0285,-1.4646,32.064,63.7404
S8,3890.0,stress,0.801,0.0045,0.2278,32.078,63.5329
S8,3895.0,stress,0.7896,0.0053,0.8589,32.092,63.6373
S8,3900.0,stress,0.7898,0.0047,-0.4617,32.068,63.6734
S8,3905.0,stress,0.7795,0.0026,0.6697,32.084,63.7136
S8,3910.0,stress,0.7761,0.0045,-1.4983,32.086,63.6093
S8,3915.0,stress,0.7732,0.0043,0.9196,32.096,63.761
S8,3920.0,stress,0.7781,0.0033,-1.3609,32.116,63.8526
S8,3925.0,stress,0.7811,0.0029,2.3788,32.112,63.8618
S8,3930.0,stress,0.7701,0.0072,-1.5445,32.124,63.8221
S8,3935.0,stress,0.8155,0.0384,0.637,32.134,63.8824
S8,3940.0,stress,0.8758,0.0093,-1.8363,32.132,64.0038
S8,3945.0,stress,0.9109,0.017,3.1186,32.132,63.8476
S8,3950.0,stress,1.0074,0.052,-5.2454,32.143,63.8872
S8,3955.0,stress,1.0206,0.0148,3.4952,32.153,63.8432
S8,3960.0,stress,0.9941,0.0103,-2.0819,32.156,63.7223
S9,75.0,baseline,0.4171,0.0057,12.0118,33.736,63.6762
S9,80.0,baseline,0.4129,0.0044,3.6731,33.704,64.2286
S9,85.0,baseline,0.4113,0.0057,-1.3647,33.682,63.333
S9,90.0,baseline,0.4096,0.0035,2.2039,33.647,63.4115
S9,95.0,baseline,0.4024,0.0035,-2.3862,33.659,63.1925
S9,100.0,baseline,0.3983,0.0018,-2.5573,33.646,63.6197
S9,105.0,baseline,0.3913,0.0032,0.4616,33.636,63.783
S9,110.0,baseline,0.3866,0.0043,-3.4578,33.576,63.7451
S9,115.0,baseline,0.393,0.005,6.8302,33.582,63.3003
S9,120.0,baseline,0.3845,0.0033,-5.448,33.574,63.2564
S9,125.0,baseline,0.3872,0.002,-0.6026,33.564,63.2934
S9,130.0,baseline,0.3918,0.0021,6.5808,33.588,63.4204
S9,135.0,baseline,0.384,0.0074,-3.0735,33.566,63.2826
S9,140.0,baseline,0.3894,0.0018,0.6499,33.57,62.9342
S9,145.0,baseline,0.3893,0.0016,0.1362,33.554,63.0047
S9,150.0,baseline,0.3849,0.0025,-0.4979,33.55,62.9771
S9,155.0,baseline,0.3799,0.0027,0.0616,33.528,62.6695
S9,160.0,baseline,0.3753,0.0033,-0.9653,33.524,63.0022
S9,165.0,baseline,0.3714,0.0017,0.4704,33.512,63.397
S9,170.0,baseline,0.3665,0.0024,0.8292,33.5,63.3525
S9,175.0,baseline,0.3627,0.0035,-0.5287,33.488,63.2681
S9,180.0,baseline,0.3613,0.0015,0.5017,33.48,63.1996
S9,185.0,baseline,0.3581,0.0017,0.4955,33.454,63.207
S9,190.0,baseline,0.3543,0.0013,-1.5212,33.444,63.3051
S9,195.0,baseline,0.3527,0.0022,1.1877,33.422,63.1338
S9,200.0,baseline,0.3486,0.0044,-7.4219,33.416,63.3338
S9,205.0,baseline,0.3476,0.0025,7.4966,33.418,63.2676
S9,210.0,baseline,0.346,0.002,-0.3052,33.392,63.2269
S9,215.0,baseline,0.341,0.0025,-0.6535,33.38,63.357
S9,220.0,baseline,0.3407,0.0015,-2.0042,33.394,63.3132
S9,225.0,baseline,0.3366,0.0057,-0.4702,33.384,63.416
S9,230.0,baseline,0.3444,0.0018,2.1883,33.386,63.2357
S9,235.0,baseline,0.3419,0.0031,-0.5621,33.392,63.3019
S9,240.0,baseline,0.338,0.0027,1.0106,33.373,63.1015
S9,245.0,baseline,0.3371,0.0017,0.443,33.375,63.0995
S9,250.0,baseline,0.3309,0.003,0.1902,33.359,63.1577
S9,255.0,baseline,0.3243,0.0019,-1.3391,33.34,63.3759
S9,260.0,baseline,0.3227,0.0015,0.9486,33.346,63.2482
S9,265.0,baseline,0.3197,0.0017,0.151,33.336,63.0795
S9,270.0,baseline,0.3178,0.001,0.3432,33.339,62.963
S9,275.0,baseline,0.3151,0.0021,-1.4563,33.337,63.0483
S9,280.0,baseline,0.3133,0.0015,0.8605,33.337,63.1381
S9,285.0,baseline,0.3109,0.0026,0.1643,33.333,63.1
S9,290.0,baseline,0.3084,0.0018,0.1791,33.333,63.1278
S9,295.0,baseline,0.3061,0.0023,0.2706,33.336,63.1143
S9,300.0,baseline,0.3057,0.0013,-0.764,33.332,63.1355
S9,305.0,baseline,0.3039,0.0012,-0.443,33.328,63.2871
S9,310.0,baseline,0.3014,0.0023,-3.4048,33.316,63.1993
S9,315.0,baseline,0.2999,0.0022,8.3429,33.322,63.2217
S9,320.0,baseline,0.3022,0.0019,-4.7425,33.318,63.2852
S9,325.0,baseline,0.3,0.0015,1.2725,33.31,63.2981
S9,330.0,baseline,0.302,0.0017,0.499,33.314,63.1828
S9,335.0,baseline,0.2995,0.0019,-1.5224,33.296,63.1527
S9,340.0,baseline,0.2972,0.0019,-0.0808,33.308,63.1644
S9,345.0,baseline,0.2946,0.0019,0.859,33.312,63.3045
S9,350.0,baseline,0.2951,0.0022,-8.0954,33.308,63.3019
S9,355.0,baseline,0.2951,0.0023,9.1209,33.31,63.1832
S9,360.0,baseline,0.2931,0.0011,-1.1717,33.324,63.1039
S9,365.0,baseline,0.2919,0.0009,1.4024,33.323,63.1773
S9,370.0,baseline,0.2933,0.0012,0.7208,33.321,63.1411
S9,375.0,baseline,0.2918,0.002,-3.4494,33.3,63.131
S9,380.0,baseline,0.2908,0.001,0.807,33.304,63.0057
S9,385.0,baseline,0.2887,0.0016,0.4863,33.314,63.0411
S9,390.0,baseline,0.2884,0.0011,-0.0085,33.31,63.2439
S9,395.0,baseline,0.2866,0.0027,0.1145,33.306,63.3031
S9,400.0,baseline,0.2865,0.0011,-0.2898,33.314,63.2265
S9,405.0,baseline,0.2854,0.0012,-0.205,33.304,63.0121
S9,410.0,baseline,0.2842,0.0017,0.0419,33.3,63.1025
S9,415.0,baseline,0.2837,0.0016,-4.7901,33.292,63.1681
S9,420.0,baseline,0.2802,0.0016,7.1288,33.292,63.5957
S9,425.0,baseline,0.2805,0.0014,-3.4056,33.314,63.3319
S9,430.0,baseline,0.2825,0.0034,5.2436,33.326,63.5258
S9,435.0,baseline,0.2787,0.0024,0.14,33.361,63.254
S9,440.0,baseline,0.2774,0.0017,-3.5653,33.375,63.1961
S9,445.0,baseline,0.2744,0.0019,0.7112,33.362,63.2098
S9,450.0,baseline,0.2746,0.0061,2.3046,33.372,63.2995
S9,455.0,baseline,0.2777,0.0034,-7.1487,33.392,63.3807
S9,460.0,baseline,0.2776,0.0011,4.1774,33.43,63.3141
S9,465.0,baseline,0.2761,0.002,0.0837,33.47,63.2338
S9,470.0,baseline,0.2752,0.0015,-1.2393,33.488,63.2371
S9,475.0,baseline,0.2737,0.0018,-0.2865,33.494,63.197
S9,480.0,baseline,0.2739,0.0015,4.7912,33.495,63.2091
S9,485.0,baseline,0.2722,0.0022,-8.4394,33.515,63.5377
S9,490.0,baseline,0.2726,0.0035,4.0158,33.518,63.4311
S9,495.0,baseline,0.2736,0.0021,1.212,33.518,63.5418
S9,500.0,baseline,0.2702,0.0022,-2.0846,33.552,63.5868
S9,505.0,baseline,0.2676,0.0014,0.6284,33.55,63.5196
S9,510.0,baseline,0.2658,0.001,-0.3176,33.556,63.5356
S9,515.0,baseline,0.2637,0.0017,0.0942,33.564,63.5732
S9,520.0,baseline,0.2597,0.002,-0.4838,33.546,64.0449
S9,525.0,baseline,0.2564,0.0011,0.713,33.546,64.1317
S9,530.0,baseline,0.2554,0.002,-0.6399,33.548,64.0174
S9,535.0,baseline,0.2546,0.0017,2.0174,33.572,63.8692
S9,540.0,baseline,0.2523,0.002,-0.7907,33.6,64.0894
S9,545.0,baseline,0.251,0.0022,-0.5565,33.651,64.1273
S9,550.0,baseline,0.2508,0.0012,-0.3665,33.687,63.9256
S9,555.0,baseline,0.2486,0.0018,0.6314,33.732,63.8695
S9,560.0,baseline,0.247,0.0018,-0.1117,33.788,63.7309
S9,565.0,baseline,0.2461,0.0013,0.5703,33.81,63.692
S9,570.0,baseline,0.2454,0.0014,0.0873,33.846,63.6803
S9,575.0,baseline,0.2448,0.0014,-0.1794,33.9,63.6723
S9,580.0,baseline,0.2422,0.0019,0.4274,33.938,63.7199
S9,585.0,baseline,0.247,0.0078,-7.3426,33.982,63.8476
S9,590.0,baseline,0.2572,0.0123,7.1877,34.036,63.0366
S9,595.0,baseline,0.2557,0.0024,5.8557,34.082,63.0829
S9,600.0,baseline,0.258,0.0028,-7.4041,34.118,63.1067
S9,605.0,baseline,0.2605,0.0162,12.0305,34.128,63.4641
S9,610.0,baseline,0.2554,0.0054,0.833,34.142,63.0001
S9,615.0,baseline,0.251,0.0017,-7.3964,34.159,63.1501
S9,620.0,baseline,0.2525,0.0118,-3.6163,34.178,63.158
S9,625.0,baseline,0.2493,0.0023,-3.2863,34.201,63.0539
S9,630.0,baseline,0.2499,0.0022,2.8439,34.224,63.0655
S9,635.0,baseline,0.248,0.0017,-1.2059,34.22,63.0789
S9,640.0,baseline,0.2493,0.0012,12.1153,34.205,63.0547
S9,645.0,baseline,0.25,0.0019,-14.7835,34.174,63.2019
S9,650.0,baseline,0.2493,0.0012,3.2521,34.16,63.0255
S9,655.0,baseline,0.249,0.002,0.6531,34.146,62.9592
S9,660.0,baseline,0.2483,0.0018,18.5754,34.137,62.949
S9,665.0,baseline,0.2459,0.004,-18.0851,34.114,63.1334
S9,670.0,baseline,0.2464,0.0022,-3.7458,34.13,63.1771
S9,675.0,baseline,0.2463,0.0015,4.3172,34.151,63.1927
S9,680.0,baseline,0.2457,0.0013,-1.284,34.147,63.1399
S9,685.0,baseline,0.2528,0.0057,0.3321,34.148,64.8301
S9,690.0,baseline,0.2491,0.0019,-1.5493,34.138,63.3573
S9,695.0,baseline,0.243,0.0038,6.3033,34.116,63.3406
S9,700.0,baseline,0.2416,0.0009,-5.1588,34.116,63.1758
S9,705.0,baseline,0.24,0.0058,-5.4476,34.116,63.1109
S9,710.0,baseline,0.2357,0.0032,8.1298,34.108,63.1337
S9,715.0,baseline,0.2407,0.0019,-1.6168,34.14,63.3019
S9,720.0,baseline,0.2418,0.0028,3.9466,34.134,63.6206
S9,725.0,baseline,0.2397,0.0033,-2.0551,34.154,63.2856
S9,730.0,baseline,0.237,0.0034,-5.9665,34.16,63.336
S9,735.0,baseline,0.2403,0.0022,6.7306,34.169,63.3673
S9,740.0,baseline,0.2408,0.0012,-5.3198,34.168,63.1891
S9,745.0,baseline,0.2372,0.003,10.0578,34.196,63.3855
S9,750.0,baseline,0.2369,0.0039,-3.5759,34.202,63.1625
S9,755.0,baseline,0.2365,0.0032,-5.9286,34.223,63.3551
S9,760.0,baseline,0.2362,0.0012,2.1329,34.256,63.1882
S9,765.0,baseline,0.236,0.001,-1.1754,34.266,63.2393
S9,770.0,baseline,0.2345,0.0011,0.4709,34.266,63.1762
S9,775.0,baseline,0.2315,0.0023,-2.4983,34.264,63.1438
S9,780.0,baseline,0.2294,0.0023,13.7219,34.248,63.3007
S9,785.0,baseline,0.2326,0.0017,-11.8435,34.274,63.2882
S9,790.0,baseline,0.2331,0.0017,-0.196,34.292,63.0865
S9,795.0,baseline,0.2308,0.0013,2.2889,34.286,63.2078
S9,800.0,baseline,0.2301,0.0016,-1.3495,34.28,63.3291
S9,805.0,baseline,0.2301,0.001,-1.7077,34.27,63.3535
S9,810.0,baseline,0.2289,0.0011,9.7226,34.254,63.3171
S9,815.0,baseline,0.2285,0.0026,-10.2219,34.248,63.3627
S9,820.0,baseline,0.2296,0.0017,0.722,34.248,63.1835
S9,825.0,baseline,0.2282,0.0015,1.9178,34.232,63.2303
S9,830.0,baseline,0.2297,0.0027,-1.7605,34.244,63.2041
S9,835.0,baseline,0.2356,0.0089,-1.8572,34.246,63.2752
S9,840.0,baseline,0.2305,0.0013,2.0344,34.244,63.1646
S9,845.0,baseline,0.2278,0.0017,2.7752,34.246,63.1983
S9,850.0,baseline,0.2257,0.0014,-2.3087,34.24,63.1191
S9,855.0,baseline,0.2246,0.0026,-0.984,34.232,63.2072
S9,860.0,baseline,0.2247,0.0015,1.062,34.232,63.1637
S9,865.0,baseline,0.2238,0.0026,7.8996,34.244,63.3161
S9,870.0,baseline,0.2405,0.0325,-4.8573,34.284,64.6472
S9,875.0,baseline,0.2246,0.0025,-2.8985,34.341,64.037
S9,880.0,baseline,0.2234,0.0018,-4.5128,34.347,63.8332
S9,885.0,baseline,0.2219,0.0012,3.2708,34.368,63.7582
S9,890.0,baseline,0.2211,0.0015,-1.0906,34.355,63.6926
S9,895.0,baseline,0.2196,0.002,3.4669,34.341,63.6958
S9,900.0,baseline,0.2188,0.0008,0.1489,34.356,63.9725
S9,905.0,baseline,0.2168,0.0018,0.4878,34.372,63.8915
S9,910.0,baseline,0.2163,0.002,-3.5406,34.398,63.4786
S9,915.0,baseline,0.2178,0.0021,8.6786,34.41,63.2417
S9,920.0,baseline,0.214,0.0014,-6.1877,34.428,63.1947
S9,925.0,baseline,0.2123,0.0021,-2.4979,34.436,63.0592
S9,930.0,baseline,0.2127,0.0022,-5.9172,34.434,63.336
S9,935.0,baseline,0.2147,0.0017,8.4049,34.438,63.13
S9,940.0,baseline,0.2123,0.003,-4.9371,34.45,63.4198
S9,945.0,baseline,0.2124,0.0033,0.9002,34.462,63.3839
S9,950.0,baseline,0.216,0.0022,1.5394,34.481,63.1556
S9,955.0,baseline,0.2148,0.0018,2.1134,34.506,63.1115
S9,960.0,baseline,0.2154,0.001,-0.1255,34.498,63.092
S9,965.0,baseline,0.2138,0.0016,-3.8359,34.497,63.2874
S9,970.0,baseline,0.2155,0.002,4.1056,34.497,62.8649
S9,975.0,baseline,0.2148,0.0018,-2.1426,34.501,63.1534
S9,980.0,baseline,0.2136,0.0022,5.7298,34.508,63.227
S9,985.0,baseline,0.214,0.0011,-4.8263,34.486,63.1968
S9,990.0,baseline,0.2109,0.0023,1.0573,34.487,63.0201
S9,995.0,baseline,0.2101,0.0014,0.1407,34.496,62.9467
S9,1000.0,baseline,0.2104,0.0028,-5.9751,34.501,63.2723
S9,1005.0,baseline,0.2112,0.0027,4.0919,34.502,63.062
S9,1010.0,baseline,0.2133,0.0034,-0.4738,34.536,63.1723
S9,1015.0,baseline,0.2146,0.0016,0.2173,34.562,62.9814
S9,1020.0,baseline,0.2127,0.0025,8.6961,34.574,62.9882
S9,1025.0,baseline,0.213,0.0018,-7.4165,34.57,63.1389
S9,1030.0,baseline,0.2111,0.0022,0.5626,34.572,62.9402
S9,1035.0,baseline,0.2105,0.0012,0.3132,34.588,63.3066
S9,1040.0,baseline,0.2158,0.0018,-2.6096,34.608,62.9023
S9,1045.0,baseline,0.2131,0.002,1.2645,34.632,63.2671
S9,1050.0,baseline,0.2153,0.0037,-0.0421,34.654,63.2054
S9,1055.0,baseline,0.2131,0.0021,6.6412,34.654,62.9611
S9,1060.0,baseline,0.2119,0.002,-3.6476,34.655,63.1799
S9,1065.0,baseline,0.2141,0.0031,5.4494,34.675,63.482
S9,1070.0,baseline,0.2153,0.001,-9.1573,34.714,63.1916
S9,1075.0,baseline,0.2138,0.002,1.0008,34.732,62.8739
S9,1080.0,baseline,0.2161,0.0018,1.4916,34.738,62.8373
S9,1085.0,baseline,0.2175,0.0022,0.3052,34.726,62.8729
S9,1090.0,baseline,0.2178,0.0015,-1.6481,34.711,62.9678
S9,1095.0,baseline,0.2181,0.0016,1.2217,34.692,63.0483
S9,1100.0,baseline,0.2168,0.0019,0.0358,34.68,62.9607
S9,1105.0,baseline,0.2158,0.001,-1.3466,34.672,62.8979
S9,1110.0,baseline,0.2163,0.001,0.4045,34.662,63.0203
S9,1115.0,baseline,0.2165,0.0019,-0.2022,34.656,62.9547
S9,1120.0,baseline,0.2164,0.0015,-0.2625,34.643,62.9771
S9,1125.0,baseline,0.213,0.0012,-1.7436,34.644,63.3092
S9,1130.0,baseline,0.2161,0.002,4.893,34.662,63.1369
S9,1135.0,baseline,0.2145,0.0014,-5.5996,34.71,63.1838
S9,1140.0,baseline,0.2134,0.0009,4.708,34.698,63.1284
S9,1145.0,baseline,0.2134,0.0021,-0.656,34.701,63.0122
S9,1150.0,baseline,0.2164,0.0022,-3.2311,34.695,63.2164
S9,1155.0,baseline,0.2153,0.0015,0.7098,34.71,63.152
S9,1160.0,baseline,0.2132,0.002,0.5547,34.726,63.1956
S9,1165.0,baseline,0.2135,0.0013,-2.0683,34.724,63.2122
S9,1170.0,baseline,0.2152,0.0019,-0.2416,34.718,63.1638
S9,1175.0,baseline,0.2181,0.0025,2.1629,34.724,63.1013
S9,1180.0,baseline,0.2172,0.002,0.4339,34.752,63.0481
S9,1185.0,baseline,0.2213,0.0018,0.7221,34.77,63.2781
S9,1190.0,baseline,0.2203,0.0016,-1.2489,34.768,63.2182
S9,1195.0,baseline,0.2209,0.0021,0.6365,34.764,63.1884
S9,1200.0,baseline,0.2242,0.0032,-1.5811,34.762,63.3625
S9,1205.0,baseline,0.2206,0.0029,-1.1617,34.75,63.3997
S9,1210.0,baseline,0.2321,0.0133,4.8688,34.756,63.3913
S9,1215.0,baseline,0.2784,0.0052,-3.3361,34.738,63.5811
S9,1220.0,baseline,0.2842,0.0024,0.009,34.738,63.1813
S9,1225.0,baseline,0.2848,0.0033,1.7177,34.748,63.4639
S9,1230.0,baseline,0.2881,0.0011,0.0196,34.736,63.3118
S9,1235.0,baseline,0.2839,0.0031,-0.8832,34.728,63.4033
S9,1240.0,baseline,0.2876,0.0034,-0.3233,34.74,63.4445
S9,1245.0,baseline,0.2901,0.0019,0.9368,34.736,63.3093
S9,1250.0,baseline,0.2869,0.0015,0.7514,34.714,63.2915
S9,1870.0,stress,0.9673,0.0042,2.16,33.683,62.8648
S9,1875.0,stress,0.9598,0.0127,5.764,33.676,62.9298
S9,1880.0,stress,0.9328,0.0073,-8.4756,33.676,62.8666
S9,1885.0,stress,0.9251,0.0045,0.3402,33.661,62.704
S9,1890.0,stress,0.9181,0.0059,-2.5756,33.661,62.8721
S9,1895.0,stress,0.9311,0.0037,3.8405,33.658,62.9412
S9,1900.0,stress,0.9028,0.0154,-4.3098,33.637,62.9788
S9,1905.0,stress,0.9074,0.0106,4.3295,33.634,62.8249
S9,1910.0,stress,0.9123,0.0085,1.926,33.616,62.8725
S9,1915.0,stress,0.9077,0.0102,-4.7125,33.596,62.9862
S9,1920.0,stress,0.914,0.0069,0.9553,33.586,63.1381
S9,1925.0,stress,0.9215,0.0102,-0.0359,33.574,62.8363
S9,1930.0,stress,0.9404,0.0229,0.2252,33.546,63.0371
S9,1935.0,stress,0.9474,0.0042,1.8397,33.544,62.8955
S9,1940.0,stress,0.9374,0.011,-1.3535,33.531,62.8547
S9,1945.0,stress,0.9553,0.0182,0.4243,33.504,62.7661
S9,1950.0,stress,0.9416,0.0023,-1.4817,33.493,62.913
S9,1955.0,stress,0.9407,0.0113,-0.6904,33.482,62.9316
S9,1960.0,stress,0.944,0.0051,2.5346,33.487,62.8585
S9,1965.0,stress,0.9554,0.0079,-0.3146,33.477,62.8626
S9,1970.0,stress,0.9593,0.0124,-0.4792,33.452,62.8651
S9,1975.0,stress,0.9641,0.0113,-0.413,33.448,62.9329
S9,1980.0,stress,0.9628,0.0061,1.9744,33.43,63.0058
S9,1985.0,stress,0.9635,0.003,-2.3043,33.424,62.962
S9,1990.0,stress,0.9922,0.0082,0.7922,33.406,62.928
S9,1995.0,stress,0.9915,0.0141,-5.3454,33.388,63.081
S9,2000.0,stress,0.9778,0.0057,5.4041,33.366,63.0387
S9,2005.0,stress,0.9786,0.0026,-0.5607,33.338,63.0214
S9,2010.0,stress,0.9911,0.008,-1.8907,33.335,63.0392
S9,2015.0,stress,1.0017,0.0047,3.9614,33.333,63.0367
S9,2020.0,stress,1.0201,0.0201,-3.5713,33.316,62.8592
S9,2025.0,stress,1.015,0.013,1.1684,33.312,62.9092
S9,2030.0,stress,1.0322,0.0118,-0.7121,33.304,63.0342
S9,2035.0,stress,1.0227,0.0097,1.5456,33.282,63.0041
S9,2040.0,stress,1.0598,0.0306,2.1068,33.254,63.001
S9,2045.0,stress,1.0182,0.0062,-2.4412,33.23,62.9525
S9,2050.0,stress,1.0415,0.0124,6.4608,33.216,62.9901
S9,2055.0,stress,1.0492,0.0141,-5.3703,33.208,62.954
S9,2060.0,stress,1.0604,0.0191,-1.8701,33.21,63.0005
S9,2065.0,stress,1.0567,0.0131,3.3285,33.185,62.9895
S9,2070.0,stress,1.0578,0.0097,-3.4431,33.172,62.888
S9,2075.0,stress,1.0266,0.0241,1.3528,33.15,63.534
S9,2080.0,stress,1.0214,0.0083,-1.4307,33.144,62.8605
S9,2085.0,stress,0.9993,0.0181,-4.1495,33.155,62.9619
S9,2090.0,stress,1.0314,0.0091,3.4415,33.122,62.9295
S9,2095.0,stress,1.0286,0.0069,2.0376,33.134,62.9445
S9,2100.0,stress,1.0276,0.0214,-2.5282,33.126,63.247
S9,2105.0,stress,1.0413,0.0217,4.7776,33.118,64.5557
S9,2110.0,stress,1.0524,0.0104,-1.8277,33.098,62.9026
S9,2115.0,stress,1.0566,0.0131,2.4972,33.096,62.9237
S9,2120.0,stress,1.0803,0.0152,-0.3886,33.112,63.0146
S9,2125.0,stress,1.0468,0.0129,-6.4132,33.12,62.9939
S9,2130.0,stress,1.048,0.0129,3.6628,33.132,64.1799
S9,2135.0,stress,1.0404,0.0068,8.8779,33.112,65.1623
S9,2140.0,stress,1.0541,0.0047,-6.8123,33.106,62.9421
S9,2145.0,stress,1.0649,0.0055,1.111,33.07,63.0042
S9,2150.0,stress,1.0599,0.0147,-5.5406,33.064,64.0973
S9,2155.0,stress,1.0637,0.0102,3.3725,33.058,62.8473
S9,2160.0,stress,1.0652,0.0145,4.1828,33.046,62.913
S9,2165.0,stress,1.1333,0.0206,-5.8682,33.042,62.8722
S9,2170.0,stress,1.1206,0.0172,2.0709,33.049,62.7245
S9,2175.0,stress,1.1168,0.0086,-3.5762,33.045,62.8476
S9,2180.0,stress,1.1366,0.0165,2.8516,33.017,62.6907
S9,2185.0,stress,1.1209,0.0095,0.1256,33.024,62.7592
S9,2190.0,stress,1.1281,0.0217,-3.0317,33.013,62.8335
S9,2195.0,stress,1.1392,0.0098,3.4277,32.996,62.8342
S9,2200.0,stress,1.1245,0.0039,0.0658,32.98,62.9683
S9,2205.0,stress,1.1278,0.0104,-7.9527,32.968,62.9877
S9,2210.0,stress,1.149,0.007,6.5517,32.976,62.9232
S9,2215.0,stress,1.1864,0.0241,-0.5242,32.978,62.8048
S9,2220.0,stress,1.2045,0.0191,4.2179,32.984,63.0811
S9,2225.0,stress,1.1786,0.0118,-2.6393,32.98,62.9673
S9,2230.0,stress,1.1718,0.017,-0.3256,32.976,62.894
S9,2235.0,stress,1.1714,0.0117,-0.2457,32.97,62.9253
S9,2240.0,stress,1.1556,0.0071,0.2832,32.974,63.0503
S9,2245.0,stress,1.1424,0.0051,0.421,32.96,62.7938
S9,2250.0,stress,1.146,0.0092,-0.1395,32.978,62.8819
S9,2255.0,stress,1.1566,0.0176,2.9021,32.972,62.8838
S9,2260.0,stress,1.1353,0.0092,-3.0512,32.972,62.8869
S9,2265.0,stress,1.151,0.009,0.3384,32.968,62.7306
S9,2270.0,stress,1.1584,0.0169,-1.2502,32.948,62.7635
S9,2275.0,stress,1.1389,0.0058,0.0708,32.964,62.6828
S9,2280.0,stress,1.1381,0.0072,-0.0129,32.96,62.8609
S9,2285.0,stress,1.1286,0.0028,-0.9568,32.964,62.785
S9,2290.0,stress,1.1233,0.0054,1.0462,32.958,62.8984
S9,2295.0,stress,1.1179,0.0091,-0.1581,32.968,62.908
S9,2300.0,stress,1.1217,0.0149,0.8984,32.958,62.9538
S9,2305.0,stress,1.1195,0.0043,-0.1882,32.944,62.994
S9,2310.0,stress,1.1203,0.0059,-0.7496,32.95,62.9993
S9,2315.0,stress,1.1126,0.0049,0.487,32.944,63.0059
S9,2320.0,stress,1.1007,0.0035,1.9816,32.948,62.989
S9,2325.0,stress,1.0979,0.0051,-2.5983,32.942,62.9982
S9,2330.0,stress,1.1073,0.0071,0.1444,32.946,63.1197
S9,2335.0,stress,1.1178,0.0075,1.123,32.942,63.1467
S9,2340.0,stress,1.1045,0.0043,-1.7921,32.964,63.1392
S9,2345.0,stress,1.1186,0.0096,1.7656,32.956,63.1203
S9,2350.0,stress,1.1158,0.005,-1.3502,32.948,62.9922
S9,2355.0,stress,1.1267,0.0142,0.4347,32.966,62.8935
S9,2360.0,stress,1.1348,0.0082,-1.4815,32.958,62.925
S9,2365.0,stress,1.1227,0.0029,3.7689,32.956,62.8791
S9,2370.0,stress,1.1333,0.0086,-2.0444,32.954,62.902
S9,2375.0,stress,1.1472,0.0116,-0.0028,32.968,62.793
S9,2380.0,stress,1.1324,0.0041,-0.9007,32.962,62.747
S9,2385.0,stress,1.132,0.0102,-0.3246,32.962,62.83
S9,2390.0,stress,1.187,0.0291,2.375,32.956,62.8897
S9,2395.0,stress,1.1768,0.0184,-3.1261,32.946,62.8866
S9,2400.0,stress,1.157,0.0082,1.1217,32.94,62.9156
S9,2405.0,stress,1.1361,0.0083,2.8649,32.936,62.989
S9,2410.0,stress,1.1843,0.0221,-2.8677,32.932,63.0482
S9,2415.0,stress,1.1843,0.0073,0.4455,32.926,63.1995
S9,2420.0,stress,1.174,0.0059,1.3059,32.93,63.2388
S9,2425.0,stress,1.1675,0.0078,0.1199,32.908,63.1782
S9,2430.0,stress,1.1738,0.0069,-1.8241,32.908,63.0313
S9,2435.0,stress,1.1841,0.0068,0.9491,32.896,63.0151
S9,2440.0,stress,1.2354,0.0314,-0.0331,32.894,62.9219
S9,2445.0,stress,1.1936,0.011,-2.8814,32.878,62.8738
S9,2450.0,stress,1.1808,0.0063,4.6924,32.89,62.9725
S9,2455.0,stress,1.1744,0.0064,-2.3137,32.878,62.9167
S9,2460.0,stress,1.1938,0.0145,3.4794,32.852,63.0649
S9,2465.0,stress,1.2001,0.0287,-2.3336,32.76,62.9322
S9,2470.0,stress,1.2212,0.0116,11.2217,32.804,62.9
S9,2475.0,stress,1.2373,0.0183,-12.3316,32.841,63.3455
S9,2480.0,stress,1.1813,0.0098,0.0242,32.835,62.9254
S9,2485.0,stress,1.1659,0.006,1.527,32.82,63.0227
S9,2490.0,stress,1.1509,0.0057,-2.1908,32.814,62.9087
S9,2495.0,stress,1.1449,0.0059,1.743,32.835,62.9906
S9,2500.0,stress,1.1424,0.0061,-1.9455,32.837,62.9711
S9,2505.0,stress,1.1371,0.0049,2.1666,32.842,63.0558
S9,2510.0,stress,1.1438,0.0082,-1.7173,32.84,63.0018
S9,4060.0,amusement,0.3826,0.0025,1.5983,31.126,63.0596
S9,4065.0,amusement,0.3798,0.0019,0.6458,31.144,63.1072
S9,4070.0,amusement,0.3768,0.0015,1.7002,31.178,63.3101
S9,4075.0,amusement,0.3754,0.0016,-1.7914,31.204,63.1369
S9,4080.0,amusement,0.3731,0.0025,1.583,31.214,63.2209
S9,4085.0,amusement,0.3841,0.0078,-2.0017,31.21,63.1835
S9,4090.0,amusement,0.3905,0.0022,1.0506,31.212,63.3971
S9,4095.0,amusement,0.3882,0.0016,-0.953,31.216,63.4123
S9,4100.0,amusement,0.3863,0.0015,1.0642,31.216,63.4715
S9,4105.0,amusement,0.3869,0.0011,-0.3654,31.23,63.4937
S9,4110.0,amusement,0.3877,0.0018,-0.1853,31.22,63.4479
S9,4115.0,amusement,0.3889,0.0023,0.7558,31.212,63.4951
S9,4120.0,amusement,0.3906,0.0039,0.0637,31.224,63.4827
S9,4125.0,amusement,0.3939,0.002,-0.8911,31.22,63.4066
S9,4130.0,amusement,0.3911,0.002,0.9273,31.222,63.1298
S9,4135.0,amusement,0.3902,0.0016,-0.8566,31.208,63.1091
S9,4140.0,amusement,0.3921,0.0014,0.5376,31.218,63.1039
S9,4145.0,amusement,0.3928,0.0026,-1.2641,31.214,63.1164
S9,4150.0,amusement,0.396,0.0017,2.2872,31.218,63.0685
S9,4155.0,amusement,0.396,0.0014,-1.9179,31.206,63.1288
S9,4160.0,amusement,0.395,0.002,0.3389,31.188,63.074
S9,4165.0,amusement,0.3939,0.0019,0.2184,31.2,63.3877
S9,4170.0,amusement,0.3935,0.0023,0.4576,31.194,63.1076
S9,4175.0,amusement,0.3944,0.0016,0.1326,31.178,63.0449
S9,4180.0,amusement,0.3933,0.0009,-0.8392,31.178,63.0978
S9,4185.0,amusement,0.3924,0.0014,0.9396,31.184,63.0874
S9,4190.0,amusement,0.3925,0.0017,-1.084,31.176,63.1974
S9,4195.0,amusement,0.3924,0.0025,0.1649,31.166,63.0723
S9,4200.0,amusement,0.3913,0.002,0.0728,31.17,63.1983
S9,4205.0,amusement,0.3918,0.0015,0.0961,31.172,63.3273
S9,4210.0,amusement,0.3925,0.0026,-0.0743,31.16,63.4338
S9,4215.0,amusement,0.393,0.0014,-0.4168,31.148,63.4562
S9,4220.0,amusement,0.3941,0.0027,0.3931,31.134,63.4619
S9,4225.0,amusement,0.3976,0.0032,0.4209,31.138,63.3787
S9,4230.0,amusement,0.3985,0.0017,-0.5257,31.124,63.3659
S9,4235.0,amusement,0.3985,0.0033,-0.4609,31.1,63.1786
S9,4240.0,amusement,0.4012,0.0019,1.1956,31.11,63.2957
S9,4245.0,amusement,0.3974,0.0008,-0.2329,31.098,63.2969
S9,4250.0,amusement,0.3961,0.0012,-0.1881,31.084,63.2461
S9,4255.0,amusement,0.3933,0.0041,0.4421,31.09,63.232
S9,4260.0,amusement,0.3951,0.0014,-0.034,31.09,63.2286
S9,4265.0,amusement,0.3959,0.0019,-0.787,31.092,63.1556
S9,4270.0,amusement,0.3986,0.0015,0.4563,31.082,63.1979
S9,4275.0,amusement,0.3951,0.0027,0.0223,31.086,63.2338
S9,4280.0,amusement,0.3944,0.0024,-0.3771,31.078,63.2279
S9,4285.0,amusement,0.393,0.0024,0.7038,31.082,63.2308
S9,4290.0,amusement,0.3924,0.0024,-0.7137,31.084,63.2308
S9,4295.0,amusement,0.3914,0.0019,0.3172,31.078,63.2133
S9,4300.0,amusement,0.3902,0.0015,-0.1533,31.062,63.1366
S9,4305.0,amusement,0.3901,0.0022,0.6746,31.066,63.2461
S9,4310.0,amusement,0.3939,0.0026,-0.7545,31.052,63.2131
S9,4315.0,amusement,0.3928,0.0018,-0.1866,31.05,63.2443
S9,4320.0,amusement,0.3919,0.0021,-0.2943,31.036,63.2308
S9,4325.0,amusement,0.3896,0.0023,1.5112,31.044,63.2213
S9,4330.0,amusement,0.3893,0.0016,-0.4592,31.044,63.1744
S9,4335.0,amusement,0.3918,0.0038,-0.7023,31.032,62.9951
S9,4340.0,amusement,0.3915,0.0015,-0.4607,31.026,63.0079
S9,4345.0,amusement,0.393,0.0011,1.9119,31.02,62.9203
S9,4350.0,amusement,0.3935,0.0029,-1.076,31.028,63.0174
S9,4355.0,amusement,0.3943,0.0027,-0.3156,31.03,63.3355
S9,4360.0,amusement,0.3925,0.0009,0.2243,31.036,63.4688
S9,4365.0,amusement,0.3911,0.0018,0.171,31.05,63.3282
S9,4370.0,amusement,0.3909,0.0012,-0.6766,31.042,62.9557
S9,4375.0,amusement,0.3898,0.0027,0.4396,31.044,62.9942
S9,4380.0,amusement,0.3882,0.002,-0.3489,31.044,63.1886
S9,4385.0,amusement,0.3904,0.0027,0.6299,31.044,63.1351
S9,4390.0,amusement,0.3934,0.0014,-0.3537,31.024,63.1025
S9,4395.0,amusement,0.3919,0.0023,0.4077,31.04,62.9962
S9,4400.0,amusement,0.3914,0.0016,-0.2912,31.02,63.0594
S9,4405.0,amusement,0.3904,0.0011,0.3355,31.024,63.1028
S9,4410.0,amusement,0.3938,0.0016,-0.0398,31.028,63.1612
S9,4415.0,amusement,0.3861,0.0062,-0.1041,31.006,63.287
S9,4420.0,amusement,0.3969,0.004,-0.7959,31.012,63.2585
S9,4425.0,amusement,0.3967,0.0023,-0.7551,31.028,63.238
S10,95.0,baseline,0.4059,0.0467,-6.5448,33.273,62.9401
S10,100.0,baseline,0.3797,0.0081,4.5823,33.269,63.1811
S10,105.0,baseline,0.3733,0.0021,-3.141,33.298,62.8346
S10,110.0,baseline,0.4584,0.0788,3.6379,33.3095,62.8153
S10,115.0,baseline,0.4464,0.0126,-3.9323,33.3145,62.811
S10,120.0,baseline,0.4243,0.0036,3.8013,33.319,62.8346
S10,125.0,baseline,0.3924,0.0106,-0.7449,33.329,63.2116
S10,130.0,baseline,0.3794,0.0056,-2.0665,33.3155,63.0943
S10,135.0,baseline,0.3781,0.003,-1.3926,33.3285,63.0194
S10,140.0,baseline,0.3775,0.0008,0.8174,33.329,62.8721
S10,145.0,baseline,0.3771,0.0024,1.1947,33.324,62.8793
S10,150.0,baseline,0.3783,0.0049,-1.0327,33.322,62.809
S10,155.0,baseline,0.3802,0.0027,-1.1201,33.329,62.9904
S10,160.0,baseline,0.3783,0.0013,0.7094,33.3275,63.1033
S10,165.0,baseline,0.3776,0.002,-0.5913,33.33,63.0792
S10,170.0,baseline,0.3765,0.0012,0.5561,33.338,62.9693
S10,175.0,baseline,0.3773,0.0022,0.0731,33.334,63.0698
S10,180.0,baseline,0.3838,0.0083,-1.0201,33.3345,63.039
S10,185.0,baseline,0.3799,0.0045,0.1931,33.326,63.114
S10,190.0,baseline,0.3773,0.0022,0.5831,33.336,62.8236
S10,195.0,baseline,0.3786,0.0012,0.148,33.332,62.8475
S10,200.0,baseline,0.3788,0.0012,0.9452,33.328,62.845
S10,205.0,baseline,0.3791,0.002,-1.332,33.326,62.8411
S10,210.0,baseline,0.3799,0.0012,0.5697,33.322,62.8411
S10,215.0,baseline,0.3802,0.0014,0.6574,33.318,62.8589
S10,220.0,baseline,0.3791,0.0011,-0.3578,33.311,62.8913
S10,225.0,baseline,0.3799,0.0027,4.3485,33.318,63.1793
S10,230.0,baseline,0.3745,0.0019,-4.576,33.321,62.7164
S10,235.0,baseline,0.3754,0.0018,-0.3966,33.322,62.6959
S10,240.0,baseline,0.3753,0.0019,0.0285,33.327,62.6932
S10,245.0,baseline,0.3758,0.0011,-0.6133,33.322,62.7146
S10,250.0,baseline,0.3767,0.0015,0.6991,33.3225,62.7104
S10,255.0,baseline,0.3775,0.0016,0.4526,33.3285,62.6939
S10,260.0,baseline,0.3773,0.002,-0.6859,33.3295,62.6977
S10,265.0,baseline,0.378,0.0017,0.3803,33.3255,62.6974
S10,270.0,baseline,0.3838,0.012,-3.8717,33.321,62.8322
S10,275.0,baseline,0.3796,0.0016,5.1248,33.326,62.8663
S10,280.0,baseline,0.3872,0.0094,-1.4988,33.3335,62.7923
S10,285.0,baseline,0.3851,0.0017,0.3119,33.3365,62.5212
S10,290.0,baseline,0.3868,0.0056,-2.7048,33.338,62.7067
S10,295.0,baseline,0.391,0.0023,2.8869,33.368,62.9867
S10,300.0,baseline,0.3907,0.0016,0.0772,33.37,62.9556
S10,305.0,baseline,0.3962,0.0032,-0.1378,33.358,63.0157
S10,310.0,baseline,0.398,0.0018,-0.2151,33.396,63.2429
S10,315.0,baseline,0.396,0.0023,-0.7762,33.387,63.0955
S10,320.0,baseline,0.3936,0.0023,0.9578,33.394,62.8135
S10,325.0,baseline,0.3934,0.0014,0.1228,33.394,62.8501
S10,330.0,baseline,0.3904,0.003,-0.9618,33.398,62.942
S10,335.0,baseline,0.386,0.002,1.2551,33.402,62.8949
S10,340.0,baseline,0.3859,0.0018,-0.7725,33.398,62.9203
S10,345.0,baseline,0.3851,0.0017,-0.047,33.383,62.8976
S10,350.0,baseline,0.3843,0.0015,0.1065,33.385,62.9075
S10,355.0,baseline,0.3871,0.0063,8.8705,33.382,63.2669
S10,360.0,baseline,0.3875,0.002,-8.0968,33.393,63.0589
S10,365.0,baseline,0.3846,0.0016,-0.5087,33.414,63.1752
S10,370.0,baseline,0.3834,0.0015,0.1005,33.413,63.0372
S10,375.0,baseline,0.3828,0.0022,-0.112,33.422,62.8081
S10,380.0,baseline,0.3821,0.0013,0.0806,33.43,62.7911
S10,385.0,baseline,0.3807,0.0019,-0.1208,33.422,62.8949
S10,390.0,baseline,0.3797,0.0013,1.9412,33.43,63.0452
S10,395.0,baseline,0.3759,0.0031,0.1278,33.434,63.1585
S10,400.0,baseline,0.3764,0.0021,-2.3291,33.43,62.9412
S10,405.0,baseline,0.375,0.0038,-3.3177,33.423,63.2761
S10,410.0,baseline,0.3764,0.0098,3.3763,33.425,63.0824
S10,415.0,baseline,0.3763,0.0167,1.8554,33.449,63.3094
S10,420.0,baseline,0.3768,0.0042,-5.8752,33.458,63.2403
S10,425.0,baseline,0.3783,0.0064,4.1377,33.4795,63.1208
S10,430.0,baseline,0.372,0.0021,0.2318,33.5085,62.9786
S10,435.0,baseline,0.3719,0.0017,-0.0924,33.541,63.0256
S10,440.0,baseline,0.3737,0.0016,0.4223,33.553,63.0466
S10,445.0,baseline,0.3749,0.0012,-0.6509,33.562,63.0399
S10,450.0,baseline,0.3745,0.0014,0.3149,33.559,63.0589
S10,455.0,baseline,0.3758,0.0016,-0.2613,33.561,62.9837
S10,460.0,baseline,0.3764,0.0016,-0.1977,33.563,63.0054
S10,465.0,baseline,0.3767,0.0017,0.2266,33.554,62.9781
S10,470.0,baseline,0.3771,0.0018,-0.279,33.558,62.9798
S10,475.0,baseline,0.3782,0.0028,6.6044,33.569,62.9207
S10,480.0,baseline,0.3823,0.0026,-7.4552,33.547,63.3478
S10,485.0,baseline,0.3974,0.0107,0.6403,33.55,64.145
S10,490.0,baseline,0.4012,0.0022,-0.5743,33.55,64.1065
S10,495.0,baseline,0.4014,0.0017,0.5187,33.583,64.17
S10,500.0,baseline,0.4027,0.0013,0.2586,33.617,64.2163
S10,505.0,baseline,0.4029,0.0015,0.1389,33.641,64.2052
S10,510.0,baseline,0.4034,0.0014,0.8232,33.6555,64.193
S10,515.0,baseline,0.4045,0.0021,-0.6536,33.671,64.1482
S10,520.0,baseline,0.3901,0.0089,3.1499,33.6965,63.8826
S10,525.0,baseline,0.3866,0.0042,0.5191,33.7035,63.7641
S10,530.0,baseline,0.391,0.0018,-2.309,33.683,63.3107
S10,535.0,baseline,0.3925,0.002,-1.473,33.6585,63.2855
S10,540.0,baseline,0.3935,0.0014,0.0811,33.642,63.3854
S10,545.0,baseline,0.3948,0.0021,-0.3368,33.623,63.3313
S10,550.0,baseline,0.3964,0.0018,-0.2193,33.604,63.272
S10,555.0,baseline,0.3964,0.0022,1.0088,33.602,63.298
S10,560.0,baseline,0.3962,0.0023,-0.5506,33.602,63.3387
S10,565.0,baseline,0.3978,0.0015,-0.6545,33.586,63.3439
S10,570.0,baseline,0.3982,0.0015,-0.0523,33.568,63.3381
S10,575.0,baseline,0.3988,0.0023,0.5788,33.573,63.349
S10,580.0,baseline,0.3994,0.0013,0.9445,33.567,63.2976
S10,585.0,baseline,0.399,0.0022,1.6381,33.561,63.4109
S10,590.0,baseline,0.3971,0.0043,1.7318,33.555,64.1569
S10,595.0,baseline,0.3946,0.0025,-0.0472,33.573,63.152
S10,600.0,baseline,0.3962,0.0018,-4.276,33.604,62.97
S10,605.0,baseline,0.3981,0.0027,2.5628,33.61,63.7122
S10,610.0,baseline,0.4016,0.005,-6.5418,33.625,63.225
S10,615.0,baseline,0.4013,0.0029,3.6671,33.637,63.6781
S10,620.0,baseline,0.403,0.0017,2.7346,33.652,63.0866
S10,625.0,baseline,0.4045,0.0015,-2.6146,33.656,63.4239
S10,630.0,baseline,0.4036,0.0038,0.8774,33.6535,63.3768
S10,635.0,baseline,0.407,0.0021,-0.6128,33.6465,63.4614
S10,640.0,baseline,0.4068,0.0017,-0.0057,33.639,63.4431
S10,645.0,baseline,0.407,0.0019,0.99,33.623,63.1837
S10,650.0,baseline,0.4068,0.0016,-1.0061,33.614,63.3329
S10,655.0,baseline,0.396,0.0143,9.5336,33.591,64.3021
S10,660.0,baseline,0.4011,0.0068,-11.8035,33.598,63.9234
S10,665.0,baseline,0.4023,0.004,2.7206,33.628,63.3505
S10,670.0,baseline,0.399,0.01,-6.6494,33.641,63.4637
S10,675.0,baseline,0.4108,0.0017,7.6715,33.662,63.1782
S10,680.0,baseline,0.4149,0.0042,2.4102,33.6595,63.1624
S10,685.0,baseline,0.4174,0.0015,-2.401,33.652,63.03
S10,690.0,baseline,0.415,0.0023,-2.257,33.6585,63.0056
S10,695.0,baseline,0.4132,0.0022,-0.3131,33.6615,62.9641
S10,700.0,baseline,0.4141,0.0024,-12.6509,33.6505,63.1024
S10,705.0,baseline,0.4198,0.0018,16.9192,33.6555,63.0695
S10,710.0,baseline,0.4207,0.0019,-1.9729,33.661,63.127
S10,715.0,baseline,0.4222,0.0018,-1.0554,33.6845,63.0643
S10,720.0,baseline,0.4231,0.0017,0.8841,33.6875,63.059
S10,725.0,baseline,0.4279,0.0045,4.9549,33.686,63.2413
S10,730.0,baseline,0.4164,0.0037,-8.0596,33.683,63.6924
S10,735.0,baseline,0.4143,0.0049,4.1197,33.6795,63.3898
S10,740.0,baseline,0.4157,0.0047,-3.0111,33.717,64.3271
S10,745.0,baseline,0.4183,0.0026,-1.5502,33.744,63.0375
S10,750.0,baseline,0.4194,0.002,4.1428,33.759,62.8988
S10,755.0,baseline,0.42,0.0026,-1.1846,33.765,62.784
S10,760.0,baseline,0.4324,0.0205,2.0584,33.766,63.9778
S10,765.0,baseline,0.4358,0.0024,-2.5389,33.774,64.4426
S10,770.0,baseline,0.4354,0.002,-0.4791,33.804,64.4177
S10,775.0,baseline,0.4265,0.0091,2.0995,33.841,64.2504
S10,780.0,baseline,0.4187,0.0039,2.8829,33.858,62.8876
S10,785.0,baseline,0.4219,0.0019,-1.7143,33.892,62.867
S10,790.0,baseline,0.4205,0.0023,-2.8468,33.907,62.7146
S10,795.0,baseline,0.4217,0.0025,0.2579,33.907,62.7243
S10,800.0,baseline,0.4217,0.0023,-0.27,33.908,62.932
S10,805.0,baseline,0.4224,0.0015,0.6127,33.899,62.7975
S10,810.0,baseline,0.4207,0.0048,-3.7592,33.905,63.6649
S10,815.0,baseline,0.4294,0.0195,3.4012,33.921,63.0422
S10,820.0,baseline,0.4177,0.0077,0.7612,33.937,63.0961
S10,825.0,baseline,0.4208,0.0021,-1.4124,33.935,62.8349
S10,830.0,baseline,0.4237,0.0022,0.1698,33.923,62.7983
S10,835.0,baseline,0.4256,0.0016,0.3592,33.926,63.0673
S10,840.0,baseline,0.423,0.0036,5.6883,33.926,63.4593
S10,845.0,baseline,0.4249,0.0013,-4.452,33.937,62.8778
S10,850.0,baseline,0.4254,0.0016,8.3687,33.972,63.2005
S10,855.0,baseline,0.4249,0.0019,-9.2519,33.967,63.2933
S10,860.0,baseline,0.4236,0.004,-8.7536,33.965,63.4861
S10,865.0,baseline,0.4232,0.005,7.2518,33.975,63.6272
S10,870.0,baseline,0.4214,0.0033,2.774,33.9895,62.9054
S10,875.0,baseline,0.4224,0.0022,-0.6336,33.9945,63.0473
S10,880.0,baseline,0.4207,0.0046,-1.4949,33.984,63.3159
S10,885.0,baseline,0.4285,0.0049,-1.5909,33.974,63.1493
S10,890.0,baseline,0.4221,0.0077,-0.7748,34.002,63.5804
S10,895.0,baseline,0.4253,0.0017,4.8135,34.0015,63.0615
S10,900.0,baseline,0.4279,0.0015,-1.7491,34.0135,62.9213
S10,905.0,baseline,0.4286,0.0025,-0.5153,34.019,62.9781
S10,910.0,baseline,0.4294,0.0018,0.006,34.004,63.0303
S10,915.0,baseline,0.4287,0.0019,0.1673,33.992,63.013
S10,920.0,baseline,0.43,0.0017,0.9391,33.979,62.9783
S10,925.0,baseline,0.4305,0.0018,-1.1094,33.985,63.0298
S10,930.0,baseline,0.4288,0.0053,-6.6586,33.982,63.2651
S10,935.0,baseline,0.4287,0.002,8.257,33.986,63.1478
S10,940.0,baseline,0.4214,0.0152,-0.0239,33.9955,64.2785
S10,945.0,baseline,0.3917,0.0021,-1.7863,34.006,64.0728
S10,950.0,baseline,0.3901,0.0017,-0.3226,33.996,64.0693
S10,955.0,baseline,0.3872,0.0023,0.2262,33.9925,64.0704
S10,960.0,baseline,0.387,0.0021,0.9798,33.985,64.0618
S10,965.0,baseline,0.3863,0.0018,-0.9764,33.985,64.0699
S10,970.0,baseline,0.3852,0.0021,0.4986,33.979,64.0714
S10,975.0,baseline,0.3845,0.002,-0.2938,33.974,64.0691
S10,980.0,baseline,0.3854,0.0015,0.1927,33.967,64.071
S10,985.0,baseline,0.385,0.0017,0.7748,33.973,64.0704
S10,990.0,baseline,0.3918,0.0168,3.3011,33.966,64.1526
S10,995.0,baseline,0.4182,0.0049,-3.7444,33.984,64.2611
S10,1000.0,baseline,0.4147,0.002,0.0998,33.9865,64.2872
S10,1005.0,baseline,0.4131,0.002,-0.7784,33.998,64.3434
S10,1010.0,baseline,0.4129,0.0014,0.6778,34.0,64.2978
S10,1015.0,baseline,0.4126,0.0028,1.1457,34.0295,64.32
S10,1020.0,baseline,0.4124,0.0013,-1.0224,34.039,64.353
S10,1025.0,baseline,0.4121,0.0012,0.0636,34.018,64.2721
S10,1030.0,baseline,0.4116,0.0015,-0.5313,34.039,64.2937
S10,1035.0,baseline,0.4115,0.0021,-0.0832,34.025,64.3161
S10,1040.0,baseline,0.4134,0.0161,11.1321,34.024,64.0728
S10,1045.0,baseline,0.4496,0.0274,-8.3126,34.031,63.9758
S10,1050.0,baseline,0.4261,0.0063,-2.3757,34.046,64.1701
S10,1055.0,baseline,0.4127,0.0035,-0.4982,34.042,64.1756
S10,1060.0,baseline,0.4066,0.0021,1.5154,34.035,64.1037
S10,1065.0,baseline,0.4024,0.0017,-1.5128,34.032,64.1351
S10,1070.0,baseline,0.4,0.0018,-0.1244,34.033,64.117
S10,1075.0,baseline,0.3984,0.0023,0.7529,34.031,64.148
S10,1080.0,baseline,0.3971,0.0017,0.1398,34.028,64.1564
S10,1085.0,baseline,0.3956,0.0016,-0.7808,34.018,64.177
S10,1090.0,baseline,0.3942,0.0016,0.4808,34.0075,64.1586
S10,1095.0,baseline,0.3922,0.0017,-0.4062,34.0105,64.1412
S10,1100.0,baseline,0.3915,0.001,0.9488,34.0055,64.1444
S10,1105.0,baseline,0.3897,0.0014,-0.384,34.012,64.1459
S10,1110.0,baseline,0.3876,0.0021,-1.4359,34.012,64.1263
S10,1115.0,baseline,0.387,0.0023,1.2298,34.006,64.0378
S10,1120.0,baseline,0.3873,0.0013,0.7623,34.012,63.9852
S10,1125.0,baseline,0.3864,0.0015,-1.2982,33.9945,63.9797
S10,1130.0,baseline,0.3912,0.0094,8.2009,33.996,63.9006
S10,1135.0,baseline,0.4086,0.0072,-8.9051,34.016,64.0493
S10,1140.0,baseline,0.4167,0.002,1.5701,34.0195,63.2226
S10,1145.0,baseline,0.4189,0.0019,-0.9272,34.0195,63.2849
S10,1150.0,baseline,0.4216,0.0032,-10.4745,34.0125,63.8926
S10,1155.0,baseline,0.4235,0.0029,18.2123,34.024,63.0812
S10,1160.0,baseline,0.4233,0.0024,-8.0388,34.012,62.9856
S10,1165.0,baseline,0.4221,0.0022,0.2988,34.0165,62.9776
S10,1170.0,baseline,0.4242,0.0014,2.563,34.026,62.9423
S10,1175.0,baseline,0.4242,0.002,-3.9429,34.034,63.3397
S10,1180.0,baseline,0.4276,0.0021,1.7478,34.031,62.9581
S10,1185.0,baseline,0.4249,0.0089,-2.4442,34.049,63.8619
S10,1190.0,baseline,0.4286,0.0021,1.6162,34.063,62.9869
S10,1195.0,baseline,0.431,0.0019,1.0086,34.072,62.9636
S10,1200.0,baseline,0.43,0.0031,-3.5305,34.082,63.7807
S10,1205.0,baseline,0.4273,0.0015,6.3667,34.097,63.3013
S10,1210.0,baseline,0.4287,0.0015,-3.8202,34.103,63.3914
S10,1215.0,baseline,0.4288,0.0018,1.3708,34.09,63.4613
S10,1220.0,baseline,0.4333,0.0031,-1.2813,34.083,62.9837
S10,1225.0,baseline,0.4357,0.0019,-0.1118,34.085,62.8307
S10,1230.0,baseline,0.4372,0.0013,0.58,34.079,62.7742
S10,1235.0,baseline,0.4381,0.0031,0.2893,34.07,62.9091
S10,1240.0,baseline,0.4395,0.0025,1.0947,34.081,63.4564
S10,1245.0,baseline,0.444,0.0018,0.2995,34.094,63.1935
S10,1250.0,baseline,0.4455,0.0026,-0.78,34.087,63.105
S10,1255.0,baseline,0.4468,0.0027,-0.3198,34.075,63.1279
S10,1260.0,baseline,0.4483,0.0012,-0.1846,34.069,63.1271
S10,1265.0,baseline,0.4504,0.0011,1.0627,34.071,63.1473
S10,1270.0,baseline,0.451,0.0018,-1.4964,34.057,63.1726
S10,1595.0,amusement,0.4273,0.0016,-0.3746,34.172,62.8655
S10,1600.0,amusement,0.4292,0.001,0.7142,34.169,62.8835
S10,1605.0,amusement,0.4276,0.0012,-1.3715,34.172,62.8694
S10,1610.0,amusement,0.4283,0.0014,-0.5554,34.162,62.9843
S10,1615.0,amusement,0.4278,0.0018,0.6866,34.17,63.1463
S10,1620.0,amusement,0.4271,0.002,-1.0875,34.1525,63.1753
S10,1625.0,amusement,0.428,0.0016,1.1696,34.152,63.3031
S10,1630.0,amusement,0.4291,0.0011,-0.3642,34.144,63.3379
S10,1635.0,amusement,0.4278,0.0018,0.3156,34.147,63.3147
S10,1640.0,amusement,0.4273,0.0012,-1.1776,34.137,63.3321
S10,1645.0,amusement,0.4258,0.0007,0.478,34.136,63.3571
S10,1650.0,amusement,0.4257,0.0023,0.4594,34.128,63.3766
S10,1655.0,amusement,0.4289,0.0019,-1.1212,34.117,63.3417
S10,1660.0,amusement,0.429,0.0021,0.4285,34.108,63.3755
S10,1665.0,amusement,0.4286,0.002,-0.2106,34.101,63.3596
S10,1670.0,amusement,0.4303,0.0036,0.3675,34.107,63.3441
S10,1675.0,amusement,0.4298,0.0027,0.9241,34.097,63.3101
S10,1680.0,amusement,0.4304,0.0013,-0.821,34.094,62.9036
S10,1685.0,amusement,0.431,0.0019,1.2377,34.092,62.8373
S10,1690.0,amusement,0.434,0.0022,-1.8442,34.078,62.8688
S10,1695.0,amusement,0.4338,0.0021,0.5059,34.074,62.9054
S10,1700.0,amusement,0.4315,0.0014,0.6874,34.078,62.8932
S10,1705.0,amusement,0.4313,0.0019,0.0962,34.06,62.9774
S10,1710.0,amusement,0.4302,0.0023,-0.4868,34.061,62.946
S10,1715.0,amusement,0.4303,0.0033,0.3371,34.05,62.999
S10,1720.0,amusement,0.4307,0.0016,-0.5114,34.05,63.0753
S10,1725.0,amusement,0.4319,0.0013,0.0187,34.046,63.1287
S10,1730.0,amusement,0.4307,0.0018,-0.3213,34.038,63.1996
S10,1735.0,amusement,0.429,0.0015,1.3026,34.047,63.191
S10,1740.0,amusement,0.4286,0.0014,-1.0573,34.046,63.1791
S10,1745.0,amusement,0.4282,0.0016,1.0784,34.042,63.1993
S10,1750.0,amusement,0.4293,0.0015,-0.1809,34.046,63.174
S10,1755.0,amusement,0.4285,0.0024,-1.4741,34.05,63.1854
S10,1760.0,amusement,0.4271,0.0039,0.3269,34.045,63.1771
S10,1765.0,amusement,0.4273,0.0016,0.1341,34.038,63.1774
S10,1770.0,amusement,0.4271,0.0014,-0.4364,34.039,63.1755
S10,1775.0,amusement,0.4273,0.0025,1.4147,34.041,63.1928
S10,1780.0,amusement,0.4275,0.0017,-0.7458,34.035,63.1857
S10,1785.0,amusement,0.4266,0.0019,-0.9045,34.059,63.1965
S10,1790.0,amusement,0.425,0.0015,0.9251,34.045,63.2099
S10,1795.0,amusement,0.4237,0.002,0.7659,34.051,63.0036
S10,1800.0,amusement,0.4258,0.0011,-0.5582,34.061,62.9729
S10,1805.0,amusement,0.4242,0.0012,0.2207,34.059,62.6204
S10,1810.0,amusement,0.4234,0.0022,-0.3167,34.069,62.6182
S10,1815.0,amusement,0.4219,0.0021,0.0727,34.07,62.5845
S10,1820.0,amusement,0.4211,0.002,0.7709,34.066,62.6341
S10,1825.0,amusement,0.4202,0.0021,-0.8776,34.081,62.661
S10,1830.0,amusement,0.4198,0.0018,1.1504,34.075,62.6744
S10,1835.0,amusement,0.4194,0.0024,-2.4283,34.089,62.7055
S10,1840.0,amusement,0.4188,0.0014,1.4772,34.109,62.7632
S10,1845.0,amusement,0.4182,0.0011,-0.5374,34.106,62.7944
S10,1850.0,amusement,0.4166,0.0014,0.9096,34.107,62.9718
S10,1855.0,amusement,0.4164,0.0023,0.1435,34.112,63.0022
S10,1860.0,amusement,0.4155,0.002,-0.6865,34.126,63.0625
S10,1865.0,amusement,0.4162,0.0011,0.7497,34.134,63.1146
S10,1870.0,amusement,0.4158,0.0014,-0.0983,34.14,63.1395
S10,1875.0,amusement,0.4142,0.0017,1.0118,34.144,63.1233
S10,1880.0,amusement,0.4158,0.0011,0.2521,34.1505,63.1345
S10,1885.0,amusement,0.4143,0.0023,-1.8484,34.156,63.3485
S10,1890.0,amusement,0.4143,0.0014,0.147,34.1585,63.3285
S10,1895.0,amusement,0.4135,0.0019,1.1637,34.1615,63.2045
S10,1900.0,amusement,0.414,0.0017,-2.3713,34.166,63.174
S10,1905.0,amusement,0.4131,0.0014,1.7451,34.187,63.152
S10,1910.0,amusement,0.414,0.0015,-0.2918,34.1865,63.3228
S10,1915.0,amusement,0.4133,0.0015,-0.6398,34.1935,63.3397
S10,1920.0,amusement,0.4133,0.001,0.1696,34.1925,63.2376
S10,1925.0,amusement,0.412,0.0021,0.3074,34.204,63.137
S10,1930.0,amusement,0.4112,0.0015,-0.0335,34.208,63.1409
S10,1935.0,amusement,0.4104,0.0029,0.1144,34.209,63.0104
S10,1940.0,amusement,0.4073,0.0042,-4.1782,34.234,63.0401
S10,1945.0,amusement,0.4148,0.0026,3.8657,34.252,63.0179
S10,1950.0,amusement,0.4144,0.0019,0.0944,34.277,62.8966
S10,1955.0,amusement,0.4131,0.0016,0.625,34.294,62.951
S10,1960.0,amusement,0.4122,0.0017,-1.1823,34.302,62.9561
S10,1965.0,amusement,0.4108,0.0022,0.716,34.297,62.8767
S10,3195.0,stress,2.38,0.0119,2.2892,34.094,62.8527
S10,3200.0,stress,2.341,0.0173,-3.9786,34.083,62.9503
S10,3205.0,stress,2.2955,0.0085,-0.1647,34.082,62.9856
S10,3210.0,stress,2.2748,0.0071,-2.4148,34.082,63.1898
S10,3215.0,stress,2.26,0.0062,3.9648,34.075,62.8677
S10,3220.0,stress,2.2581,0.015,3.5292,34.07,63.1779
S10,3225.0,stress,2.2353,0.0098,-4.4926,34.052,62.8665
S10,3230.0,stress,2.2081,0.0196,-0.9336,34.053,62.8515
S10,3235.0,stress,2.1539,0.0079,-2.1052,34.039,63.046
S10,3240.0,stress,2.153,0.0149,6.2182,34.0335,62.8693
S10,3245.0,stress,2.1317,0.0105,-3.2608,34.012,62.8306
S10,3250.0,stress,2.1743,0.0258,2.1728,34.0145,63.5781
S10,3255.0,stress,2.1859,0.0188,-4.5725,34.01,62.823
S10,3260.0,stress,2.1264,0.0202,1.7674,33.99,63.1079
S10,3265.0,stress,2.0808,0.0159,2.4418,33.986,63.1082
S10,3270.0,stress,2.0385,0.0115,-0.1209,33.986,63.178
S10,3275.0,stress,2.0046,0.0053,-0.3593,33.967,63.147
S10,3280.0,stress,2.0504,0.0716,-2.3742,33.963,63.6731
S10,3285.0,stress,2.1372,0.0458,1.9207,33.958,63.0979
S10,3290.0,stress,2.0611,0.0108,-0.3438,33.943,63.0239
S10,3295.0,stress,2.1239,0.1457,-0.9482,33.931,62.9593
S10,3300.0,stress,2.57,0.1635,6.8093,33.91,62.7582
S10,3305.0,stress,2.2868,0.0232,-5.921,33.899,62.7253
S10,3310.0,stress,2.247,0.0216,0.3987,33.895,62.7591
S10,3315.0,stress,2.1947,0.0298,2.6572,33.885,63.0858
S10,3320.0,stress,2.6004,0.1173,0.5845,33.882,62.6437
S10,3325.0,stress,2.8565,0.2435,-6.2507,33.873,63.2317
S10,3330.0,stress,3.3439,0.0752,2.9393,33.858,62.8811
S10,3335.0,stress,3.0608,0.0689,-3.9904,33.8455,63.7406
S10,3340.0,stress,2.9269,0.0173,1.0425,33.8345,63.0394
S10,3345.0,stress,2.8831,0.0337,-0.6199,33.819,63.2321
S10,3350.0,stress,2.9749,0.0294,6.1042,33.821,63.4898
S10,3355.0,stress,3.0344,0.0427,-1.2877,33.819,62.9606
S10,3360.0,stress,3.0729,0.1185,-2.547,33.802,62.7198
S10,3365.0,stress,3.2074,0.0519,0.1814,33.81,63.0487
S10,3370.0,stress,3.1087,0.0122,0.0563,33.799,62.8845
S10,3375.0,stress,3.0842,0.016,0.1098,33.793,63.0216
S10,3380.0,stress,3.0279,0.0316,1.4155,33.788,63.0848
S10,3385.0,stress,2.9595,0.0184,-0.4425,33.77,63.0369
S10,3390.0,stress,2.9438,0.0462,-1.7459,33.77,63.0104
S10,3395.0,stress,2.9751,0.0287,4.1355,33.762,62.9738
S10,3400.0,stress,3.0772,0.1643,-0.4515,33.735,63.0267
S10,3405.0,stress,3.3918,0.0614,-4.5833,33.736,62.988
S10,3410.0,stress,3.154,0.0673,2.0974,33.73,62.9825
S10,3415.0,stress,3.0234,0.0238,1.7397,33.722,63.0365
S10,3420.0,stress,3.0168,0.0266,0.3768,33.704,63.0399
S10,3425.0,stress,3.0348,0.0787,-0.876,33.6935,62.9776
S10,3430.0,stress,3.1595,0.0952,-3.1081,33.68,63.1321
S10,3435.0,stress,3.0361,0.0201,1.5484,33.672,63.025
S10,3440.0,stress,2.9895,0.0116,2.0186,33.6635,62.9306
S10,3445.0,stress,2.9803,0.01,-2.0725,33.652,62.9355
S10,3450.0,stress,2.9431,0.0129,0.8038,33.635,62.9261
S10,3455.0,stress,2.9142,0.0085,3.5797,33.618,62.8863
S10,3460.0,stress,2.9062,0.0108,-4.3737,33.6,62.9314
S10,3465.0,stress,2.9569,0.0748,2.622,33.594,63.0805
S10,3470.0,stress,2.9648,0.0101,-3.4152,33.583,62.8885
S10,3475.0,stress,2.9068,0.0234,2.4948,33.57,62.8523
S10,3480.0,stress,2.8769,0.0108,-0.2209,33.559,62.974
S10,3485.0,stress,2.9477,0.0525,-0.4854,33.55,63.0069
S10,3490.0,stress,2.9827,0.0356,0.2878,33.539,63.0361
S10,3495.0,stress,2.9458,0.0366,0.1699,33.5275,63.1137
S10,3500.0,stress,2.9749,0.0394,0.8241,33.5025,63.0695
S10,3505.0,stress,2.9322,0.0336,-0.9736,33.4935,63.1447
S10,3510.0,stress,3.0329,0.0812,-0.2109,33.4885,63.0796
S10,3515.0,stress,3.0411,0.0376,-0.4916,33.486,63.0498
S10,3520.0,stress,2.9599,0.0224,7.058,33.464,63.2056
S10,3525.0,stress,2.9336,0.1018,-11.9107,33.461,63.3767
S10,3530.0,stress,3.0355,0.0465,5.4464,33.439,62.9941
S10,3535.0,stress,2.9615,0.0179,6.3861,33.416,63.1306
S10,3540.0,stress,2.9465,0.0066,-7.4137,33.406,63.0581
S10,3545.0,stress,2.9187,0.0091,1.6213,33.395,63.0933
S10,3550.0,stress,2.9212,0.0105,1.1431,33.384,63.1047
S10,3555.0,stress,3.0197,0.046,-1.7147,33.359,63.022
S10,3560.0,stress,3.0065,0.016,-0.4229,33.3515,63.0338
S10,3565.0,stress,3.0717,0.0518,0.7813,33.346,63.1216
S10,3570.0,stress,3.0134,0.008,-0.56,33.3295,63.1584
S10,3575.0,stress,2.9756,0.0157,-0.5129,33.32,63.1556
S10,3580.0,stress,2.9352,0.0134,1.5762,33.318,63.0196
S10,3585.0,stress,2.9186,0.0448,-4.4615,33.315,62.9946
S10,3590.0,stress,3.0264,0.0378,3.222,33.282,63.0675
S10,3595.0,stress,2.9386,0.0101,0.0715,33.26,63.0201
S10,3600.0,stress,2.9181,0.0116,-0.1772,33.227,62.9596
S10,3605.0,stress,2.8805,0.0109,0.5521,33.2145,62.9475
S10,3610.0,stress,2.8805,0.0092,-0.9234,33.1965,62.8658
S10,3615.0,stress,2.8375,0.0227,1.1945,33.2175,62.9112
S10,3620.0,stress,2.8209,0.0436,2.6682,33.1965,63.4786
S10,3625.0,stress,2.8547,0.0398,-2.0461,33.1835,62.9951
S10,3630.0,stress,2.785,0.0123,-0.3415,33.169,62.9258
S10,3635.0,stress,2.7376,0.0213,-1.4922,33.1755,62.9294
S10,3640.0,stress,2.7058,0.0093,-0.0334,33.1625,62.9224
S10,3645.0,stress,2.68,0.009,0.2222,33.1525,62.8391
S10,3650.0,stress,2.6489,0.0128,-0.4333,33.135,62.8707
S10,3655.0,stress,2.6122,0.0169,-0.2431,33.138,62.8819
S10,3660.0,stress,2.5785,0.0118,2.6349,33.137,62.8675
S10,3665.0,stress,2.5397,0.0126,-1.5657,33.131,62.8709
S10,3670.0,stress,2.5108,0.0065,1.7762,33.145,62.8486
S10,3675.0,stress,2.4942,0.0056,-0.9928,33.127,62.828
S10,3680.0,stress,2.4717,0.013,-1.2819,33.119,62.9725
S10,3685.0,stress,2.4425,0.0067,2.2008,33.121,62.8493
S10,3690.0,stress,2.4143,0.011,-0.7248,33.127,62.8283
S10,3695.0,stress,2.3936,0.0098,-1.0461,33.117,62.8306
S10,3700.0,stress,2.3576,0.0118,0.6202,33.122,62.9281
S10,3705.0,stress,2.324,0.0074,0.369,33.108,62.9501
S10,3710.0,stress,2.3022,0.0115,-2.2369,33.102,63.0435
S10,3715.0,stress,2.2685,0.0115,3.0495,33.109,63.0765
S10,3720.0,stress,2.2507,0.0052,-0.6321,33.095,63.0742
S10,3725.0,stress,2.2387,0.007,-7.9974,33.106,63.2648
S10,3730.0,stress,2.2405,0.0097,-3.6614,33.093,63.2537
S10,3735.0,stress,2.2206,0.0119,11.2073,33.088,63.1725
S10,3740.0,stress,2.1725,0.0079,0.0392,33.074,62.9798
S10,3745.0,stress,2.1617,0.0136,-1.2793,33.07,62.9574
S10,3750.0,stress,2.1228,0.0125,0.9287,33.071,62.9912
S10,3755.0,stress,2.0971,0.008,0.5438,33.066,63.0597
S10,3760.0,stress,2.0781,0.0087,-0.4,33.05,62.9559
S10,3765.0,stress,2.0659,0.007,3.528,33.057,63.0104
S10,3770.0,stress,2.0407,0.0048,-6.0496,33.056,63.0015
S10,3775.0,stress,2.0156,0.009,1.9428,33.045,63.0349
S10,3780.0,stress,1.9916,0.0089,0.4247,33.035,63.1309
S10,3785.0,stress,1.9743,0.0057,-2.4378,33.024,63.1149
S10,3790.0,stress,1.9593,0.0077,2.4592,33.0255,63.1795
S10,3795.0,stress,1.9324,0.0079,-0.9328,33.0225,63.2115
S10,3800.0,stress,1.9181,0.0065,0.5637,33.018,63.1537
S10,3805.0,stress,1.8972,0.0076,0.793,33.0135,63.1037
S10,3810.0,stress,1.8845,0.0069,3.0396,33.0105,63.1373
S10,3815.0,stress,1.8655,0.0059,-2.4914,33.004,63.2822
S10,3820.0,stress,1.8428,0.0064,-1.4424,32.994,63.0556
S10,3825.0,stress,1.8274,0.0066,0.3743,32.988,63.1221
S10,3830.0,stress,1.8102,0.0033,-0.3339,32.982,63.065
S10,3835.0,stress,1.7983,0.0068,0.0627,32.985,62.9437
S10,3840.0,stress,1.7756,0.0065,-0.076,32.965,62.8993
S10,3845.0,stress,1.7589,0.0036,-0.1711,32.971,63.0956
S10,3850.0,stress,1.7433,0.0054,-1.1101,32.974,63.1702
S10,3855.0,stress,1.7372,0.0158,6.2291,32.97,63.2645
S10,3860.0,stress,1.7534,0.015,-5.3426,32.963,63.0427
S10,3865.0,stress,1.7399,0.0114,0.5083,32.961,62.9833
S10,3870.0,stress,1.7173,0.0045,0.5496,32.95,62.8935
S10,3875.0,stress,1.7076,0.005,-0.1443,32.966,62.8768
S10,3880.0,stress,1.7025,0.0066,-0.9979,32.944,63.0332
S10,3885.0,stress,1.6791,0.0063,4.2098,32.946,63.1131
S10,3890.0,stress,1.6632,0.004,-4.4494,32.952,62.8435
S10,3895.0,stress,1.6567,0.0056,-1.53,32.945,62.9426
S10,3900.0,stress,1.6608,0.0056,3.9834,32.944,62.8926
S10,3905.0,stress,1.6387,0.0057,-3.1566,32.931,62.8503
S10,3910.0,stress,1.6214,0.005,-0.0809,32.926,62.8954
S10,3915.0,stress,1.6082,0.005,1.6661,32.934,62.6419
S11,85.0,baseline,5.2437,0.0063,-2.3051,34.058,64.6696
S11,90.0,baseline,5.2215,0.0106,2.812,34.05,64.7137
S11,95.0,baseline,5.2093,0.0057,0.0859,34.058,64.6537
S11,100.0,baseline,5.1973,0.0392,-0.8497,34.07,64.7964
S11,105.0,baseline,5.1427,0.0247,2.1082,34.07,65.5356
S11,110.0,baseline,4.8713,0.1097,-1.2432,34.07,65.7027
S11,115.0,baseline,4.8505,0.0117,1.5694,34.07,65.1873
S11,120.0,baseline,4.8264,0.0523,7.8388,34.074,65.1026
S11,125.0,baseline,4.731,0.0713,-2.325,34.074,65.6376
S11,130.0,baseline,4.8603,0.0157,-9.0323,34.086,64.2142
S11,135.0,baseline,4.8331,0.0084,0.8557,34.074,64.1686
S11,140.0,baseline,4.8096,0.0077,1.2377,34.074,64.1797
S11,145.0,baseline,4.7843,0.0079,-0.8058,34.09,64.0732
S11,150.0,baseline,4.7481,0.0168,-1.4959,34.09,65.3902
S11,155.0,baseline,4.7277,0.0056,3.372,34.094,64.2546
S11,160.0,baseline,4.7116,0.005,-1.4496,34.098,64.3165
S11,165.0,baseline,4.6917,0.0075,-1.8102,34.09,64.2167
S11,170.0,baseline,4.6602,0.0213,1.8127,34.098,64.4028
S11,175.0,baseline,4.6654,0.015,-1.9334,34.098,64.646
S11,180.0,baseline,4.6558,0.0086,2.113,34.114,64.3947
S11,185.0,baseline,4.6342,0.0084,1.3842,34.118,64.4556
S11,190.0,baseline,4.6079,0.0114,0.1556,34.114,64.4206
S11,195.0,baseline,4.5855,0.009,-2.1748,34.11,64.3685
S11,200.0,baseline,4.5594,0.0083,0.4765,34.098,64.2431
S11,205.0,baseline,4.5317,0.0086,-1.1069,34.106,64.308
S11,210.0,baseline,4.5094,0.0083,0.5555,34.102,64.3725
S11,215.0,baseline,4.4947,0.0039,0.735,34.102,64.3231
S11,220.0,baseline,4.4798,0.0061,0.4278,34.094,64.2743
S11,225.0,baseline,4.4647,0.0069,-0.6605,34.09,64.1988
S11,230.0,baseline,4.4363,0.0112,-1.6026,34.086,64.1221
S11,235.0,baseline,4.4144,0.007,-0.1468,34.086,64.0953
S11,240.0,baseline,4.3946,0.0078,1.2691,34.094,64.1195
S11,245.0,baseline,4.3749,0.0067,-0.3416,34.086,64.422
S11,250.0,baseline,4.3487,0.0106,-4.9432,34.074,63.6595
S11,255.0,baseline,4.3363,0.0115,5.9195,34.066,63.2722
S11,260.0,baseline,4.3096,0.0093,-4.1453,34.074,63.3169
S11,265.0,baseline,4.2745,0.0102,5.3728,34.07,63.2654
S11,270.0,baseline,4.2408,0.0118,0.68,34.082,63.2902
S11,275.0,baseline,4.1991,0.0354,-2.4647,34.078,64.0215
S11,280.0,baseline,4.116,0.0127,-1.1427,34.082,64.7381
S11,285.0,baseline,4.0804,0.0108,1.0173,34.082,64.7807
S11,290.0,baseline,4.0539,0.0096,0.8223,34.094,64.7683
S11,295.0,baseline,4.0311,0.0081,0.2661,34.086,64.7126
S11,300.0,baseline,4.0427,0.0363,-2.1413,34.086,64.8279
S11,305.0,baseline,4.0257,0.0667,3.4415,34.098,64.9665
S11,310.0,baseline,4.0508,0.0102,-3.1532,34.09,64.6998
S11,315.0,baseline,4.0233,0.0068,2.749,34.09,64.7181
S11,320.0,baseline,4.0074,0.0054,-5.9349,34.094,64.8045
S11,325.0,baseline,3.9993,0.0063,6.383,34.102,64.8989
S11,330.0,baseline,3.9802,0.0074,-2.2205,34.102,64.9418
S11,335.0,baseline,3.9687,0.0053,-0.3124,34.086,64.9817
S11,340.0,baseline,3.9507,0.0163,0.7216,34.102,65.0133
S11,345.0,baseline,3.8964,0.0489,-2.5697,34.11,64.9443
S11,350.0,baseline,3.8391,0.0123,1.9829,34.106,65.2165
S11,355.0,baseline,3.8294,0.0078,0.0702,34.106,65.1213
S11,360.0,baseline,3.8039,0.0073,-0.5023,34.114,65.0883
S11,365.0,baseline,3.7604,0.0285,0.8562,34.118,65.1575
S11,370.0,baseline,3.7236,0.0213,3.38,34.118,65.3874
S11,375.0,baseline,3.3817,0.1263,-2.9234,34.134,64.2587
S11,380.0,baseline,3.2861,0.0155,-1.8914,34.134,64.3327
S11,385.0,baseline,3.2449,0.0143,1.5405,34.13,64.2276
S11,390.0,baseline,3.1956,0.0133,1.75,34.122,64.2351
S11,395.0,baseline,3.1529,0.0129,-1.6957,34.118,64.1496
S11,400.0,baseline,3.1062,0.0135,0.7747,34.122,64.0923
S11,405.0,baseline,3.0592,0.0138,-1.5697,34.126,64.1192
S11,410.0,baseline,3.0192,0.0124,-1.4001,34.122,64.2193
S11,415.0,baseline,2.9901,0.0085,2.8533,34.126,64.1345
S11,420.0,baseline,2.9766,0.0083,-2.6446,34.114,64.12
S11,425.0,baseline,2.9484,0.0093,0.5652,34.122,64.0752
S11,430.0,baseline,2.9204,0.0099,2.1402,34.122,64.035
S11,435.0,baseline,2.8945,0.008,-1.639,34.126,64.0967
S11,440.0,baseline,2.8899,0.0629,1.083,34.13,64.4146
S11,445.0,baseline,3.1141,0.0254,-0.2395,34.13,65.3193
S11,450.0,baseline,3.089,0.0171,-0.3377,34.15,65.1792
S11,455.0,baseline,3.1032,0.0193,-0.0377,34.142,65.4064
S11,460.0,baseline,3.1058,0.0193,0.3815,34.142,65.3436
S11,465.0,baseline,3.1791,0.0775,-3.2419,34.152,64.762
S11,470.0,baseline,3.1893,0.0286,3.5631,34.174,65.0123
S11,475.0,baseline,3.1701,0.0159,-0.1725,34.164,64.8464
S11,480.0,baseline,3.1975,0.0236,0.2376,34.186,64.5238
S11,485.0,baseline,3.1684,0.0084,-0.0538,34.192,64.484
S11,490.0,baseline,3.1584,0.0237,-1.4477,34.208,64.6415
S11,495.0,baseline,3.0894,0.059,-5.4604,34.212,65.438
S11,500.0,baseline,3.1469,0.033,17.8428,34.214,64.3826
S11,505.0,baseline,3.1827,0.007,-12.6891,34.226,64.2424
S11,510.0,baseline,3.1614,0.006,-0.7287,34.242,64.2021
S11,515.0,baseline,3.1484,0.0146,6.7551,34.25,64.2339
S11,520.0,baseline,3.0963,0.0125,-6.1708,34.246,64.7175
S11,525.0,baseline,3.1175,0.03,1.7264,34.258,64.4036
S11,530.0,baseline,3.1756,0.0137,-5.3777,34.262,63.7833
S11,535.0,baseline,3.1387,0.0271,3.6773,34.262,64.2542
S11,540.0,baseline,3.1198,0.0174,-3.2208,34.262,64.7237
S11,545.0,baseline,3.1286,0.0141,6.5336,34.266,64.8495
S11,550.0,baseline,3.1373,0.0055,-1.909,34.266,64.8212
S11,555.0,baseline,3.1336,0.0033,0.045,34.29,64.9394
S11,560.0,baseline,3.1302,0.0033,-1.9229,34.286,64.7695
S11,565.0,baseline,3.1229,0.0028,1.6804,34.286,64.8306
S11,570.0,baseline,3.1143,0.0051,0.2149,34.29,64.7201
S11,575.0,baseline,3.1078,0.0035,0.6588,34.282,64.7617
S11,580.0,baseline,3.1013,0.0038,-0.9967,34.278,65.6825
S11,585.0,baseline,3.0655,0.0266,-1.4296,34.294,64.2537
S11,590.0,baseline,3.0841,0.0049,1.065,34.302,64.6754
S11,595.0,baseline,3.0892,0.0039,-1.3479,34.29,64.7217
S11,600.0,baseline,3.0935,0.0042,0.2849,34.302,64.5896
S11,605.0,baseline,3.0928,0.0036,3.328,34.306,64.1391
S11,610.0,baseline,3.0846,0.0053,-2.3185,34.31,64.2477
S11,615.0,baseline,3.0816,0.003,-2.2134,34.306,64.398
S11,620.0,baseline,3.0768,0.0021,1.3074,34.31,64.3528
S11,625.0,baseline,3.0748,0.0034,3.3491,34.318,64.266
S11,630.0,baseline,3.069,0.0042,-0.9347,34.302,64.0823
S11,635.0,baseline,3.0677,0.0029,-0.9054,34.318,63.9775
S11,640.0,baseline,3.0647,0.0022,-0.8147,34.314,63.9505
S11,645.0,baseline,3.0574,0.0025,-0.3867,34.314,64.0998
S11,650.0,baseline,3.0542,0.0051,-0.594,34.312,64.2659
S11,655.0,baseline,3.0504,0.0028,2.7725,34.322,64.2658
S11,660.0,baseline,3.0448,0.0028,-0.5788,34.314,64.1429
S11,665.0,baseline,3.0411,0.004,0.3875,34.33,64.1709
S11,670.0,baseline,3.0331,0.0049,0.8523,34.314,64.34
S11,675.0,baseline,3.0282,0.0033,-2.7707,34.322,64.373
S11,680.0,baseline,3.0091,0.0219,5.0859,34.314,64.3052
S11,685.0,baseline,2.9646,0.0148,-4.4357,34.314,64.7559
S11,690.0,baseline,2.9435,0.006,0.1797,34.326,65.3261
S11,695.0,baseline,2.9509,0.0203,-2.0044,34.312,64.3942
S11,700.0,baseline,2.6652,0.255,4.2868,34.318,65.1623
S11,705.0,baseline,2.853,0.0726,1.8042,34.31,65.6022
S11,710.0,baseline,2.9944,0.0257,-7.8047,34.31,64.0268
S11,715.0,baseline,2.9677,0.0301,5.4609,34.318,64.2648
S11,720.0,baseline,2.9091,0.0776,-3.3233,34.314,65.3672
S11,725.0,baseline,2.8578,0.009,3.2732,34.302,65.3016
S11,730.0,baseline,2.8618,0.0701,0.8882,34.314,64.9745
S11,735.0,baseline,2.9011,0.0033,-5.4429,34.314,64.2706
S11,740.0,baseline,2.8956,0.0036,0.5801,34.318,64.2845
S11,745.0,baseline,2.8883,0.0042,3.6226,34.306,64.6627
S11,750.0,baseline,2.8709,0.0073,-1.7751,34.306,64.7038
S11,755.0,baseline,2.8567,0.0127,-4.8704,34.322,64.5769
S11,760.0,baseline,2.8341,0.0048,7.5525,34.314,64.6636
S11,765.0,baseline,2.821,0.0044,-2.7987,34.314,64.7613
S11,770.0,baseline,2.8066,0.0074,2.0717,34.322,64.917
S11,775.0,baseline,2.795,0.0044,-0.0719,34.314,64.9142
S11,780.0,baseline,2.7837,0.0041,0.4276,34.306,64.8784
S11,785.0,baseline,2.7869,0.0268,12.3912,34.322,64.4386
S11,790.0,baseline,2.7992,0.0217,-13.6889,34.33,64.6357
S11,795.0,baseline,2.8088,0.0178,7.9191,34.314,63.9595
S11,800.0,baseline,2.7933,0.0064,-5.0762,34.328,63.8562
S11,805.0,baseline,2.7807,0.0036,-1.7128,34.322,63.9272
S11,810.0,baseline,2.7659,0.0063,-1.6141,34.332,63.8667
S11,815.0,baseline,2.7575,0.0036,-0.6961,34.332,64.04
S11,820.0,baseline,2.7712,0.0147,5.0076,34.332,64.0965
S11,825.0,baseline,2.7645,0.0141,-4.6193,34.33,64.31
S11,830.0,baseline,2.7596,0.017,-6.7033,34.342,64.4263
S11,835.0,baseline,2.7717,0.0293,8.7432,34.35,64.4693
S11,840.0,baseline,2.7707,0.0176,-1.225,34.346,64.2223
S11,845.0,baseline,2.7667,0.0239,-8.2277,34.364,64.5807
S11,850.0,baseline,2.7545,0.0223,13.09,34.352,63.7004
S11,855.0,baseline,2.7523,0.0245,2.9874,34.374,63.9969
S11,860.0,baseline,2.663,0.0324,2.6471,34.374,66.0663
S11,865.0,baseline,2.751,0.0372,-10.3001,34.372,64.3034
S11,870.0,baseline,2.7372,0.0246,-1.3885,34.362,64.6974
S11,875.0,baseline,2.7505,0.022,0.633,34.378,64.6579
S11,880.0,baseline,2.7537,0.0045,2.5854,34.364,64.1168
S11,885.0,baseline,2.7412,0.0047,-2.1763,34.378,64.0504
S11,890.0,baseline,2.726,0.0085,0.8025,34.364,63.9807
S11,895.0,baseline,2.718,0.0231,0.7796,34.368,64.1708
S11,900.0,baseline,2.6899,0.0112,-0.9437,34.378,64.0228
S11,905.0,baseline,2.6794,0.0034,-0.5676,34.368,64.0184
S11,910.0,baseline,2.7014,0.0416,-1.6129,34.376,65.4427
S11,915.0,baseline,2.6992,0.0268,-2.706,34.372,64.7205
S11,920.0,baseline,2.657,0.004,4.6882,34.368,64.9832
S11,925.0,baseline,2.6443,0.0048,-0.7565,34.382,65.0723
S11,930.0,baseline,2.6353,0.0054,1.7285,34.368,65.0885
S11,935.0,baseline,2.6467,0.0293,5.4254,34.374,64.714
S11,940.0,baseline,2.6536,0.0162,-7.5505,34.378,64.1349
S11,945.0,baseline,2.6389,0.0028,0.8403,34.394,64.4096
S11,950.0,baseline,2.6327,0.0043,1.8851,34.39,64.4818
S11,955.0,baseline,2.6077,0.0331,-6.0159,34.398,65.1659
S11,960.0,baseline,2.5106,0.0105,4.2169,34.386,65.304
S11,965.0,baseline,2.4864,0.0059,-3.2701,34.398,65.214
S11,970.0,baseline,2.4711,0.0087,2.1222,34.398,65.2563
S11,975.0,baseline,2.4479,0.0062,0.9063,34.394,65.3348
S11,980.0,baseline,2.4285,0.0064,-1.5707,34.394,65.1499
S11,985.0,baseline,2.4125,0.0055,1.6331,34.378,65.1556
S11,990.0,baseline,2.3969,0.0067,0.7648,34.378,65.4046
S11,995.0,baseline,2.385,0.0042,-1.5232,34.378,65.3252
S11,1000.0,baseline,2.4244,0.0663,2.1655,34.372,65.2824
S11,1005.0,baseline,2.5625,0.0035,0.5224,34.372,63.7522
S11,1010.0,baseline,2.557,0.0048,-2.7864,34.382,63.8568
S11,1015.0,baseline,2.5551,0.0036,0.3867,34.37,63.8173
S11,1020.0,baseline,2.552,0.0034,-1.4503,34.37,63.9436
S11,1025.0,baseline,2.5289,0.0382,-3.2828,34.374,64.8398
S11,1030.0,baseline,2.4794,0.0325,4.719,34.372,65.2994
S11,1035.0,baseline,2.2749,0.1871,-0.5698,34.368,64.9787
S11,1040.0,baseline,2.3203,0.2605,2.2812,34.374,64.9943
S11,1045.0,baseline,2.503,0.0436,12.4755,34.374,63.6555
S11,1050.0,baseline,2.4981,0.0091,-9.4707,34.374,66.4198
S11,1055.0,baseline,2.4892,0.0025,-2.9896,34.376,64.8549
S11,1060.0,baseline,2.4884,0.0082,-3.4263,34.378,64.6254
S11,1065.0,baseline,2.5144,0.0039,2.5518,34.386,64.5677
S11,1070.0,baseline,2.5142,0.0047,-0.5555,34.398,64.6103
S11,1075.0,baseline,2.5115,0.002,-0.4402,34.398,64.5628
S11,1080.0,baseline,2.5084,0.0017,0.4186,34.406,64.6447
S11,1085.0,baseline,2.5047,0.0023,0.7158,34.39,64.6849
S11,1090.0,baseline,2.4991,0.0039,-0.6566,34.39,64.6681
S11,1095.0,baseline,2.498,0.0021,0.8665,34.41,64.6812
S11,1100.0,baseline,2.494,0.0028,-0.4052,34.406,64.6523
S11,1105.0,baseline,2.489,0.0088,-2.4479,34.41,64.5139
S11,1110.0,baseline,2.4762,0.0044,2.2144,34.414,64.4834
S11,1115.0,baseline,2.4719,0.0025,-0.1605,34.426,64.4815
S11,1120.0,baseline,2.4605,0.0138,2.0212,34.422,64.4611
S11,1125.0,baseline,2.4347,0.0084,-3.9816,34.43,64.3781
S11,1130.0,baseline,2.4521,0.0039,1.8444,34.414,64.2039
S11,1135.0,baseline,2.4405,0.0032,0.1228,34.422,64.1905
S11,1140.0,baseline,2.4317,0.0102,1.5652,34.414,64.2317
S11,1145.0,baseline,2.4096,0.0022,-3.236,34.406,64.2471
S11,1150.0,baseline,2.4039,0.0046,-0.9713,34.41,64.3344
S11,1155.0,baseline,2.4005,0.003,2.3987,34.418,64.2493
S11,1160.0,baseline,2.3981,0.0029,0.8952,34.422,64.2178
S11,1165.0,baseline,2.3947,0.0019,-1.6055,34.414,64.2203
S11,1170.0,baseline,2.3891,0.0037,1.1865,34.422,64.1843
S11,1175.0,baseline,2.4021,0.015,3.3302,34.43,64.3826
S11,1180.0,baseline,2.4039,0.018,3.7219,34.434,64.2149
S11,1185.0,baseline,2.383,0.015,-4.78,34.426,64.3439
S11,1190.0,baseline,2.368,0.0038,-1.6144,34.438,64.566
S11,1195.0,baseline,2.3615,0.0022,-1.5044,34.426,64.6242
S11,1200.0,baseline,2.3594,0.0021,-1.0207,34.43,64.4492
S11,1205.0,baseline,2.3537,0.003,1.7943,34.41,64.4953
S11,1210.0,baseline,2.3454,0.0051,-0.0549,34.414,64.5329
S11,1215.0,baseline,2.3501,0.0169,14.8781,34.426,64.3855
S11,1220.0,baseline,2.3646,0.0218,-24.6811,34.418,64.3682
S11,1225.0,baseline,2.3408,0.0148,7.6176,34.426,64.4183
S11,1230.0,baseline,2.358,0.017,-2.6307,34.434,64.4663
S11,1235.0,baseline,2.3576,0.0171,2.5507,34.43,64.3011
S11,1240.0,baseline,2.3386,0.0118,5.3198,34.43,65.0739
S11,1245.0,baseline,2.3261,0.0221,-18.7792,34.422,65.4639
S11,1250.0,baseline,2.3552,0.0195,9.6875,34.422,64.3903
S11,1255.0,baseline,2.3539,0.0179,8.2822,34.418,64.5345
S11,1260.0,baseline,2.3582,0.0162,8.3696,34.422,64.3506
S11,1910.0,stress,3.1183,0.0644,-12.4057,33.818,67.066
S11,1915.0,stress,3.084,0.0477,5.0538,33.802,66.2032
S11,1920.0,stress,3.0842,0.0278,-3.5767,33.786,66.173
S11,1925.0,stress,3.0899,0.0502,0.739,33.77,65.7116
S11,1930.0,stress,3.1338,0.0353,11.3152,33.75,66.3566
S11,1935.0,stress,3.0484,0.0326,-9.7296,33.712,66.5981
S11,1940.0,stress,3.0661,0.0115,-1.3097,33.688,66.0001
S11,1945.0,stress,3.1038,0.037,-1.5395,33.692,65.8228
S11,1950.0,stress,3.1228,0.0291,1.6812,33.686,66.958
S11,1955.0,stress,3.2343,0.0716,-1.8658,33.662,66.5821
S11,1960.0,stress,3.1568,0.0537,2.0018,33.664,66.58
S11,1965.0,stress,3.0624,0.0447,0.5579,33.646,66.4537
S11,1970.0,stress,3.0042,0.0565,0.5554,33.63,64.7536
S11,1975.0,stress,2.9542,0.064,0.9062,33.602,65.5188
S11,1980.0,stress,3.0473,0.064,-3.5803,33.59,66.0995
S11,1985.0,stress,2.9932,0.0928,0.0996,33.554,66.3077
S11,1990.0,stress,3.0159,0.0801,0.2438,33.558,66.9161
S11,1995.0,stress,3.0411,0.0406,1.8566,33.55,66.4358
S11,2000.0,stress,3.0992,0.0355,-1.9167,33.54,65.5523
S11,2005.0,stress,3.0931,0.0341,1.785,33.518,65.8776
S11,2010.0,stress,3.0388,0.1148,0.0429,33.5,65.8195
S11,2015.0,stress,3.0429,0.0892,-2.5818,33.486,66.2658
S11,2020.0,stress,3.0349,0.1228,3.4906,33.49,66.5113
S11,2025.0,stress,3.0416,0.0752,-2.4186,33.47,66.2433
S11,2030.0,stress,3.1524,0.0365,0.5594,33.466,67.9013
S11,2035.0,stress,3.0778,0.0837,3.4278,33.458,67.4704
S11,2040.0,stress,3.1382,0.0235,-3.8852,33.454,66.0542
S11,2045.0,stress,3.0541,0.045,1.2161,33.438,65.746
S11,2050.0,stress,3.0167,0.0928,-1.8832,33.438,65.467
S11,2055.0,stress,3.048,0.0633,1.262,33.426,66.3268
S11,2060.0,stress,3.1001,0.0153,0.2552,33.414,66.2409
S11,2065.0,stress,3.1379,0.0779,1.8561,33.41,66.5434
S11,2070.0,stress,3.0989,0.0927,-3.8626,33.39,66.9927
S11,2075.0,stress,3.1009,0.0662,1.0614,33.374,68.0048
S11,2080.0,stress,3.1311,0.0168,-0.0752,33.374,66.7663
S11,2085.0,stress,3.0344,0.1028,2.7069,33.364,67.2056
S11,2090.0,stress,3.0204,0.1095,-2.1768,33.364,66.8615
S11,2095.0,stress,3.0251,0.0542,0.9474,33.346,66.0599
S11,2100.0,stress,3.0292,0.0257,0.5626,33.338,64.8921
S11,2105.0,stress,3.0145,0.035,-0.3984,33.334,64.9077
S11,2110.0,stress,3.038,0.1186,-3.2565,33.336,67.0257
S11,2115.0,stress,3.1121,0.1171,1.0125,33.326,67.4806
S11,2120.0,stress,3.1708,0.079,0.2537,33.314,67.4064
S11,2125.0,stress,3.1614,0.1006,3.622,33.314,66.3628
S11,2130.0,stress,3.213,0.0716,-4.3882,33.302,67.9178
S11,2135.0,stress,3.0203,0.1523,2.1427,33.278,66.1558
S11,2140.0,stress,3.0327,0.1301,-0.2885,33.282,66.053
S11,2145.0,stress,2.9343,0.1758,1.4377,33.266,65.9855
S11,2150.0,stress,3.0517,0.1601,-2.5395,33.258,66.7202
S11,2155.0,stress,3.0179,0.1513,0.9312,33.25,67.1311
S11,2160.0,stress,3.1379,0.0228,1.4475,33.226,66.4349
S11,2165.0,stress,3.102,0.0977,1.4475,33.22,66.1475
S11,2170.0,stress,3.0059,0.17,-4.2965,33.208,66.0779
S11,2175.0,stress,2.7975,0.0168,2.517,33.198,64.7654
S11,2180.0,stress,2.758,0.0296,-0.1665,33.202,64.8633
S11,2185.0,stress,2.7005,0.0176,0.1886,33.184,64.9253
S11,2190.0,stress,2.6883,0.011,-0.2732,33.178,64.8731
S11,2195.0,stress,2.7166,0.0298,-0.1104,33.156,65.1176
S11,2200.0,stress,2.8444,0.2133,-0.6139,33.144,65.7053
S11,2205.0,stress,3.1149,0.1117,2.8619,33.148,66.5234
S11,2210.0,stress,3.1588,0.0327,-6.1579,33.146,67.5663
S11,2215.0,stress,3.0979,0.0886,2.9118,33.142,65.4249
S11,2220.0,stress,3.081,0.1424,0.777,33.13,66.2432
S11,2225.0,stress,2.9808,0.0269,0.3105,33.13,65.2229
S11,2230.0,stress,2.9419,0.0166,0.3575,33.118,64.8316
S11,2235.0,stress,2.9151,0.0118,-0.3508,33.106,64.7819
S11,2240.0,stress,2.8709,0.0065,0.033,33.086,64.7697
S11,2245.0,stress,2.8854,0.0353,0.037,33.074,64.7889
S11,2250.0,stress,2.9385,0.0248,-0.0536,33.062,64.7978
S11,2255.0,stress,2.9021,0.0166,-0.0152,33.054,64.7684
S11,2260.0,stress,3.0834,0.1094,-0.5757,33.046,64.751
S11,2265.0,stress,3.113,0.013,0.5171,33.032,64.7172
S11,2270.0,stress,3.0899,0.0082,-0.0236,33.012,64.6922
S11,2275.0,stress,3.0683,0.0074,0.5592,33.006,64.7627
S11,2280.0,stress,3.162,0.0841,-5.2414,32.998,66.9161
S11,2285.0,stress,3.0757,0.0114,4.7211,32.996,64.9521
S11,2290.0,stress,3.028,0.0137,1.9803,32.978,64.9713
S11,2295.0,stress,3.0317,0.0173,-0.8454,32.978,64.9809
S11,2300.0,stress,3.0023,0.0426,-1.2541,32.97,65.2139
S11,2305.0,stress,3.0973,0.0337,0.2706,32.97,64.427
S11,2310.0,stress,3.1684,0.0199,-0.0041,32.958,64.6852
S11,2315.0,stress,3.1248,0.0073,0.2284,32.954,64.6976
S11,2320.0,stress,3.1419,0.0077,0.1981,32.938,64.7778
S11,2325.0,stress,3.1868,0.032,-0.4396,32.906,65.1514
S11,2330.0,stress,3.2642,0.0263,-1.255,32.89,65.2635
S11,2335.0,stress,3.3368,0.099,1.2341,32.886,65.4435
S11,2340.0,stress,3.3705,0.0602,-0.2596,32.882,65.3701
S11,2345.0,stress,3.359,0.0395,0.0781,32.878,65.0977
S11,2350.0,stress,3.4437,0.0608,2.9287,32.858,65.8594
S11,2355.0,stress,3.4119,0.0339,-3.1292,32.852,65.3365
S11,2360.0,stress,3.4272,0.0434,0.8362,32.838,65.3983
S11,2365.0,stress,3.5081,0.0771,-0.2513,32.828,65.2654
S11,2370.0,stress,3.4542,0.0213,0.1327,32.83,65.5247
S11,2375.0,stress,3.4586,0.0544,-0.1927,32.828,65.3505
S11,2380.0,stress,3.4889,0.0318,-0.1632,32.818,65.3655
S11,2385.0,stress,3.561,0.0449,-0.4045,32.806,65.4353
S11,2390.0,stress,3.4943,0.0348,0.38,32.806,65.3355
S11,2395.0,stress,3.8069,0.1347,0.0765,32.794,65.3896
S11,2400.0,stress,3.6449,0.0621,0.0188,32.786,65.4349
S11,2405.0,stress,3.5463,0.0088,-0.7043,32.778,65.5174
S11,2410.0,stress,3.5818,0.0492,0.2943,32.778,65.4997
S11,2415.0,stress,3.7624,0.1294,0.4114,32.774,65.6417
S11,2420.0,stress,3.7462,0.0516,-0.7361,32.742,65.5423
S11,2425.0,stress,3.8203,0.0417,0.6693,32.746,65.5677
S11,2430.0,stress,3.7754,0.0139,-0.5238,32.738,65.5851
S11,2435.0,stress,3.7802,0.0214,0.4777,32.754,65.4558
S11,2440.0,stress,3.8798,0.0521,-0.509,32.738,65.696
S11,2445.0,stress,4.0376,0.1791,0.4604,32.73,65.5528
S11,2450.0,stress,4.4053,0.1969,0.5479,32.726,65.5396
S11,2455.0,stress,4.1173,0.169,-0.7765,32.722,65.4811
S11,2460.0,stress,4.1555,0.1414,0.0383,32.726,65.3322
S11,2465.0,stress,4.1209,0.1692,0.7265,32.71,65.4474
S11,2470.0,stress,4.3911,0.224,-0.5478,32.684,65.624
S11,2475.0,stress,4.1917,0.0758,0.0784,32.668,65.5493
S11,2480.0,stress,4.2279,0.0668,0.9423,32.662,65.4881
S11,2485.0,stress,4.572,0.1289,-1.294,32.66,65.5077
S11,2490.0,stress,4.5876,0.1436,0.1587,32.66,65.6157
S11,2495.0,stress,4.341,0.0382,1.3272,32.642,65.422
S11,2500.0,stress,4.4558,0.0205,-1.1178,32.642,65.5242
S11,2505.0,stress,4.5074,0.0652,-0.5957,32.638,65.4006
S11,2510.0,stress,4.7047,0.1286,0.9544,32.622,65.5192
S11,2515.0,stress,4.6451,0.0271,-0.5627,32.61,65.5345
S11,2520.0,stress,4.6107,0.0127,0.673,32.606,65.4508
S11,2525.0,stress,4.6716,0.0146,-0.4812,32.602,65.502
S11,2530.0,stress,4.8107,0.091,-0.3094,32.606,65.5432
S11,2535.0,stress,4.7569,0.0065,0.609,32.586,65.5295
S11,2540.0,stress,4.7784,0.0302,-0.7967,32.59,65.5043
S11,2545.0,stress,4.7902,0.0099,0.8024,32.566,65.5048
S11,2550.0,stress,4.8533,0.0513,-0.9098,32.554,65.4986
S11,2555.0,stress,4.9291,0.0229,0.6684,32.538,65.4892
S11,2560.0,stress,4.9272,0.0474,0.2008,32.55,65.4773
S11,2565.0,stress,4.9429,0.0133,0.1361,32.538,65.6155
S11,2570.0,stress,4.9692,0.012,-0.3561,32.536,65.5039
S11,2575.0,stress,4.9577,0.0106,0.0351,32.518,65.4915
S11,2580.0,stress,4.9767,0.0071,-0.4632,32.512,65.5441
S11,2585.0,stress,5.0276,0.036,-0.0332,32.502,65.6064
S11,4110.0,amusement,2.7834,0.0046,-0.1102,31.602,62.9064
S11,4115.0,amusement,2.7786,0.0036,0.7015,31.61,62.9263
S11,4120.0,amusement,2.7735,0.003,-0.8056,31.622,62.9269
S11,4125.0,amusement,2.7714,0.0035,1.5402,31.614,62.893
S11,4130.0,amusement,2.7612,0.0055,-1.2976,31.618,62.9612
S11,4135.0,amusement,2.7532,0.0032,-1.1172,31.626,62.8624
S11,4140.0,amusement,2.747,0.0029,0.3748,31.63,62.9294
S11,4145.0,amusement,2.7423,0.0036,2.7101,31.634,62.8368
S11,4150.0,amusement,2.7323,0.0053,-1.8279,31.638,62.8684
S11,4155.0,amusement,2.7255,0.0029,-0.8201,31.646,62.9429
S11,4160.0,amusement,2.7213,0.0021,-0.2863,31.646,62.8156
S11,4165.0,amusement,2.7162,0.0022,0.5773,31.646,62.9447
S11,4170.0,amusement,2.7145,0.0036,0.9652,31.646,62.902
S11,4175.0,amusement,2.712,0.0039,-0.3447,31.65,62.9016
S11,4180.0,amusement,2.7034,0.0044,-0.8988,31.658,62.8758
S11,4185.0,amusement,2.6975,0.0029,0.0759,31.678,62.9594
S11,4190.0,amusement,2.6995,0.0038,1.6603,31.662,62.9431
S11,4195.0,amusement,2.6995,0.0027,-0.8013,31.666,62.9559
S11,4200.0,amusement,2.6946,0.0038,-0.5517,31.67,62.9694
S11,4205.0,amusement,2.687,0.0024,-0.7196,31.69,62.972
S11,4210.0,amusement,2.6824,0.0042,0.6957,31.69,62.9397
S11,4215.0,amusement,2.6806,0.0021,0.5166,31.682,62.8765
S11,4220.0,amusement,2.6754,0.0037,0.0454,31.686,62.9622
S11,4225.0,amusement,2.6637,0.0052,-0.0458,31.702,62.8905
S11,4230.0,amusement,2.6525,0.0049,-0.761,31.698,62.8907
S11,4235.0,amusement,2.6528,0.0032,0.2249,31.714,62.9225
S11,4240.0,amusement,2.6476,0.0032,-0.6208,31.726,62.9218
S11,4245.0,amusement,2.6497,0.0089,1.6442,31.738,62.9599
S11,4250.0,amusement,2.6528,0.0052,-0.1431,31.726,62.8627
S11,4255.0,amusement,2.6441,0.0042,-0.8855,31.734,62.811
S11,4260.0,amusement,2.6444,0.004,1.3059,31.726,62.9826
S11,4265.0,amusement,2.6382,0.0032,-1.8248,31.742,62.9344
S11,4270.0,amusement,2.6299,0.0043,-0.266,31.742,62.8943
S11,4275.0,amusement,2.6288,0.002,1.2341,31.754,63.4029
S11,4280.0,amusement,2.6049,0.0223,-0.4788,31.758,62.3932
S11,4285.0,amusement,2.565,0.0097,0.6866,31.762,62.4642
S11,4290.0,amusement,2.5373,0.008,0.0214,31.77,62.5504
S11,4295.0,amusement,2.5178,0.005,0.3876,31.786,62.5893
S11,4300.0,amusement,2.5049,0.0049,-0.7861,31.774,62.6065
S11,4305.0,amusement,2.4964,0.0204,-0.9914,31.79,62.6254
S11,4310.0,amusement,2.4801,0.0172,0.4138,31.774,62.5937
S11,4315.0,amusement,2.4798,0.0088,0.2472,31.782,62.4549
S11,4320.0,amusement,2.461,0.0059,0.149,31.782,62.4106
S11,4325.0,amusement,2.4492,0.0029,0.9468,31.782,62.5642
S11,4330.0,amusement,2.4352,0.0057,-0.7168,31.77,62.6884
S11,4335.0,amusement,2.5628,0.0965,-2.0928,31.778,62.6737
S11,4340.0,amusement,2.625,0.0087,2.8599,31.782,62.3311
S11,4345.0,amusement,2.6084,0.0043,-2.5535,31.778,62.2563
S11,4350.0,amusement,2.5978,0.0046,1.5943,31.786,62.2748
S11,4355.0,amusement,2.5903,0.0042,0.6576,31.79,62.112
S11,4360.0,amusement,2.5582,0.0287,11.5837,31.79,66.345
S11,4365.0,amusement,2.5708,0.006,-13.6803,31.794,63.7608
S11,4370.0,amusement,2.5657,0.0045,2.7535,31.782,63.7109
S11,4375.0,amusement,2.5542,0.006,-1.5988,31.778,63.8101
S11,4380.0,amusement,2.5445,0.0021,2.066,31.766,63.499
S11,4385.0,amusement,2.5372,0.0025,-1.6678,31.758,64.0387
S11,4390.0,amusement,2.5767,0.0277,-2.6706,31.746,62.8828
S11,4395.0,amusement,2.5658,0.0114,2.6935,31.746,62.5054
S11,4400.0,amusement,2.5551,0.012,-1.7908,31.718,62.36
S11,4405.0,amusement,2.5408,0.0035,2.5735,31.718,62.4299
S11,4410.0,amusement,2.5623,0.0195,-1.5414,31.722,62.3281
S11,4415.0,amusement,2.5712,0.0034,1.1542,31.726,62.1091
S11,4420.0,amusement,2.5735,0.0025,-1.1206,31.714,62.2202
S11,4425.0,amusement,2.5764,0.0023,0.2451,31.718,62.3391
S11,4430.0,amusement,2.5527,0.0227,-5.279,31.718,62.5695
S11,4435.0,amusement,2.5306,0.0048,9.4011,31.718,62.4457
S11,4440.0,amusement,2.5215,0.003,-3.5847,31.718,62.2936
S11,4445.0,amusement,2.5131,0.0036,-0.2077,31.718,62.2632
S11,4450.0,amusement,2.5043,0.0044,-0.5983,31.738,62.3621
S11,4455.0,amusement,2.498,0.0036,1.6873,31.742,62.3554
S11,4460.0,amusement,2.4968,0.0114,-0.7973,31.738,62.9884
S11,4465.0,amusement,2.5074,0.0035,1.0693,31.722,62.6851
S11,4470.0,amusement,2.5081,0.0074,2.3491,31.75,62.6554
S11,4475.0,amusement,2.4948,0.0044,-3.9693,31.746,62.7411
S13,90.0,baseline,9.0364,0.057,-0.3402,34.798,63.8593
S13,95.0,baseline,8.8385,0.102,6.2612,34.786,63.1413
S13,100.0,baseline,8.7601,0.0556,-1.8101,34.79,63.1236
S13,105.0,baseline,8.7103,0.2568,4.5309,34.786,63.142
S13,110.0,baseline,8.6127,0.348,3.4307,34.79,63.8323
S13,115.0,baseline,8.1749,0.0491,-7.3554,34.782,63.3265
S13,120.0,baseline,8.1286,0.0219,-2.8873,34.798,63.3025
S13,125.0,baseline,8.0569,0.0209,0.0227,34.79,63.2589
S13,130.0,baseline,8.1099,0.0945,7.658,34.798,63.2952
S13,135.0,baseline,8.2039,0.025,-15.4721,34.794,62.9297
S13,140.0,baseline,8.1968,0.0189,7.7565,34.786,63.6612
S13,145.0,baseline,8.0633,0.1019,9.5024,34.78,63.4706
S13,150.0,baseline,8.2122,0.0414,-11.9282,34.776,63.082
S13,155.0,baseline,8.0521,0.2024,6.0904,34.762,63.3946
S13,160.0,baseline,8.1797,0.0292,-32.9415,34.77,62.7764
S13,165.0,baseline,8.102,0.0199,33.3266,34.768,62.3997
S13,170.0,baseline,8.0525,0.0346,2.0289,34.746,62.6317
S13,175.0,baseline,7.9519,0.1224,-7.0089,34.738,62.7747
S13,180.0,baseline,7.9777,0.0091,1.5798,34.74,62.6503
S13,185.0,baseline,7.9053,0.0542,-0.2162,34.73,63.2464
S13,190.0,baseline,8.1498,0.1286,-1.1403,34.736,63.2145
S13,195.0,baseline,8.0579,0.0367,0.6942,34.724,62.2269
S13,200.0,baseline,7.9854,0.015,2.6602,34.704,62.1087
S13,205.0,baseline,7.9402,0.0103,-1.5839,34.703,62.1137
S13,210.0,baseline,7.9287,0.0348,0.8426,34.69,62.2185
S13,215.0,baseline,8.012,0.0572,1.0382,34.682,62.8453
S13,220.0,baseline,7.8964,0.018,1.4919,34.683,62.9025
S13,225.0,baseline,7.9292,0.0399,-6.7453,34.682,63.1589
S13,230.0,baseline,8.0459,0.0327,3.9556,34.671,62.9253
S13,235.0,baseline,7.9335,0.05,3.1741,34.696,62.882
S13,240.0,baseline,7.9207,0.014,-2.2681,34.674,62.8858
S13,245.0,baseline,7.8585,0.0248,-4.7707,34.676,63.0173
S13,250.0,baseline,7.7944,0.0193,3.8286,34.67,63.0272
S13,255.0,baseline,7.7241,0.0225,-2.0265,34.674,62.9676
S13,260.0,baseline,7.6833,0.0432,0.0855,34.664,63.0528
S13,265.0,baseline,7.7068,0.0644,-1.4634,34.668,62.9426
S13,270.0,baseline,7.6741,0.0376,3.2942,34.666,63.757
S13,275.0,baseline,7.6003,0.055,-2.3056,34.674,63.127
S13,280.0,baseline,7.5877,0.0152,1.1008,34.69,63.0129
S13,285.0,baseline,7.5318,0.0376,-5.5653,34.684,63.6512
S13,290.0,baseline,7.4482,0.0409,14.0121,34.674,62.9741
S13,295.0,baseline,7.3015,0.0577,-2.0413,34.686,62.8664
S13,300.0,baseline,7.2599,0.0115,-1.8901,34.678,62.8788
S13,305.0,baseline,7.1378,0.0697,0.9038,34.695,62.9396
S13,310.0,baseline,7.0144,0.0219,-5.6843,34.704,62.9061
S13,315.0,baseline,6.936,0.025,2.6228,34.704,62.9985
S13,320.0,baseline,6.8461,0.1058,1.4962,34.704,63.0156
S13,325.0,baseline,6.9852,0.0603,-7.7088,34.698,63.0274
S13,330.0,baseline,7.0834,0.1059,4.7279,34.73,62.9368
S13,335.0,baseline,6.9775,0.1282,-0.6507,34.72,63.0089
S13,340.0,baseline,6.535,0.1156,12.8452,34.722,62.8285
S13,345.0,baseline,6.5566,0.1734,-13.8988,34.732,62.9201
S13,350.0,baseline,6.743,0.0103,3.6886,34.738,62.8491
S13,355.0,baseline,6.7173,0.0104,-3.8502,34.764,62.8546
S13,360.0,baseline,6.7023,0.0125,3.3623,34.75,62.8423
S13,365.0,baseline,6.6941,0.0471,7.6694,34.738,62.7872
S13,370.0,baseline,6.759,0.0088,-9.5987,34.744,62.5875
S13,375.0,baseline,6.6702,0.0717,4.4331,34.752,63.9115
S13,380.0,baseline,6.7159,0.018,4.2423,34.762,62.5983
S13,385.0,baseline,6.6331,0.0388,-2.2448,34.792,62.9008
S13,390.0,baseline,6.6154,0.0143,-6.9565,34.8,63.4411
S13,395.0,baseline,6.4728,0.0756,-1.2619,34.81,63.8121
S13,400.0,baseline,6.3704,0.0197,1.895,34.816,63.3083
S13,405.0,baseline,6.3633,0.037,-14.5957,34.806,63.8557
S13,410.0,baseline,6.2652,0.1289,14.965,34.808,63.4605
S13,415.0,baseline,6.2299,0.0143,4.4967,34.8,62.4364
S13,420.0,baseline,6.2133,0.0066,-4.58,34.822,62.3387
S13,425.0,baseline,6.19,0.0068,1.0535,34.81,62.3342
S13,430.0,baseline,6.1642,0.0078,-0.8289,34.82,62.3592
S13,435.0,baseline,6.1455,0.0138,-4.5657,34.8,62.4026
S13,440.0,baseline,6.1386,0.0664,6.5636,34.814,63.0844
S13,445.0,baseline,6.044,0.1068,-10.9432,34.806,64.0788
S13,450.0,baseline,6.0018,0.1058,11.7234,34.8,63.2561
S13,455.0,baseline,5.9804,0.0507,-0.4738,34.814,63.2119
S13,460.0,baseline,5.8915,0.0815,-10.3377,34.812,62.813
S13,465.0,baseline,5.7063,0.1028,-1.1083,34.828,63.0209
S13,470.0,baseline,5.6941,0.0183,8.495,34.833,63.0083
S13,475.0,baseline,5.6207,0.0701,1.7019,34.836,62.8544
S13,480.0,baseline,5.7109,0.0367,-8.6167,34.855,63.3464
S13,485.0,baseline,5.738,0.0043,9.0293,34.847,62.6716
S13,490.0,baseline,5.7241,0.0209,-1.6365,34.847,63.1192
S13,495.0,baseline,5.5807,0.0664,2.5749,34.87,63.1831
S13,500.0,baseline,5.6112,0.0426,-1.7384,34.862,63.1864
S13,505.0,baseline,5.5198,0.0192,-1.4747,34.864,63.3784
S13,510.0,baseline,5.4645,0.0279,0.349,34.882,63.1248
S13,515.0,baseline,5.3754,0.0405,-1.5063,34.877,63.3663
S13,520.0,baseline,5.4691,0.0815,-3.8678,34.871,64.2801
S13,525.0,baseline,5.4559,0.0684,10.5835,34.864,64.0019
S13,530.0,baseline,5.4737,0.0305,-5.8539,34.874,62.7535
S13,535.0,baseline,5.4434,0.0135,-2.2973,34.882,62.7677
S13,540.0,baseline,5.4094,0.0093,1.2252,34.868,62.9125
S13,545.0,baseline,5.3878,0.0138,-0.7536,34.856,62.8422
S13,550.0,baseline,5.3539,0.0101,2.8918,34.84,62.7666
S13,555.0,baseline,5.3211,0.0152,-0.7609,34.844,62.674
S13,560.0,baseline,5.2675,0.0168,-2.9835,34.824,62.8077
S13,565.0,baseline,5.2118,0.0166,3.461,34.83,62.8882
S13,570.0,baseline,5.1721,0.0114,0.6497,34.83,62.9418
S13,575.0,baseline,5.1274,0.0165,1.5305,34.826,62.8372
S13,580.0,baseline,5.1002,0.0087,-4.1355,34.816,62.6198
S13,585.0,baseline,5.0627,0.0115,2.0751,34.804,62.7602
S13,590.0,baseline,5.0309,0.0075,2.2827,34.79,62.7551
S13,595.0,baseline,4.9984,0.013,-2.7325,34.778,63.042
S13,600.0,baseline,4.9694,0.0084,0.2177,34.782,62.8397
S13,605.0,baseline,4.941,0.0107,0.8718,34.766,62.7437
S13,610.0,baseline,4.9123,0.0082,-1.6501,34.76,62.8179
S13,615.0,baseline,4.873,0.0138,1.2966,34.762,63.0512
S13,620.0,baseline,4.8379,0.0105,-1.3857,34.76,63.0972
S13,625.0,baseline,4.7744,0.0793,-14.6411,34.746,63.6572
S13,630.0,baseline,4.7403,0.0176,16.9185,34.734,64.0733
S13,635.0,baseline,4.6885,0.0142,1.0015,34.74,64.2091
S13,640.0,baseline,4.6825,0.0081,-4.4211,34.746,64.0643
S13,645.0,baseline,4.6313,0.0553,-3.3393,34.742,64.0643
S13,650.0,baseline,4.592,0.0778,9.7795,34.744,63.9433
S13,655.0,baseline,4.4346,0.0944,-3.0683,34.756,64.0226
S13,660.0,baseline,4.2895,0.053,-1.5223,34.744,64.0016
S13,665.0,baseline,3.9203,0.6068,3.9378,34.734,64.0575
S13,670.0,baseline,5.0371,0.1075,-7.1829,34.744,63.6949
S13,675.0,baseline,4.7083,0.1613,10.1763,34.758,63.7192
S13,680.0,baseline,4.7809,0.095,-7.8182,34.756,63.6955
S13,685.0,baseline,4.5547,0.04,0.9487,34.756,63.6504
S13,690.0,baseline,4.4462,0.0328,-5.6361,34.758,63.7008
S13,695.0,baseline,4.3348,0.027,8.807,34.754,63.7096
S13,700.0,baseline,4.237,0.0321,-3.4701,34.768,63.815
S13,705.0,baseline,4.1953,0.0867,2.2882,34.746,63.8433
S13,710.0,baseline,4.2479,0.0655,-6.7209,34.752,63.8711
S13,715.0,baseline,4.2423,0.0732,22.6492,34.764,64.1319
S13,720.0,baseline,4.3261,0.0293,-17.2258,34.744,63.5258
S13,725.0,baseline,4.2379,0.0606,2.0912,34.75,63.7273
S13,730.0,baseline,4.2573,0.0796,-3.2795,34.768,63.648
S13,735.0,baseline,4.2794,0.0357,1.9776,34.796,63.7098
S13,740.0,baseline,4.1481,0.1456,3.2991,34.79,63.6559
S13,745.0,baseline,4.1719,0.1247,-1.3524,34.798,63.8337
S13,750.0,baseline,4.0026,0.1503,-6.3505,34.806,63.7893
S13,755.0,baseline,3.803,0.0154,7.5562,34.816,63.4642
S13,760.0,baseline,3.9913,0.1589,-1.6006,34.814,63.4049
S13,765.0,baseline,4.1159,0.0147,-18.5585,34.83,62.8781
S13,770.0,baseline,4.064,0.0104,17.1683,34.838,62.8192
S13,775.0,baseline,4.0431,0.0167,2.5347,34.835,62.9367
S13,780.0,baseline,4.0737,0.0203,-5.2651,34.833,63.1513
S13,785.0,baseline,4.037,0.0079,-0.6575,34.832,62.792
S13,790.0,baseline,4.0167,0.0056,3.6149,34.835,62.9182
S13,795.0,baseline,3.9962,0.0085,-3.1922,34.844,62.91
S13,800.0,baseline,3.9837,0.0043,1.2951,34.84,62.9817
S13,805.0,baseline,3.9718,0.0117,1.96,34.842,62.9099
S13,810.0,baseline,3.9954,0.0072,0.1701,34.829,63.0424
S13,815.0,baseline,4.0164,0.0412,-4.746,34.826,63.1677
S13,820.0,baseline,3.9739,0.009,2.7744,34.828,62.8033
S13,825.0,baseline,3.9451,0.008,-0.7889,34.82,62.6502
S13,830.0,baseline,3.8738,0.0956,-6.208,34.822,63.7713
S13,835.0,baseline,3.8795,0.0088,13.3837,34.814,62.9158
S13,840.0,baseline,3.8622,0.0087,-5.544,34.816,62.7172
S13,845.0,baseline,3.844,0.0114,-7.7431,34.798,62.7222
S13,850.0,baseline,3.8189,0.027,11.2519,34.804,62.9205
S13,855.0,baseline,3.772,0.0081,2.5258,34.798,63.009
S13,860.0,baseline,3.7572,0.0053,-9.7643,34.79,62.6968
S13,865.0,baseline,3.7438,0.0059,0.81,34.786,62.9575
S13,870.0,baseline,3.7245,0.0048,0.9208,34.804,63.0869
S13,875.0,baseline,3.7088,0.0064,-0.1532,34.796,63.0191
S13,880.0,baseline,3.6899,0.0052,2.1756,34.796,62.9816
S13,885.0,baseline,3.6759,0.0064,0.4096,34.792,62.9679
S13,890.0,baseline,3.6667,0.0036,-1.3673,34.794,63.0757
S13,895.0,baseline,3.6734,0.0091,0.3278,34.788,62.9765
S13,900.0,baseline,3.6571,0.0052,0.6007,34.782,63.0522
S13,905.0,baseline,3.6418,0.0052,-0.1703,34.782,63.1315
S13,910.0,baseline,3.6255,0.0067,0.3377,34.79,63.123
S13,915.0,baseline,3.6044,0.0062,-0.36,34.778,63.137
S13,920.0,baseline,3.5941,0.0049,-0.4178,34.78,62.9675
S13,925.0,baseline,3.579,0.0051,1.5279,34.772,62.8128
S13,930.0,baseline,3.5581,0.0066,-1.7209,34.776,62.8899
S13,935.0,baseline,3.5242,0.0311,3.4899,34.76,62.9934
S13,940.0,baseline,3.5226,0.0055,-1.6308,34.768,62.4091
S13,945.0,baseline,3.5633,0.019,-4.6229,34.764,63.1936
S13,950.0,baseline,3.5599,0.0041,3.9097,34.778,62.6227
S13,955.0,baseline,3.5434,0.0177,2.8889,34.784,62.7562
S13,960.0,baseline,3.5377,0.0064,-4.0015,34.802,62.7975
S13,965.0,baseline,3.5287,0.0118,-2.9972,34.806,62.8303
S13,970.0,baseline,3.5105,0.0061,3.1838,34.822,62.6707
S13,975.0,baseline,3.548,0.0509,-2.2773,34.826,62.6801
S13,980.0,baseline,3.6075,0.0132,5.6762,34.814,62.4069
S13,985.0,baseline,3.6188,0.0103,13.3484,34.816,62.4198
S13,990.0,baseline,3.626,0.0209,-25.4455,34.841,62.4586
S13,995.0,baseline,3.5653,0.0267,7.2526,34.849,62.8742
S13,1000.0,baseline,3.5556,0.0078,-3.0658,34.862,62.5291
S13,1005.0,baseline,3.5462,0.0678,12.3668,34.858,63.4576
S13,1010.0,baseline,3.6689,0.0219,-11.5537,34.878,62.9219
S13,1015.0,baseline,3.6277,0.0095,4.5299,34.894,62.9001
S13,1020.0,baseline,3.6141,0.0071,-3.0009,34.898,62.7628
S13,1025.0,baseline,3.5893,0.008,1.2178,34.89,62.6864
S13,1030.0,baseline,3.5656,0.0045,0.4418,34.882,62.6814
S13,1035.0,baseline,3.5432,0.0095,-0.8161,34.882,62.7413
S13,1040.0,baseline,3.523,0.0069,-2.6055,34.88,62.922
S13,1045.0,baseline,3.5122,0.006,6.2818,34.882,62.7869
S13,1050.0,baseline,3.5177,0.0063,-1.6588,34.884,62.7118
S13,1055.0,baseline,3.4985,0.0074,-1.0727,34.884,62.8632
S13,1060.0,baseline,3.4861,0.0056,2.1459,34.875,62.8664
S13,1065.0,baseline,3.477,0.0079,-4.9938,34.859,62.9303
S13,1070.0,baseline,3.4663,0.0054,4.1174,34.858,62.9104
S13,1075.0,baseline,3.452,0.0224,-0.2017,34.858,63.1084
S13,1080.0,baseline,3.48,0.0278,3.1109,34.854,62.9802
S13,1085.0,baseline,3.4604,0.0175,-3.7876,34.858,63.0872
S13,1090.0,baseline,3.4407,0.0055,0.1271,34.878,63.2908
S13,1095.0,baseline,3.426,0.0101,-1.2104,34.896,63.3924
S13,1100.0,baseline,3.3704,0.0121,0.9394,34.866,63.2657
S13,1105.0,baseline,3.356,0.0081,-0.5063,34.864,63.0716
S13,1110.0,baseline,3.3309,0.0156,1.5391,34.874,63.5748
S13,1115.0,baseline,3.4056,0.0357,-4.8153,34.884,64.3798
S13,1120.0,baseline,3.4315,0.0326,-4.0969,34.892,63.1588
S13,1125.0,baseline,3.38,0.0043,10.5771,34.89,63.0407
S13,1130.0,baseline,3.3659,0.0066,-2.6297,34.914,62.928
S13,1135.0,baseline,3.3501,0.0065,2.3216,34.916,62.974
S13,1140.0,baseline,3.3486,0.0034,-3.8187,34.912,62.9692
S13,1145.0,baseline,3.341,0.0058,3.5306,34.91,62.945
S13,1150.0,baseline,3.3257,0.0083,-7.6176,34.91,63.1199
S13,1155.0,baseline,3.3013,0.0139,4.5901,34.924,63.065
S13,1160.0,baseline,3.2827,0.003,2.7291,34.924,63.0082
S13,1165.0,baseline,3.271,0.0047,-1.1158,34.93,62.8802
S13,1170.0,baseline,3.256,0.0032,-1.717,34.95,63.3029
S13,1175.0,baseline,3.2955,0.0368,1.1019,34.95,62.7541
S13,1180.0,baseline,3.2621,0.0199,-0.3291,34.952,63.5812
S13,1185.0,baseline,3.2596,0.0056,3.1786,34.946,62.8955
S13,1190.0,baseline,3.2441,0.0059,-2.8146,34.97,62.998
S13,1195.0,baseline,3.2266,0.0066,-0.8727,34.974,63.095
S13,1200.0,baseline,3.2202,0.0035,2.4758,34.96,62.9444
S13,1205.0,baseline,3.2163,0.0117,-5.0256,34.964,62.7546
S13,1210.0,baseline,3.2658,0.0296,4.9672,34.952,62.6014
S13,1215.0,baseline,3.279,0.0146,1.0625,34.954,62.5668
S13,1220.0,baseline,3.2137,0.0095,0.6207,34.956,62.5222
S13,1225.0,baseline,3.1588,0.0283,-4.2169,34.944,62.7388
S13,1230.0,baseline,3.112,0.0069,1.4723,34.972,62.8771
S13,1235.0,baseline,3.0999,0.0165,-1.7057,34.97,62.942
S13,1240.0,baseline,3.1303,0.0101,2.7733,34.972,62.9392
S13,1245.0,baseline,3.1208,0.0175,4.1397,34.972,63.1342
S13,1250.0,baseline,3.1054,0.006,-1.1779,34.978,62.997
S13,1255.0,baseline,3.0878,0.009,-2.788,34.982,63.0174
S13,1260.0,baseline,3.0782,0.0075,3.0302,34.992,62.9934
S13,1265.0,baseline,3.08,0.0068,0.9809,34.988,62.9449
S13,1665.0,amusement,3.6045,0.0072,-1.4009,34.996,62.4325
S13,1670.0,amusement,3.649,0.0685,3.5046,34.99,62.4602
S13,1675.0,amusement,3.7735,0.057,0.2027,34.998,62.5766
S13,1680.0,amusement,3.6655,0.0184,-3.9288,34.994,62.2677
S13,1685.0,amusement,3.6147,0.0107,-1.5663,34.987,62.3508
S13,1690.0,amusement,3.6076,0.0168,0.9863,34.999,62.5464
S13,1695.0,amusement,3.5711,0.0062,1.1141,34.992,62.4097
S13,1700.0,amusement,3.5722,0.0319,0.4353,34.99,62.4971
S13,1705.0,amusement,3.5863,0.0222,-0.5712,34.986,62.5653
S13,1710.0,amusement,3.6224,0.0701,-0.4048,34.992,62.4741
S13,1715.0,amusement,3.8659,0.0798,1.2202,34.988,62.5848
S13,1720.0,amusement,3.9043,0.1784,-7.9131,34.982,63.328
S13,1725.0,amusement,4.7775,0.4099,9.9513,34.976,62.6712
S13,1730.0,amusement,5.5957,0.2178,-11.0502,34.99,62.8202
S13,1735.0,amusement,5.4088,0.1432,11.1852,34.987,62.7282
S13,1740.0,amusement,5.5197,0.418,1.2018,35.012,62.9092
S13,1745.0,amusement,6.6444,0.2689,-6.1207,34.994,62.7665
S13,1750.0,amusement,6.862,0.4563,1.5544,34.994,62.7029
S13,1755.0,amusement,6.7724,0.0706,0.6116,35.002,62.8414
S13,1760.0,amusement,6.981,0.1122,-0.0003,34.997,62.6418
S13,1765.0,amusement,7.7217,0.3193,-2.7133,34.99,62.6811
S13,1770.0,amusement,7.8211,0.2417,1.9555,34.995,62.6638
S13,1775.0,amusement,7.5746,0.0714,1.1054,34.993,62.6012
S13,1780.0,amusement,7.426,0.0274,-1.0497,34.996,62.6316
S13,1785.0,amusement,7.3625,0.0443,2.887,34.991,63.4115
S13,1790.0,amusement,7.4626,0.117,-4.6949,34.983,65.4689
S13,1795.0,amusement,7.8417,0.1256,3.9982,34.993,63.3917
S13,1800.0,amusement,7.5539,0.0574,-1.573,34.995,63.3965
S13,1805.0,amusement,7.3944,0.0407,0.2102,35.006,63.2189
S13,1810.0,amusement,7.3871,0.1044,-1.0725,34.998,63.0962
S13,1815.0,amusement,7.3311,0.0543,2.3412,34.998,62.5918
S13,1820.0,amusement,7.1495,0.0467,-1.1257,35.03,62.6388
S13,1825.0,amusement,6.9935,0.0361,0.7804,35.034,62.5683
S13,1830.0,amusement,7.0057,0.0762,-0.9871,35.034,62.7849
S13,1835.0,amusement,6.8136,0.0401,-0.1287,35.036,62.8316
S13,1840.0,amusement,6.7889,0.0389,0.5321,35.024,62.574
S13,1845.0,amusement,6.6835,0.0455,0.2981,35.025,62.6347
S13,1850.0,amusement,6.5434,0.0349,-0.7356,35.002,62.6926
S13,1855.0,amusement,6.6958,0.1474,-3.4933,34.998,62.6206
S13,1860.0,amusement,6.601,0.0281,9.0324,34.997,63.1718
S13,1865.0,amusement,6.6982,0.1113,19.6218,34.994,63.6603
S13,1870.0,amusement,6.657,0.0547,-25.7942,34.992,62.7602
S13,1875.0,amusement,6.5408,0.0168,-1.2808,34.992,62.6411
S13,1880.0,amusement,6.5005,0.0333,6.1446,34.999,62.6012
S13,1885.0,amusement,6.3766,0.0433,-5.9113,34.992,62.5145
S13,1890.0,amusement,6.2261,0.0236,2.7969,34.995,62.6787
S13,1895.0,amusement,6.1361,0.0274,-1.8516,34.978,62.6691
S13,1900.0,amusement,6.0612,0.024,0.4982,34.99,62.7911
S13,1905.0,amusement,5.9918,0.0143,3.3724,34.976,62.7177
S13,1910.0,amusement,6.0147,0.018,-3.2648,34.986,62.6899
S13,1915.0,amusement,5.9775,0.0438,-1.6207,34.98,62.6364
S13,1920.0,amusement,5.8914,0.02,-1.1769,34.974,62.7273
S13,1925.0,amusement,5.819,0.027,4.9482,34.974,62.8536
S13,1930.0,amusement,5.7435,0.0181,-2.7569,34.95,62.6781
S13,1935.0,amusement,5.6889,0.0119,1.5396,34.958,62.6573
S13,1940.0,amusement,5.6274,0.0168,-1.4039,34.956,62.5943
S13,1945.0,amusement,5.6465,0.0587,-17.566,34.948,62.5001
S13,1950.0,amusement,5.6338,0.0644,22.4809,34.954,62.5772
S13,1955.0,amusement,5.5069,0.025,-5.6427,34.952,62.62
S13,1960.0,amusement,5.5543,0.0292,2.3023,34.938,62.7824
S13,1965.0,amusement,5.4632,0.0198,-0.4747,34.93,62.813
S13,1970.0,amusement,5.4052,0.0148,-0.2912,34.938,62.7802
S13,1975.0,amusement,5.3919,0.0135,-6.7362,34.922,62.6053
S13,1980.0,amusement,5.3587,0.0249,8.0209,34.928,62.6499
S13,1985.0,amusement,5.3007,0.0115,2.8865,34.932,62.6571
S13,1990.0,amusement,5.2809,0.0138,0.0481,34.924,62.5049
S13,1995.0,amusement,5.2157,0.0294,-5.2554,34.924,62.6838
S13,2000.0,amusement,5.2816,0.1293,2.5705,34.906,62.6328
S13,2005.0,amusement,5.4156,0.0816,-4.9742,34.908,62.6121
S13,2010.0,amusement,5.5574,0.0581,2.2313,34.902,62.5448
S13,2015.0,amusement,5.3823,0.0362,-0.758,34.886,62.5131
S13,2020.0,amusement,5.3729,0.0843,12.9323,34.904,65.3209
S13,2025.0,amusement,5.4288,0.0271,-36.485,34.898,63.9586
S13,2030.0,amusement,5.3831,0.0166,25.1249,34.9,62.7656
S13,2035.0,amusement,5.3049,0.0308,0.557,34.904,62.7938
S13,2040.0,amusement,5.2588,0.0066,-1.5673,34.908,62.7639
S13,3260.0,stress,10.2178,0.1056,-1.8506,34.536,63.1965
S13,3265.0,stress,10.4206,0.0759,24.6054,34.533,64.4744
S13,3270.0,stress,10.4956,0.1309,-9.1447,34.518,62.4667
S13,3275.0,stress,10.453,0.2237,-6.255,34.499,63.9451
S13,3280.0,stress,10.7861,0.1509,6.2302,34.48,62.4809
S13,3285.0,stress,10.9622,0.4042,23.2307,34.468,63.7008
S13,3290.0,stress,10.9306,0.1004,-11.3358,34.474,64.9312
S13,3295.0,stress,11.0232,0.1356,-22.6626,34.468,65.4259
S13,3300.0,stress,10.9747,0.0455,10.6348,34.45,63.1385
S13,3305.0,stress,11.0377,0.0534,-1.3472,34.426,63.4973
S13,3310.0,stress,11.2724,0.1763,-3.0876,34.434,63.9998
S13,3315.0,stress,11.7458,0.3732,1.2459,34.44,63.9181
S13,3320.0,stress,11.9436,0.1486,-14.0694,34.416,63.1263
S13,3325.0,stress,11.5306,0.0755,12.46,34.424,62.7307
S13,3330.0,stress,11.764,0.2533,1.7273,34.406,63.5175
S13,3335.0,stress,11.8725,0.2162,-1.2368,34.371,63.2412
S13,3340.0,stress,12.0934,0.1603,-18.3653,34.338,64.4266
S13,3345.0,stress,12.4067,0.2207,9.7038,34.341,64.0333
S13,3350.0,stress,12.0976,0.2099,-3.32,34.314,63.1936
S13,3355.0,stress,12.4756,0.1461,29.7374,34.294,63.3178
S13,3360.0,stress,12.1431,0.2275,-0.6229,34.282,62.9168
S13,3365.0,stress,12.3705,0.0527,-13.8912,34.28,64.4664
S13,3370.0,stress,12.4436,0.0927,-6.194,34.26,64.318
S13,3375.0,stress,12.6832,0.1891,-8.3058,34.234,62.99
S13,3380.0,stress,12.6287,0.2157,7.2437,34.212,63.8468
S13,3385.0,stress,12.8549,0.3758,25.82,34.207,63.4023
S13,3390.0,stress,12.8502,0.1422,-18.9699,34.189,63.1935
S13,3395.0,stress,13.0555,0.2503,-4.804,34.173,63.9248
S13,3400.0,stress,12.9384,0.1231,3.9869,34.162,63.343
S13,3405.0,stress,12.9987,0.0897,25.6466,34.149,63.2725
S13,3410.0,stress,12.9991,0.0987,-22.4766,34.128,63.5091
S13,3415.0,stress,13.1309,0.2839,-16.5729,34.12,63.1573
S13,3420.0,stress,13.2156,0.0647,27.7075,34.09,63.4135
S13,3425.0,stress,13.1522,0.1168,-7.5056,34.082,64.3142
S13,3430.0,stress,13.1634,0.2844,-15.5492,34.08,63.4401
S13,3435.0,stress,13.2665,0.111,5.3644,34.06,62.7722
S13,3440.0,stress,13.5645,0.2738,-3.2225,34.05,63.4038
S13,3445.0,stress,13.6789,0.1405,10.0336,34.028,62.9383
S13,3450.0,stress,13.7142,0.1167,17.1467,34.009,63.6592
S13,3455.0,stress,13.5455,0.1575,-16.1891,33.989,62.9115
S13,3460.0,stress,13.5223,0.1061,-19.8363,33.978,63.2559
S13,3465.0,stress,13.7485,0.0344,15.0664,33.97,62.8945
S13,3470.0,stress,13.806,0.065,0.1664,33.956,63.759
S13,3475.0,stress,13.8048,0.1883,9.8995,33.944,63.0779
S13,3480.0,stress,13.8045,0.0783,-12.4954,33.926,63.4096
S13,3485.0,stress,13.8287,0.061,0.5929,33.897,63.364
S13,3490.0,stress,14.1631,0.1204,1.5437,33.851,63.6505
S13,3495.0,stress,14.0038,0.1985,-18.5471,33.836,63.7275
S13,3500.0,stress,13.9883,0.2283,17.4294,33.816,63.8905
S13,3505.0,stress,13.9545,0.1036,-11.9102,33.8,63.3874
S13,3510.0,stress,14.1852,0.1066,11.0333,33.786,62.7603
S13,3515.0,stress,14.2253,0.1331,6.8252,33.748,63.0054
S13,3520.0,stress,14.307,0.4532,4.5131,33.716,63.4485
S13,3525.0,stress,14.3367,0.2973,-7.223,33.701,62.897
S13,3530.0,stress,14.1923,0.2553,-7.8738,33.711,63.9285
S13,3535.0,stress,14.3103,0.1199,2.6381,33.695,63.1315
S13,3540.0,stress,14.2196,0.2785,-2.0279,33.67,64.8389
S13,3545.0,stress,14.6548,0.2178,9.9691,33.659,63.0204
S13,3550.0,stress,14.7588,0.0843,-10.0635,33.642,63.4429
S13,3555.0,stress,14.9832,0.1066,40.8034,33.622,62.9716
S13,3560.0,stress,15.003,0.0355,-30.0685,33.582,63.0289
S13,3565.0,stress,15.1081,0.0544,-6.5748,33.543,62.8636
S13,3570.0,stress,15.1402,0.1688,-5.2673,33.528,62.7532
S13,3575.0,stress,14.8465,0.0924,-4.7957,33.512,62.8624
S13,3580.0,stress,15.311,0.2633,8.8326,33.494,62.8682
S13,3585.0,stress,15.4669,0.1212,5.4857,33.501,62.9613
S13,3590.0,stress,15.3086,0.1405,-4.8742,33.488,62.9699
S13,3595.0,stress,15.5463,0.0897,2.2614,33.482,62.7722
S13,3600.0,stress,15.4306,0.1155,0.0363,33.48,62.6605
S13,3605.0,stress,15.3056,0.0786,2.165,33.47,62.7049
S13,3610.0,stress,15.4103,0.1357,-2.249,33.458,62.709
S13,3615.0,stress,15.4554,0.0724,-3.4504,33.436,62.9211
S13,3620.0,stress,15.4116,0.112,-2.311,33.42,62.6866
S13,3625.0,stress,15.2024,0.4328,13.5944,33.394,63.0587
S13,3630.0,stress,15.3249,0.464,-10.219,33.376,63.3588
S13,3635.0,stress,14.8912,0.5931,-2.2362,33.345,62.9733
S13,3640.0,stress,15.5076,0.0936,-0.1618,33.355,62.9118
S13,3645.0,stress,15.4238,0.2326,10.4223,33.338,62.6716
S13,3650.0,stress,15.6947,0.0403,-7.6045,33.335,62.9663
S13,3655.0,stress,15.7096,0.0313,2.1188,33.331,63.0479
S13,3660.0,stress,15.4953,0.2919,-1.5197,33.312,62.8616
S13,3665.0,stress,15.6008,0.2586,0.8673,33.3,62.8068
S13,3670.0,stress,15.7655,0.0345,2.1739,33.288,62.967
S13,3675.0,stress,15.4634,0.3283,0.9253,33.282,62.9969
S13,3680.0,stress,15.4498,0.4084,-3.6911,33.274,63.7409
S13,3685.0,stress,15.6923,0.2409,-2.5647,33.262,63.2418
S13,3690.0,stress,15.6446,0.0627,4.8022,33.264,62.6226
S13,3695.0,stress,15.5752,0.0791,-0.4745,33.27,62.8184
S13,3700.0,stress,15.7783,0.0335,-0.6631,33.272,62.719
S13,3705.0,stress,15.6956,0.0585,9.0476,33.278,62.7619
S13,3710.0,stress,15.5233,0.4203,-10.669,33.266,62.8423
S13,3715.0,stress,15.6591,0.1856,-2.0193,33.268,62.8255
S13,3720.0,stress,15.0771,0.4161,4.9333,33.274,62.8556
S13,3725.0,stress,15.4438,0.2622,1.1539,33.26,63.006
S13,3730.0,stress,15.5162,0.4253,-3.8729,33.25,62.9212
S13,3735.0,stress,15.1939,0.1301,2.6629,33.252,62.8044
S13,3740.0,stress,15.5841,0.0642,-3.1008,33.236,62.9474
S13,3745.0,stress,15.4376,0.1468,-1.6803,33.226,62.8013
S13,3750.0,stress,15.2735,0.171,-22.0594,33.201,62.8024
S13,3755.0,stress,15.5758,0.1106,32.0602,33.18,62.9689
S13,3760.0,stress,15.5906,0.0474,-7.2565,33.174,63.1293
S13,3765.0,stress,15.3997,0.2458,2.4663,33.19,63.0322
S13,3770.0,stress,14.582,0.6124,1.1207,33.172,62.8783
S13,3775.0,stress,14.1344,0.2817,2.0064,33.155,62.8995
S13,3780.0,stress,13.9433,0.0268,-2.6519,33.155,62.9989
S13,3785.0,stress,14.9918,0.4597,-7.7492,33.16,63.0245
S13,3790.0,stress,15.075,0.3097,-22.1437,33.168,63.0356
S13,3795.0,stress,15.0654,0.5736,33.6929,33.153,62.9737
S13,3800.0,stress,14.5294,0.6966,-15.9322,33.156,62.8869
S13,3805.0,stress,14.7653,0.538,13.2034,33.15,63.0197
S13,3810.0,stress,15.059,0.0447,-6.773,33.148,62.8405
S13,3815.0,stress,14.9244,0.046,3.697,33.122,63.0266
S13,3820.0,stress,14.8661,0.0231,-5.1371,33.118,62.5994
S13,3825.0,stress,14.9077,0.1337,-0.0112,33.094,64.3638
S13,3830.0,stress,14.7121,0.1204,-5.8074,33.08,62.7459
S13,3835.0,stress,14.6588,0.0504,7.1066,33.076,62.8074
S13,3840.0,stress,14.7229,0.0505,6.7057,33.062,62.7904
S13,3845.0,stress,14.5899,0.2496,3.8727,33.062,62.7718
S13,3850.0,stress,14.6165,0.0308,-9.2629,33.048,62.8281
S13,3855.0,stress,14.4196,0.1736,1.908,33.05,62.8167
S13,3860.0,stress,14.4715,0.0578,3.8857,33.025,62.8278
S13,3865.0,stress,14.3974,0.1691,-16.6729,33.025,64.5676
S13,3870.0,stress,14.5809,0.0869,16.8406,33.012,62.7205
S13,3875.0,stress,14.4698,0.0447,-1.7612,32.997,62.6295
S13,3880.0,stress,14.6839,0.0621,-6.1565,33.023,62.5071
S13,3885.0,stress,14.494,0.06,15.2691,33.038,62.6985
S13,3890.0,stress,14.5198,0.0414,-9.3431,33.035,62.8947
S13,3895.0,stress,14.2839,0.1614,4.6232,33.031,62.8178
S13,3900.0,stress,14.0652,0.157,4.4535,33.04,62.8755
S13,3905.0,stress,14.378,0.0279,7.4073,33.04,62.6961
S13,3910.0,stress,14.2687,0.0433,-22.479,33.036,62.2855
S13,3915.0,stress,14.5651,0.1805,20.5809,33.046,64.618
S13,3920.0,stress,14.0497,0.4244,-14.4771,33.036,62.9601
S14,25.0,baseline,0.2976,0.0098,-6.2703,32.018,64.6051
S14,30.0,baseline,0.2978,0.002,-0.2433,32.024,64.2497
S14,35.0,baseline,0.2919,0.0023,0.5141,32.02,64.4712
S14,40.0,baseline,0.2876,0.0012,0.5253,32.0225,63.4324
S14,45.0,baseline,0.2876,0.0013,0.0392,32.0085,63.4327
S14,50.0,baseline,0.2892,0.0037,-6.516,32.042,64.2579
S14,55.0,baseline,0.2875,0.0012,4.3253,32.067,63.7158
S14,60.0,baseline,0.2851,0.0015,-1.0949,32.067,64.4442
S14,65.0,baseline,0.286,0.0023,1.8877,32.078,64.5397
S14,70.0,baseline,0.2882,0.0013,-3.3812,32.082,64.7293
S14,75.0,baseline,0.2881,0.0027,11.229,32.084,64.9026
S14,80.0,baseline,0.2892,0.0015,-8.0667,32.084,64.2783
S14,85.0,baseline,0.2872,0.0017,-1.6671,32.098,64.3652
S14,90.0,baseline,0.2875,0.0012,1.1644,32.095,64.8892
S14,95.0,baseline,0.2869,0.0018,-0.8221,32.089,65.032
S14,100.0,baseline,0.2868,0.0011,1.5915,32.093,65.1345
S14,105.0,baseline,0.2861,0.0023,1.4827,32.088,65.0314
S14,110.0,baseline,0.2871,0.0009,-2.5188,32.093,65.0546
S14,115.0,baseline,0.2855,0.0024,0.6753,32.098,65.0305
S14,120.0,baseline,0.2853,0.0016,-0.7924,32.086,65.0898
S14,125.0,baseline,0.2848,0.0028,1.7361,32.09,65.0995
S14,130.0,baseline,0.2857,0.0026,4.5535,32.081,65.2029
S14,135.0,baseline,0.2809,0.0016,-6.0227,32.087,63.3447
S14,140.0,baseline,0.2836,0.002,-5.5012,32.102,64.4599
S14,145.0,baseline,0.2841,0.0026,5.8112,32.098,64.8959
S14,150.0,baseline,0.2817,0.0011,0.8032,32.102,64.1145
S14,155.0,baseline,0.2817,0.0011,0.5636,32.103,64.8444
S14,160.0,baseline,0.2805,0.0017,-3.5006,32.111,64.9385
S14,165.0,baseline,0.2802,0.0015,1.9509,32.105,64.944
S14,170.0,baseline,0.2801,0.001,1.0374,32.117,64.8911
S14,175.0,baseline,0.2809,0.0012,-0.582,32.107,65.0222
S14,180.0,baseline,0.2806,0.0016,-0.6874,32.089,65.1183
S14,185.0,baseline,0.294,0.0215,-2.6232,32.093,64.8159
S14,190.0,baseline,0.283,0.0019,2.5425,32.091,64.5765
S14,195.0,baseline,0.2926,0.0172,-1.9489,32.094,64.7414
S14,200.0,baseline,0.2767,0.0008,0.6967,32.081,64.8766
S14,205.0,baseline,0.2756,0.002,0.7396,32.078,64.9439
S14,210.0,baseline,0.2744,0.0061,2.4174,32.066,65.2853
S14,215.0,baseline,0.2644,0.004,-2.0645,32.07,63.7541
S14,220.0,baseline,0.2656,0.0017,1.3343,32.066,63.7171
S14,225.0,baseline,0.2682,0.0016,0.456,32.078,63.5676
S14,230.0,baseline,0.2701,0.0016,-3.1579,32.099,63.6052
S14,235.0,baseline,0.2701,0.0013,1.3925,32.096,63.613
S14,240.0,baseline,0.2698,0.0014,0.9215,32.122,63.6987
S14,245.0,baseline,0.2695,0.0028,0.8347,32.131,63.7293
S14,250.0,baseline,0.2699,0.0012,-1.1661,32.156,63.7283
S14,255.0,baseline,0.2702,0.0018,0.6545,32.152,63.7718
S14,260.0,baseline,0.2694,0.0018,-1.8665,32.1655,63.8184
S14,265.0,baseline,0.2695,0.0012,2.6331,32.182,63.8242
S14,270.0,baseline,0.2694,0.0014,-0.7969,32.186,63.6806
S14,275.0,baseline,0.2691,0.0014,0.4894,32.2065,63.7154
S14,280.0,baseline,0.2679,0.0017,-1.1791,32.217,63.7545
S14,285.0,baseline,0.268,0.002,-0.0321,32.218,63.8926
S14,290.0,baseline,0.2683,0.001,-1.3686,32.227,63.9023
S14,295.0,baseline,0.2681,0.001,1.4727,32.239,63.7844
S14,300.0,baseline,0.2679,0.001,-0.9203,32.244,63.6665
S14,305.0,baseline,0.2669,0.002,1.526,32.244,63.6542
S14,310.0,baseline,0.2668,0.0015,0.5875,32.25,63.5408
S14,315.0,baseline,0.2667,0.0016,-2.1638,32.258,64.5137
S14,320.0,baseline,0.2671,0.0024,-0.0907,32.254,64.6744
S14,325.0,baseline,0.2671,0.0021,-1.5378,32.271,64.6206
S14,330.0,baseline,0.265,0.0025,2.5481,32.258,64.4217
S14,335.0,baseline,0.265,0.0009,-0.3208,32.248,64.0334
S14,340.0,baseline,0.2641,0.0025,-1.1196,32.235,64.0252
S14,345.0,baseline,0.2645,0.0011,3.4645,32.229,63.861
S14,350.0,baseline,0.2644,0.0012,-1.6119,32.234,63.8558
S14,355.0,baseline,0.2626,0.0045,3.1954,32.226,64.342
S14,360.0,baseline,0.2677,0.0027,-0.756,32.23,64.6693
S14,365.0,baseline,0.2644,0.0011,-3.0875,32.231,64.0537
S14,370.0,baseline,0.2653,0.001,1.053,32.241,63.906
S14,375.0,baseline,0.2653,0.001,-1.8273,32.226,63.8142
S14,380.0,baseline,0.2667,0.001,1.0208,32.227,63.8479
S14,385.0,baseline,0.2669,0.002,0.6733,32.237,63.9296
S14,390.0,baseline,0.2676,0.0018,-0.3831,32.248,64.0198
S14,395.0,baseline,0.2679,0.0016,0.479,32.254,63.9779
S14,400.0,baseline,0.2678,0.0014,-2.4285,32.245,64.0425
S14,405.0,baseline,0.2679,0.0017,1.7506,32.255,63.9959
S14,410.0,baseline,0.2683,0.0011,0.0375,32.253,63.9933
S14,415.0,baseline,0.2675,0.0015,1.5047,32.254,64.0796
S14,420.0,baseline,0.2683,0.0012,-0.5321,32.258,64.0218
S14,425.0,baseline,0.2678,0.0023,-0.0792,32.266,64.0213
S14,430.0,baseline,0.2694,0.001,0.473,32.271,64.0262
S14,435.0,baseline,0.2696,0.0018,-1.0029,32.279,64.0424
S14,440.0,baseline,0.2699,0.0018,1.0177,32.278,64.0638
S14,445.0,baseline,0.2699,0.0015,-2.3852,32.282,63.9648
S14,450.0,baseline,0.271,0.0011,1.0106,32.278,63.8685
S14,455.0,baseline,0.2708,0.0012,-1.4142,32.295,63.8645
S14,460.0,baseline,0.2715,0.0009,0.4648,32.289,63.963
S14,465.0,baseline,0.2711,0.0012,1.0086,32.274,63.9955
S14,470.0,baseline,0.2714,0.0011,-1.3697,32.282,64.0606
S14,475.0,baseline,0.2717,0.0015,3.5006,32.273,64.0037
S14,480.0,baseline,0.272,0.0023,-6.8529,32.282,65.4297
S14,485.0,baseline,0.2718,0.0019,4.9795,32.279,65.3027
S14,490.0,baseline,0.2755,0.0016,-0.2249,32.272,65.3709
S14,495.0,baseline,0.2768,0.0012,-1.0404,32.263,65.2383
S14,500.0,baseline,0.2777,0.0012,0.4089,32.269,65.2706
S14,505.0,baseline,0.2791,0.0022,0.8907,32.247,65.289
S14,510.0,baseline,0.2805,0.0014,-2.6017,32.249,65.1755
S14,515.0,baseline,0.2797,0.0014,3.5718,32.247,65.2103
S14,520.0,baseline,0.2807,0.0014,-0.3343,32.252,65.3537
S14,525.0,baseline,0.2813,0.0019,-0.2963,32.234,65.4233
S14,530.0,baseline,0.2824,0.0015,0.0617,32.23,65.4427
S14,535.0,baseline,0.2823,0.0009,-2.7989,32.243,65.447
S14,540.0,baseline,0.2822,0.0017,2.262,32.229,65.4419
S14,545.0,baseline,0.2825,0.0014,-0.0353,32.218,65.3738
S14,550.0,baseline,0.2814,0.0024,-4.5258,32.217,64.8787
S14,555.0,baseline,0.2759,0.002,2.9117,32.219,63.8407
S14,560.0,baseline,0.2746,0.0013,1.1957,32.217,63.7045
S14,565.0,baseline,0.2742,0.0011,-1.9172,32.219,63.7391
S14,570.0,baseline,0.2753,0.0018,2.0027,32.234,63.8825
S14,575.0,baseline,0.2754,0.0012,-0.1004,32.231,63.9306
S14,580.0,baseline,0.2744,0.0035,-2.2786,32.242,65.1146
S14,585.0,baseline,0.2776,0.0022,2.5806,32.255,65.1697
S14,590.0,baseline,0.2791,0.0009,-0.4655,32.25,65.2403
S14,595.0,baseline,0.2812,0.0014,-1.2802,32.252,65.3069
S14,600.0,baseline,0.2786,0.0024,2.2218,32.242,63.804
S14,605.0,baseline,0.2768,0.0039,-1.6943,32.252,63.8283
S14,610.0,baseline,0.2711,0.0018,2.4073,32.246,63.7739
S14,615.0,baseline,0.2717,0.0011,-0.277,32.261,63.7284
S14,620.0,baseline,0.2712,0.0016,-1.2005,32.259,63.9479
S14,625.0,baseline,0.2711,0.0014,1.5063,32.262,63.779
S14,630.0,baseline,0.2715,0.0011,-1.3406,32.273,63.8459
S14,635.0,baseline,0.2721,0.0016,-0.7168,32.263,63.9137
S14,640.0,baseline,0.2735,0.0009,2.3674,32.279,64.0668
S14,645.0,baseline,0.2732,0.0012,-1.0694,32.282,64.0332
S14,650.0,baseline,0.2762,0.0024,-1.439,32.267,65.077
S14,655.0,baseline,0.28,0.0012,2.1005,32.276,65.0862
S14,660.0,baseline,0.2809,0.0019,-0.3234,32.278,65.0741
S14,665.0,baseline,0.2811,0.0015,-2.2917,32.262,65.1536
S14,670.0,baseline,0.2821,0.001,10.4991,32.257,65.4331
S14,675.0,baseline,0.2809,0.0017,-10.4872,32.263,64.1916
S14,680.0,baseline,0.2813,0.0015,2.6413,32.262,64.5765
S14,685.0,baseline,0.2805,0.0028,-1.9274,32.24,64.8405
S14,690.0,baseline,0.2827,0.0015,-0.2992,32.238,64.7904
S14,695.0,baseline,0.2832,0.0019,2.2944,32.242,64.9909
S14,700.0,baseline,0.2836,0.0016,-0.3264,32.231,64.9436
S14,705.0,baseline,0.2838,0.0019,-2.0339,32.25,64.8523
S14,710.0,baseline,0.2855,0.0018,1.6883,32.236,64.9668
S14,715.0,baseline,0.2856,0.0017,-3.0787,32.2205,64.9777
S14,720.0,baseline,0.2866,0.001,3.0283,32.198,64.9345
S14,725.0,baseline,0.2876,0.0022,-3.2096,32.196,65.0896
S14,730.0,baseline,0.2878,0.0013,1.2738,32.1945,65.0232
S14,735.0,baseline,0.2888,0.0013,3.0394,32.1935,64.9757
S14,740.0,baseline,0.2896,0.0011,-1.6413,32.179,64.8476
S14,745.0,baseline,0.29,0.0017,0.0787,32.162,65.1073
S14,750.0,baseline,0.2892,0.0013,-0.0866,32.171,65.104
S14,755.0,baseline,0.2909,0.0009,1.0408,32.159,65.1304
S14,760.0,baseline,0.2909,0.0018,-1.8394,32.1475,65.1553
S14,765.0,baseline,0.2912,0.0017,0.1716,32.1465,65.0938
S14,770.0,baseline,0.2915,0.0022,-7.1074,32.155,64.5846
S14,775.0,baseline,0.2888,0.0027,8.3664,32.155,64.8554
S14,780.0,baseline,0.2892,0.0011,0.1239,32.1535,64.4545
S14,785.0,baseline,0.2894,0.0018,0.3047,32.1505,64.92
S14,790.0,baseline,0.2905,0.001,-1.4043,32.154,64.9291
S14,795.0,baseline,0.2908,0.0027,-6.1231,32.1525,64.8878
S14,800.0,baseline,0.2894,0.0009,10.6801,32.155,64.9719
S14,805.0,baseline,0.2862,0.0015,-9.6415,32.1555,64.8473
S14,810.0,baseline,0.285,0.0012,7.4035,32.175,64.713
S14,815.0,baseline,0.2848,0.0021,-2.4036,32.169,64.7164
S14,820.0,baseline,0.2871,0.0015,-0.5587,32.164,64.6658
S14,825.0,baseline,0.2881,0.0012,0.2763,32.164,64.6201
S14,830.0,baseline,0.2877,0.0016,3.401,32.167,64.713
S14,835.0,baseline,0.289,0.0012,-2.5858,32.1655,64.7548
S14,840.0,baseline,0.289,0.0019,-0.3127,32.16,64.7453
S14,845.0,baseline,0.2947,0.0065,2.5658,32.1585,64.5247
S14,850.0,baseline,0.2972,0.0015,-4.1169,32.1515,64.3174
S14,855.0,baseline,0.2975,0.0015,2.7798,32.148,64.4314
S14,860.0,baseline,0.2978,0.0014,-0.7282,32.153,64.3805
S14,865.0,baseline,0.2955,0.0038,-3.4127,32.152,64.6749
S14,870.0,baseline,0.2921,0.0014,6.3992,32.151,64.9687
S14,875.0,baseline,0.2922,0.0052,-4.0108,32.148,64.9911
S14,880.0,baseline,0.2908,0.0014,-0.843,32.148,64.877
S14,885.0,baseline,0.291,0.002,1.6274,32.149,64.9919
S14,890.0,baseline,0.2915,0.0022,8.957,32.134,65.013
S14,895.0,baseline,0.288,0.0016,-9.4277,32.13,63.9339
S14,900.0,baseline,0.2882,0.0018,1.9871,32.138,64.0002
S14,905.0,baseline,0.2877,0.002,-1.7609,32.143,63.9858
S14,910.0,baseline,0.2892,0.0013,-0.7044,32.152,64.5135
S14,915.0,baseline,0.2913,0.0009,0.8093,32.16,64.2068
S14,920.0,baseline,0.2921,0.0017,0.5612,32.1525,64.4898
S14,925.0,baseline,0.2923,0.0012,-1.2251,32.173,64.6084
S14,930.0,baseline,0.2927,0.0013,0.6618,32.167,65.1066
S14,935.0,baseline,0.2932,0.0019,0.6274,32.169,65.0507
S14,940.0,baseline,0.2937,0.001,-2.3293,32.176,65.0425
S14,945.0,baseline,0.2942,0.0011,0.9146,32.1775,64.995
S14,950.0,baseline,0.2948,0.0015,2.9518,32.194,65.3373
S14,955.0,baseline,0.2967,0.0016,-11.6533,32.1925,65.462
S14,960.0,baseline,0.2829,0.0086,8.5629,32.1875,64.9663
S14,965.0,baseline,0.2875,0.0056,-5.6194,32.2025,65.2602
S14,970.0,baseline,0.2942,0.0104,11.1891,32.1955,64.7847
S14,975.0,baseline,0.3031,0.001,-8.3358,32.1865,64.7408
S14,980.0,baseline,0.3022,0.0017,8.3468,32.1875,64.7667
S14,985.0,baseline,0.3026,0.0016,-0.4508,32.1905,64.7877
S14,990.0,baseline,0.3035,0.002,-7.4903,32.191,64.8173
S14,995.0,baseline,0.3052,0.0009,5.4932,32.1965,64.8459
S14,1000.0,baseline,0.3068,0.0013,-3.1902,32.1835,64.804
S14,1005.0,baseline,0.3066,0.0012,1.1597,32.161,64.8392
S14,1010.0,baseline,0.307,0.0013,0.8586,32.1645,64.8351
S14,1015.0,baseline,0.3074,0.0018,-1.995,32.154,64.8031
S14,1020.0,baseline,0.3081,0.0018,2.5086,32.142,64.857
S14,1025.0,baseline,0.3079,0.0014,-0.3924,32.146,64.784
S14,1030.0,baseline,0.3082,0.0016,0.7164,32.133,64.7577
S14,1035.0,baseline,0.3093,0.0009,-0.8703,32.134,64.7508
S14,1040.0,baseline,0.3095,0.0012,-0.347,32.126,64.8594
S14,1045.0,baseline,0.3093,0.0013,-0.0445,32.11,64.8364
S14,1050.0,baseline,0.3097,0.0012,0.835,32.121,64.822
S14,1055.0,baseline,0.311,0.0013,-0.7336,32.114,64.8113
S14,1060.0,baseline,0.3116,0.0025,0.0792,32.102,64.8209
S14,1065.0,baseline,0.3111,0.0025,-1.6446,32.114,64.7828
S14,1070.0,baseline,0.3121,0.0018,0.7037,32.116,64.8299
S14,1075.0,baseline,0.3135,0.0014,0.706,32.11,64.7981
S14,1080.0,baseline,0.3133,0.0013,-1.6902,32.1,64.8176
S14,1085.0,baseline,0.3137,0.0016,0.3975,32.101,64.7611
S14,1090.0,baseline,0.3145,0.0014,2.7827,32.087,64.7598
S14,1095.0,baseline,0.315,0.0011,-1.6976,32.109,64.8191
S14,1100.0,baseline,0.3148,0.0014,-4.8981,32.097,64.8061
S14,1105.0,baseline,0.3074,0.0035,8.9708,32.092,64.5984
S14,1110.0,baseline,0.3057,0.0014,-4.6879,32.101,64.6535
S14,1115.0,baseline,0.3074,0.0009,0.8992,32.081,64.5529
S14,1120.0,baseline,0.3065,0.0009,-0.099,32.082,64.5229
S14,1125.0,baseline,0.3075,0.0015,-0.8312,32.087,64.7875
S14,1130.0,baseline,0.3075,0.0016,0.6274,32.098,64.7502
S14,1135.0,baseline,0.3086,0.0011,-1.4377,32.099,64.7582
S14,1140.0,baseline,0.3094,0.0013,5.2845,32.106,64.9444
S14,1145.0,baseline,0.3086,0.0021,-1.3096,32.123,64.9317
S14,1150.0,baseline,0.3118,0.0031,-4.4454,32.135,64.3179
S14,1155.0,baseline,0.3103,0.0033,-0.5718,32.144,64.4944
S14,1160.0,baseline,0.3064,0.0017,1.223,32.1505,64.2667
S14,1165.0,baseline,0.3062,0.0012,-0.2575,32.1555,64.1188
S14,1170.0,baseline,0.3052,0.0021,2.1974,32.1605,64.5405
S14,1175.0,baseline,0.3066,0.0011,-1.0567,32.164,64.5668
S14,1180.0,baseline,0.3077,0.0016,0.2629,32.169,64.5047
S14,1185.0,baseline,0.307,0.0016,-0.6641,32.1835,64.9484
S14,1190.0,baseline,0.3083,0.0014,-0.1478,32.1965,64.9198
S14,1195.0,baseline,0.3074,0.0021,0.3493,32.2095,64.463
S14,1200.0,baseline,0.308,0.0017,-1.1457,32.227,64.6555
S14,1905.0,stress,0.3366,0.0016,8.7027,32.658,65.1195
S14,1910.0,stress,0.3349,0.0023,0.1332,32.6495,65.7504
S14,1915.0,stress,0.3361,0.0015,-0.7035,32.648,67.0936
S14,1920.0,stress,0.3203,0.0065,-1.7682,32.638,64.8004
S14,1925.0,stress,0.3288,0.0056,2.9351,32.646,65.2863
S14,1930.0,stress,0.3341,0.0021,7.5022,32.64,65.0509
S14,1935.0,stress,0.336,0.0016,-9.1541,32.632,66.0181
S14,1940.0,stress,0.3363,0.0011,1.1109,32.6525,66.588
S14,1945.0,stress,0.3376,0.0024,-0.6273,32.6535,65.9706
S14,1950.0,stress,0.3424,0.0017,-2.051,32.65,66.2315
S14,1955.0,stress,0.3393,0.0018,1.5126,32.652,65.2498
S14,1960.0,stress,0.3384,0.0017,4.3648,32.6535,65.4949
S14,1965.0,stress,0.3376,0.0021,-3.5189,32.663,65.03
S14,1970.0,stress,0.3382,0.0015,3.5796,32.672,65.2789
S14,1975.0,stress,0.3383,0.0015,0.7208,32.66,65.1298
S14,1980.0,stress,0.3376,0.0015,-4.0622,32.664,65.3365
S14,1985.0,stress,0.3361,0.0026,-4.5252,32.67,65.4709
S14,1990.0,stress,0.3354,0.002,7.9924,32.674,65.4269
S14,1995.0,stress,0.3374,0.0012,-0.1,32.678,65.5664
S14,2000.0,stress,0.3367,0.0021,-6.3293,32.665,65.827
S14,2005.0,stress,0.3373,0.0019,1.1451,32.68,65.978
S14,2010.0,stress,0.3379,0.0012,-0.2014,32.676,65.7174
S14,2015.0,stress,0.3398,0.0055,-2.0565,32.6775,65.0047
S14,2020.0,stress,0.3453,0.0023,6.2482,32.708,65.6976
S14,2025.0,stress,0.34,0.0039,-6.5189,32.714,65.5157
S14,2030.0,stress,0.3407,0.0029,6.814,32.731,65.3864
S14,2035.0,stress,0.3448,0.0013,-1.3752,32.733,65.4656
S14,2040.0,stress,0.3444,0.0026,-3.5174,32.735,65.4617
S14,2045.0,stress,0.3409,0.0019,2.9274,32.755,65.8576
S14,2050.0,stress,0.3394,0.0029,-1.0674,32.741,65.3138
S14,2055.0,stress,0.3395,0.0029,-2.0792,32.751,66.2906
S14,2060.0,stress,0.3386,0.0013,2.5648,32.754,65.5722
S14,2065.0,stress,0.3395,0.0023,-2.307,32.748,66.2564
S14,2070.0,stress,0.3404,0.002,3.649,32.748,66.807
S14,2075.0,stress,0.3403,0.0031,-1.9333,32.758,65.6218
S14,2080.0,stress,0.3434,0.0023,-2.3796,32.743,64.8303
S14,2085.0,stress,0.3405,0.0024,3.0978,32.746,65.0064
S14,2090.0,stress,0.3398,0.0014,0.9073,32.753,65.7111
S14,2095.0,stress,0.3406,0.0015,1.3702,32.754,66.0062
S14,2100.0,stress,0.3398,0.002,-5.7318,32.759,65.6027
S14,2105.0,stress,0.3409,0.0016,3.73,32.77,65.8071
S14,2110.0,stress,0.342,0.0018,-1.5138,32.77,65.5287
S14,2115.0,stress,0.3411,0.0014,1.9282,32.769,64.8309
S14,2120.0,stress,0.341,0.0018,-3.2678,32.767,65.7427
S14,2125.0,stress,0.3408,0.0014,7.6083,32.774,65.2208
S14,2130.0,stress,0.3406,0.0022,-6.8918,32.778,64.5941
S14,2135.0,stress,0.3416,0.0013,0.2115,32.786,65.6577
S14,2140.0,stress,0.3418,0.0011,1.4306,32.796,64.9318
S14,2145.0,stress,0.3443,0.002,1.9102,32.797,64.3406
S14,2150.0,stress,0.3436,0.0023,-3.4167,32.795,64.6776
S14,2155.0,stress,0.3476,0.0019,-2.3452,32.803,64.7334
S14,2160.0,stress,0.3517,0.0016,2.3887,32.821,64.5345
S14,2165.0,stress,0.3514,0.0022,-1.1884,32.811,65.7669
S14,2170.0,stress,0.3514,0.0012,2.099,32.821,67.3171
S14,2175.0,stress,0.3521,0.0024,1.0379,32.813,66.5104
S14,2180.0,stress,0.3537,0.0017,3.484,32.803,65.4784
S14,2185.0,stress,0.3519,0.0026,-4.3568,32.794,66.1346
S14,2190.0,stress,0.3506,0.0023,-10.2768,32.8115,66.1997
S14,2195.0,stress,0.352,0.0023,14.0075,32.8265,66.0359
S14,2200.0,stress,0.3507,0.0012,-1.7615,32.829,65.1224
S14,2205.0,stress,0.3499,0.0027,0.6491,32.832,64.6991
S14,2210.0,stress,0.3503,0.0014,-5.6297,32.824,65.5469
S14,2215.0,stress,0.3483,0.0017,3.0095,32.84,65.4178
S14,2220.0,stress,0.3502,0.0016,0.9767,32.8485,65.4135
S14,2225.0,stress,0.3501,0.0021,-1.3368,32.8455,65.3085
S14,2230.0,stress,0.3505,0.0017,0.2165,32.858,65.5115
S14,2235.0,stress,0.3457,0.0011,-0.255,32.8625,65.579
S14,2240.0,stress,0.3451,0.0014,-0.9966,32.8535,65.6016
S14,2245.0,stress,0.3505,0.0019,1.6264,32.858,66.2922
S14,2250.0,stress,0.3754,0.056,-5.7405,32.865,67.1709
S14,2255.0,stress,0.3759,0.0153,7.1122,32.882,65.6731
S14,2260.0,stress,0.3698,0.0036,-6.2831,32.894,64.5692
S14,2265.0,stress,0.3711,0.0014,9.1155,32.894,65.0238
S14,2270.0,stress,0.37,0.0017,-3.1851,32.89,65.0476
S14,2275.0,stress,0.3709,0.0012,0.0915,32.886,65.0448
S14,2280.0,stress,0.3712,0.003,13.1728,32.875,65.0847
S14,2285.0,stress,0.3696,0.0019,-19.3599,32.878,64.8959
S14,2290.0,stress,0.3714,0.0018,5.7042,32.878,64.8928
S14,2295.0,stress,0.3543,0.0131,-0.943,32.887,64.8465
S14,2300.0,stress,0.3487,0.0058,2.3135,32.89,64.9185
S14,2305.0,stress,0.3359,0.007,-2.379,32.899,64.9965
S14,2310.0,stress,0.3395,0.0077,0.1094,32.908,64.0462
S14,2315.0,stress,0.3106,0.0083,0.933,32.917,64.2869
S14,2320.0,stress,0.3007,0.0022,-1.9413,32.934,64.389
S14,2325.0,stress,0.2995,0.002,0.6204,32.951,64.3196
S14,2330.0,stress,0.3003,0.0012,1.4593,32.954,64.2812
S14,2335.0,stress,0.2983,0.0018,-1.5068,32.959,64.346
S14,2340.0,stress,0.2979,0.0016,0.386,32.973,64.2495
S14,2345.0,stress,0.2984,0.0023,0.0074,32.98,64.2325
S14,2350.0,stress,0.3008,0.0039,0.1888,32.988,64.2082
S14,2355.0,stress,0.3087,0.0013,-0.108,32.9905,63.9871
S14,2360.0,stress,0.3113,0.0015,0.1556,32.9995,63.9626
S14,2365.0,stress,0.3152,0.0014,-0.3976,33.018,63.9437
S14,2370.0,stress,0.3172,0.0012,1.4047,33.022,63.8045
S14,2375.0,stress,0.3194,0.0015,-1.8106,33.036,63.7582
S14,2380.0,stress,0.313,0.006,1.8523,33.063,64.0078
S14,2385.0,stress,0.3007,0.0024,-0.572,33.081,64.0412
S14,2390.0,stress,0.3028,0.0024,-0.3158,33.087,64.0918
S14,2395.0,stress,0.302,0.0019,-0.6287,33.082,64.1252
S14,2400.0,stress,0.3045,0.0017,0.0745,33.09,64.0673
S14,2405.0,stress,0.3054,0.0022,0.3704,33.1,63.9838
S14,2410.0,stress,0.3155,0.0055,3.0178,33.124,64.9447
S14,2415.0,stress,0.3256,0.0015,-2.0662,33.116,63.341
S14,2420.0,stress,0.3207,0.0032,-2.4084,33.11,63.6219
S14,2425.0,stress,0.326,0.0019,1.3396,33.129,63.4849
S14,2430.0,stress,0.3281,0.001,-0.877,33.131,63.5119
S14,2435.0,stress,0.3297,0.0009,2.7689,33.14,63.4504
S14,2440.0,stress,0.3308,0.0019,-2.186,33.147,63.4718
S14,2445.0,stress,0.3311,0.0015,-0.1974,33.1615,63.3792
S14,2450.0,stress,0.331,0.0029,1.0003,33.171,63.4892
S14,2455.0,stress,0.3315,0.0015,0.0394,33.173,63.4924
S14,2460.0,stress,0.3304,0.0027,-2.2372,33.168,63.523
S14,2465.0,stress,0.3276,0.002,2.6799,33.167,63.6231
S14,2470.0,stress,0.3302,0.0011,-2.4533,33.161,63.5812
S14,2475.0,stress,0.3285,0.0016,3.2326,33.18,63.5155
S14,2480.0,stress,0.3273,0.0019,-2.0112,33.191,63.554
S14,2485.0,stress,0.329,0.0019,0.0631,33.1905,63.4901
S14,2490.0,stress,0.3298,0.0014,-0.0018,33.1945,63.4979
S14,2495.0,stress,0.329,0.0016,-0.6102,33.1995,63.4292
S14,2500.0,stress,0.33,0.0014,1.8085,33.186,63.3075
S14,2505.0,stress,0.3308,0.0017,-1.6028,33.1965,63.457
S14,2510.0,stress,0.3322,0.0008,2.2529,33.186,63.4513
S14,2515.0,stress,0.3348,0.0017,-2.312,33.1935,63.6689
S14,2520.0,stress,0.3356,0.0023,0.2093,33.198,64.778
S14,2525.0,stress,0.3325,0.0018,2.2038,33.192,65.3324
S14,2530.0,stress,0.3345,0.0013,-1.308,33.1995,65.255
S14,2535.0,stress,0.3352,0.0016,-0.2919,33.188,65.1444
S14,2540.0,stress,0.3373,0.0026,0.8367,33.1575,65.2014
S14,2545.0,stress,0.3349,0.0016,-1.2561,33.152,65.1449
S14,2550.0,stress,0.3352,0.001,1.084,33.132,65.1842
S14,2555.0,stress,0.334,0.001,-1.2136,33.12,65.2506
S14,2560.0,stress,0.3338,0.0013,0.3275,33.097,65.2749
S14,2565.0,stress,0.3353,0.0035,-0.521,33.073,65.2193
S14,2570.0,stress,0.337,0.0015,0.5739,33.053,65.2094
S14,2575.0,stress,0.3358,0.0012,-0.6759,33.037,65.0987
S14,4310.0,amusement,0.3159,0.0013,1.3953,31.991,64.2396
S14,4315.0,amusement,0.3152,0.0015,-1.0535,31.996,64.1572
S14,4320.0,amusement,0.3162,0.0012,3.2012,31.9885,64.353
S14,4325.0,amusement,0.3169,0.0024,-1.9957,31.988,64.1495
S14,4330.0,amusement,0.3176,0.0011,0.7346,31.9875,64.3097
S14,4335.0,amusement,0.3182,0.0014,-1.716,31.984,64.2564
S14,4340.0,amusement,0.3189,0.0008,0.9052,31.975,64.1339
S14,4345.0,amusement,0.3184,0.0024,-0.0606,31.97,64.1588
S14,4350.0,amusement,0.3189,0.0017,-0.7054,31.974,64.1402
S14,4355.0,amusement,0.3196,0.0008,0.2133,31.965,64.1886
S14,4360.0,amusement,0.3196,0.0012,-0.3728,31.954,64.2153
S14,4365.0,amusement,0.3197,0.0014,0.5906,31.95,64.1777
S14,4370.0,amusement,0.32,0.0009,-1.3978,31.954,64.2763
S14,4375.0,amusement,0.3194,0.0016,2.6092,31.958,64.4167
S14,4380.0,amusement,0.3203,0.001,-0.6853,31.942,64.3946
S14,4385.0,amusement,0.3201,0.0018,1.4681,31.954,64.4079
S14,4390.0,amusement,0.32,0.0013,-2.7699,31.955,64.2401
S14,4395.0,amusement,0.3196,0.0008,-0.4789,31.953,64.3626
S14,4400.0,amusement,0.3199,0.001,2.7374,31.946,64.3672
S14,4405.0,amusement,0.3197,0.0016,-0.7927,31.95,64.3734
S14,4410.0,amusement,0.3205,0.001,0.0535,31.946,64.2857
S14,4415.0,amusement,0.3203,0.001,-0.5664,31.946,64.4319
S14,4420.0,amusement,0.3202,0.0019,1.3567,31.967,64.453
S14,4425.0,amusement,0.3196,0.0022,-3.7495,31.958,64.4982
S14,4430.0,amusement,0.3194,0.0015,3.3775,31.965,64.4568
S14,4435.0,amusement,0.3201,0.0014,-1.0998,31.959,64.3935
S14,4440.0,amusement,0.3207,0.0009,0.1307,31.984,64.4143
S14,4445.0,amusement,0.3205,0.0015,1.2761,31.978,64.3424
S14,4450.0,amusement,0.3198,0.0017,-0.5581,31.984,64.6478
S14,4455.0,amusement,0.3206,0.001,-2.7559,31.979,64.4244
S14,4460.0,amusement,0.3205,0.001,0.6434,31.9785,64.5193
S14,4465.0,amusement,0.3207,0.0012,1.4376,31.9895,64.5991
S14,4470.0,amusement,0.3208,0.0018,0.7437,31.9845,64.5263
S14,4475.0,amusement,0.3191,0.0019,-3.2697,31.996,64.3581
S14,4480.0,amusement,0.3187,0.0011,2.4598,31.9955,64.2842
S14,4485.0,amusement,0.3185,0.0014,1.5158,31.99,64.3638
S14,4490.0,amusement,0.318,0.001,-1.4803,31.987,64.2944
S14,4495.0,amusement,0.319,0.0011,-0.5548,31.989,64.2673
S14,4500.0,amusement,0.3189,0.0008,-0.042,31.99,64.3459
S14,4505.0,amusement,0.3184,0.0019,-0.3262,31.99,64.265
S14,4510.0,amusement,0.3191,0.0023,0.1775,31.982,64.2619
S14,4515.0,amusement,0.3201,0.0018,1.5407,31.986,64.3058
S14,4520.0,amusement,0.3203,0.001,-0.7394,31.978,64.2243
S14,4525.0,amusement,0.3196,0.0011,0.7787,31.982,64.2323
S14,4530.0,amusement,0.3201,0.0009,-1.0183,31.982,64.243
S14,4535.0,amusement,0.32,0.001,0.6557,31.983,64.2689
S14,4540.0,amusement,0.3206,0.0013,-1.0406,31.965,64.3158
S14,4545.0,amusement,0.3194,0.0019,1.1012,31.958,64.4018
S14,4550.0,amusement,0.3202,0.0011,-0.9133,31.951,64.419
S14,4555.0,amusement,0.3204,0.0008,0.5732,31.961,64.4061
S14,4560.0,amusement,0.3203,0.0013,-0.3093,31.942,64.289
S14,4565.0,amusement,0.3201,0.0011,0.1136,31.949,64.4769
S14,4570.0,amusement,0.3198,0.0013,-0.3325,31.93,64.4439
S14,4575.0,amusement,0.3198,0.001,-0.9281,31.925,64.4987
S14,4580.0,amusement,0.3197,0.0012,0.1692,31.927,64.4536
S14,4585.0,amusement,0.3192,0.0015,0.3076,31.914,64.4
S14,4590.0,amusement,0.3201,0.0009,0.8139,31.912,64.2927
S14,4595.0,amusement,0.32,0.0015,-0.8574,31.91,64.4488
S14,4600.0,amusement,0.3192,0.0021,0.8816,31.902,64.5028
S14,4605.0,amusement,0.3194,0.0013,-0.0433,31.894,64.5399
S14,4610.0,amusement,0.3191,0.0016,0.2684,31.877,64.5836
S14,4615.0,amusement,0.3196,0.0008,-0.238,31.891,64.5592
S14,4620.0,amusement,0.3195,0.0012,-0.7217,31.881,64.505
S14,4625.0,amusement,0.3181,0.0018,0.4963,31.871,64.5082
S14,4630.0,amusement,0.3194,0.0009,-2.2114,31.861,64.5029
S14,4635.0,amusement,0.3195,0.0011,3.0673,31.873,64.4747
S14,4640.0,amusement,0.3191,0.0011,-1.6243,31.847,64.648
S14,4645.0,amusement,0.3159,0.0012,-2.5645,31.854,64.9056
S14,4650.0,amusement,0.3154,0.0018,1.7895,31.844,64.7892
S14,4655.0,amusement,0.3151,0.0015,1.9719,31.824,64.7396
S14,4660.0,amusement,0.3147,0.0016,5.3477,31.79,64.6692
S14,4665.0,amusement,0.315,0.0019,-1.3801,31.785,64.725
S14,4670.0,amusement,0.3136,0.0013,-7.8919,31.774,64.7328
S14,4675.0,amusement,0.3139,0.0013,5.2928,31.761,64.9008
S15,110.0,baseline,0.2474,0.0077,0.4311,29.85,63.8271
S15,115.0,baseline,0.2381,0.0025,-1.6423,29.866,62.9402
S15,120.0,baseline,0.2351,0.0016,1.9544,29.863,62.9698
S15,125.0,baseline,0.2317,0.0014,0.3298,29.87,62.8532
S15,130.0,baseline,0.2297,0.0014,-0.1029,29.866,62.7438
S15,135.0,baseline,0.2282,0.0018,0.0112,29.854,62.9821
S15,140.0,baseline,0.2275,0.0009,5.6292,29.869,63.2005
S15,145.0,baseline,0.2261,0.002,-6.4208,29.855,63.351
S15,150.0,baseline,0.244,0.0117,-3.2672,29.844,63.4814
S15,155.0,baseline,0.2437,0.0042,3.4578,29.834,62.6002
S15,160.0,baseline,0.2524,0.0092,-6.03,29.842,63.3499
S15,165.0,baseline,0.2612,0.0009,7.122,29.843,62.3561
S15,170.0,baseline,0.2552,0.007,-1.2407,29.855,63.1736
S15,175.0,baseline,0.2709,0.0022,0.9586,29.87,62.4168
S15,180.0,baseline,0.2701,0.0008,0.9059,29.877,62.3826
S15,185.0,baseline,0.2694,0.0021,-0.6134,29.892,62.4529
S15,190.0,baseline,0.2701,0.0017,-0.57,29.895,62.4331
S15,195.0,baseline,0.271,0.0023,3.181,29.901,62.7917
S15,200.0,baseline,0.2706,0.0018,-3.8802,29.892,62.4761
S15,205.0,baseline,0.2685,0.0014,1.6629,29.908,62.6345
S15,210.0,baseline,0.2624,0.004,-2.8985,29.906,62.955
S15,215.0,baseline,0.2635,0.0011,3.111,29.893,62.389
S15,220.0,baseline,0.2623,0.0012,5.3694,29.887,62.4645
S15,225.0,baseline,0.2616,0.0018,-12.8316,29.886,62.5384
S15,230.0,baseline,0.2594,0.0023,5.0889,29.882,62.5248
S15,235.0,baseline,0.261,0.0019,-1.6059,29.881,62.549
S15,240.0,baseline,0.2616,0.0016,2.6716,29.892,62.4202
S15,245.0,baseline,0.261,0.0021,6.8543,29.888,62.593
S15,250.0,baseline,0.2653,0.0024,-13.3359,29.886,62.6467
S15,255.0,baseline,0.264,0.0007,10.0798,29.883,62.3596
S15,260.0,baseline,0.2606,0.003,-4.3122,29.89,62.5267
S15,265.0,baseline,0.2601,0.0016,2.3889,29.893,62.3781
S15,270.0,baseline,0.258,0.002,-1.2675,29.882,62.3455
S15,275.0,baseline,0.2575,0.0011,0.5337,29.883,62.1773
S15,280.0,baseline,0.2574,0.001,-0.457,29.873,62.2201
S15,285.0,baseline,0.2612,0.004,-6.1387,29.87,62.2659
S15,290.0,baseline,0.2685,0.002,5.4026,29.879,62.5737
S15,295.0,baseline,0.2706,0.0011,0.5621,29.894,62.5751
S15,300.0,baseline,0.2716,0.001,0.8014,29.894,62.505
S15,305.0,baseline,0.2703,0.0013,0.4732,29.893,62.5095
S15,310.0,baseline,0.2704,0.002,-1.7404,29.905,62.651
S15,315.0,baseline,0.2712,0.0013,0.3949,29.918,62.5527
S15,320.0,baseline,0.2725,0.0017,0.2227,29.92,62.5017
S15,325.0,baseline,0.2655,0.0092,3.1715,29.907,63.4321
S15,330.0,baseline,0.2655,0.0075,-7.7863,29.91,62.7404
S15,335.0,baseline,0.271,0.0013,6.2654,29.927,62.3294
S15,340.0,baseline,0.2718,0.0012,-2.0163,29.931,62.4219
S15,345.0,baseline,0.2738,0.0014,3.0615,29.941,62.3771
S15,350.0,baseline,0.2745,0.0027,-3.958,29.93,62.4713
S15,355.0,baseline,0.2733,0.0011,2.119,29.929,62.6106
S15,360.0,baseline,0.274,0.0018,-1.0297,29.914,62.7077
S15,365.0,baseline,0.274,0.0016,0.158,29.918,62.3557
S15,370.0,baseline,0.274,0.0013,-0.0038,29.928,62.5194
S15,375.0,baseline,0.2703,0.0036,-1.532,29.921,62.2578
S15,380.0,baseline,0.2722,0.0036,-1.9865,29.907,63.5506
S15,385.0,baseline,0.2729,0.0009,4.4419,29.879,62.499
S15,390.0,baseline,0.273,0.0013,-0.7969,29.878,62.5557
S15,395.0,baseline,0.2746,0.002,-0.7386,29.882,62.4836
S15,400.0,baseline,0.2614,0.0031,1.9927,29.885,62.7845
S15,405.0,baseline,0.2586,0.0024,-0.6572,29.843,62.6378
S15,410.0,baseline,0.2564,0.0016,-0.9092,29.797,62.6181
S15,415.0,baseline,0.2553,0.0015,-0.0801,29.76,62.6114
S15,420.0,baseline,0.2571,0.0015,-0.3093,29.723,62.3076
S15,425.0,baseline,0.2561,0.0017,-0.012,29.676,62.3479
S15,430.0,baseline,0.2563,0.0015,0.1664,29.632,62.4429
S15,435.0,baseline,0.2633,0.0103,1.4045,29.598,62.9382
S15,440.0,baseline,0.2726,0.0014,-0.8703,29.607,62.2992
S15,445.0,baseline,0.2727,0.0009,-1.178,29.635,62.3894
S15,450.0,baseline,0.2716,0.0021,0.4306,29.65,62.3522
S15,455.0,baseline,0.2697,0.0052,4.0605,29.663,62.5702
S15,460.0,baseline,0.2607,0.0063,-0.3336,29.657,62.9517
S15,465.0,baseline,0.2586,0.002,-3.2893,29.655,62.9905
S15,470.0,baseline,0.2724,0.0022,-0.0854,29.697,62.2699
S15,475.0,baseline,0.2743,0.001,0.1462,29.748,62.4498
S15,480.0,baseline,0.2745,0.0017,-0.5757,29.787,62.4635
S15,485.0,baseline,0.2763,0.0022,0.7882,29.82,62.3451
S15,490.0,baseline,0.2779,0.0023,-0.1303,29.86,62.3472
S15,495.0,baseline,0.2799,0.0009,-0.1656,29.884,62.4248
S15,500.0,baseline,0.283,0.0023,0.7749,29.906,62.505
S15,505.0,baseline,0.2779,0.0093,6.1598,29.918,63.2601
S15,510.0,baseline,0.2676,0.0082,-13.6384,29.886,62.9846
S15,515.0,baseline,0.2558,0.0031,8.1153,29.851,63.1374
S15,520.0,baseline,0.2492,0.0045,-2.7281,29.852,62.6351
S15,525.0,baseline,0.2447,0.0015,1.952,29.809,62.3683
S15,530.0,baseline,0.2425,0.0017,-0.3787,29.777,62.4065
S15,535.0,baseline,0.241,0.0017,-0.0477,29.752,62.2881
S15,540.0,baseline,0.2484,0.0077,2.1998,29.734,62.8919
S15,545.0,baseline,0.2508,0.0059,0.0952,29.734,63.6786
S15,550.0,baseline,0.2467,0.0051,0.4105,29.744,63.042
S15,555.0,baseline,0.2523,0.009,-22.7279,29.779,63.6612
S15,560.0,baseline,0.2498,0.0099,18.9704,29.798,64.4491
S15,565.0,baseline,0.2435,0.0071,2.6002,29.786,63.3205
S15,570.0,baseline,0.2569,0.0118,2.5248,29.787,62.7837
S15,575.0,baseline,0.2619,0.0091,-5.2914,29.814,62.5825
S15,580.0,baseline,0.271,0.0025,1.0072,29.823,62.7515
S15,585.0,baseline,0.2653,0.0016,-0.0013,29.822,62.6241
S15,590.0,baseline,0.2658,0.0019,-0.8802,29.853,62.6345
S15,595.0,baseline,0.2672,0.0017,0.6279,29.912,62.599
S15,600.0,baseline,0.2678,0.002,0.8053,29.957,62.5098
S15,605.0,baseline,0.2679,0.0013,-1.9612,29.991,62.5799
S15,610.0,baseline,0.2672,0.0015,1.545,30.007,62.6702
S15,615.0,baseline,0.2637,0.0069,1.8942,30.022,62.6514
S15,620.0,baseline,0.2499,0.0019,-1.4164,30.016,62.9217
S15,625.0,baseline,0.2497,0.0021,1.9955,29.972,62.7862
S15,630.0,baseline,0.2523,0.0014,-2.8347,29.936,62.6931
S15,635.0,baseline,0.2502,0.002,0.2408,29.932,62.633
S15,640.0,baseline,0.2534,0.0073,-2.1351,29.943,63.0896
S15,645.0,baseline,0.2727,0.001,2.2012,29.979,62.7026
S15,650.0,baseline,0.2704,0.0015,-1.3626,29.985,62.6129
S15,655.0,baseline,0.273,0.0065,-0.0356,29.988,62.6127
S15,660.0,baseline,0.2801,0.0011,2.9519,30.001,62.5914
S15,665.0,baseline,0.2814,0.0017,-1.7302,29.986,62.304
S15,670.0,baseline,0.2821,0.0023,-9.2237,29.981,62.4466
S15,675.0,baseline,0.2866,0.0014,8.9908,29.97,62.7201
S15,680.0,baseline,0.2869,0.0022,1.235,29.966,62.6997
S15,685.0,baseline,0.2891,0.0027,-3.5822,29.958,62.6309
S15,690.0,baseline,0.2895,0.0018,3.5317,29.953,62.6926
S15,695.0,baseline,0.29,0.0015,7.6176,29.945,62.6938
S15,700.0,baseline,0.285,0.0044,-4.2947,29.942,62.8876
S15,705.0,baseline,0.2792,0.0012,-3.0824,29.931,62.7151
S15,710.0,baseline,0.28,0.0024,-1.0792,29.985,62.8784
S15,715.0,baseline,0.2816,0.002,-0.823,30.054,62.8436
S15,720.0,baseline,0.2843,0.0009,1.0507,30.108,62.716
S15,725.0,baseline,0.2852,0.0019,0.3139,30.152,62.7172
S15,730.0,baseline,0.2864,0.0029,-1.4895,30.166,62.788
S15,735.0,baseline,0.289,0.0007,0.6777,30.171,62.7248
S15,740.0,baseline,0.2895,0.0011,-0.8507,30.194,62.7235
S15,745.0,baseline,0.2903,0.0009,1.6033,30.194,62.7194
S15,750.0,baseline,0.292,0.0017,-0.3191,30.198,62.7047
S15,755.0,baseline,0.2927,0.0017,-0.8744,30.198,62.646
S15,760.0,baseline,0.2938,0.0017,0.721,30.199,62.8171
S15,765.0,baseline,0.2947,0.001,0.0715,30.189,62.6246
S15,770.0,baseline,0.2953,0.0029,-0.5417,30.194,62.9315
S15,775.0,baseline,0.2987,0.0024,0.3463,30.189,62.8801
S15,780.0,baseline,0.2995,0.0023,-0.1863,30.191,62.7437
S15,785.0,baseline,0.3,0.0012,-0.0965,30.19,62.9812
S15,790.0,baseline,0.3012,0.0018,-0.0122,30.185,63.0416
S15,795.0,baseline,0.3026,0.0017,0.8253,30.179,63.0858
S15,800.0,baseline,0.3038,0.0017,-0.5048,30.181,63.1259
S15,805.0,baseline,0.305,0.0011,0.3497,30.167,63.1186
S15,810.0,baseline,0.3068,0.0017,-0.1374,30.18,62.8002
S15,815.0,baseline,0.3071,0.0011,0.0258,30.166,62.7885
S15,820.0,baseline,0.3081,0.0018,-0.6061,30.165,62.8079
S15,825.0,baseline,0.3091,0.001,-0.0579,30.15,62.9065
S15,830.0,baseline,0.3102,0.0024,0.6113,30.139,62.9486
S15,835.0,baseline,0.3129,0.0022,-1.7644,30.128,62.8805
S15,840.0,baseline,0.3125,0.0012,2.7259,30.123,62.9649
S15,845.0,baseline,0.3115,0.0039,-4.0354,30.126,62.9577
S15,850.0,baseline,0.2935,0.0069,0.5994,30.104,62.7563
S15,855.0,baseline,0.2886,0.0019,2.9502,30.067,62.4346
S15,860.0,baseline,0.2853,0.0018,-0.54,30.037,62.3266
S15,865.0,baseline,0.2813,0.0023,-0.2233,30.009,62.5319
S15,870.0,baseline,0.2792,0.0018,-0.0114,29.99,62.3751
S15,875.0,baseline,0.2775,0.0016,0.2447,29.989,62.3535
S15,880.0,baseline,0.2764,0.0006,-0.2523,29.974,62.4692
S15,885.0,baseline,0.2764,0.006,-1.011,29.969,64.0746
S15,890.0,baseline,0.2782,0.0043,1.9494,29.963,62.6836
S15,895.0,baseline,0.2763,0.0012,-0.0769,29.958,62.3709
S15,900.0,baseline,0.2766,0.0014,-0.5516,29.965,62.4457
S15,905.0,baseline,0.2759,0.0016,-0.1241,29.958,62.4417
S15,910.0,baseline,0.2743,0.002,0.1176,29.966,62.5108
S15,915.0,baseline,0.2882,0.0121,-0.1846,29.963,63.051
S15,920.0,baseline,0.3014,0.0012,1.2061,29.961,62.6177
S15,925.0,baseline,0.3028,0.0017,-1.0264,29.959,62.484
S15,930.0,baseline,0.3045,0.0018,1.1613,29.965,62.4059
S15,935.0,baseline,0.3075,0.0015,-1.4132,29.955,62.3036
S15,940.0,baseline,0.3083,0.0019,-0.4866,29.958,62.5457
S15,945.0,baseline,0.3097,0.002,0.9714,29.969,62.562
S15,950.0,baseline,0.3114,0.002,-0.1176,29.954,62.4623
S15,955.0,baseline,0.3128,0.0008,0.1064,29.96,62.4808
S15,960.0,baseline,0.3136,0.0012,-0.597,29.965,62.6615
S15,965.0,baseline,0.3148,0.0022,-0.2716,29.969,62.7344
S15,970.0,baseline,0.3165,0.0014,0.4868,29.967,62.7044
S15,975.0,baseline,0.3178,0.0014,0.3319,29.966,62.7454
S15,980.0,baseline,0.3088,0.014,-0.4252,29.975,62.3542
S15,985.0,baseline,0.3145,0.0104,-0.2867,29.983,63.1648
S15,990.0,baseline,0.3182,0.0018,0.0917,29.993,62.6303
S15,995.0,baseline,0.3181,0.0016,-1.529,29.994,62.3925
S15,1000.0,baseline,0.3168,0.0024,16.7534,29.997,62.4527
S15,1005.0,baseline,0.3176,0.0014,-17.2374,29.991,62.4693
S15,1010.0,baseline,0.2873,0.008,5.8683,30.008,64.1009
S15,1015.0,baseline,0.3076,0.0135,-13.4963,30.04,62.9255
S15,1020.0,baseline,0.3135,0.0045,9.4866,30.066,62.8853
S15,1025.0,baseline,0.3113,0.0012,1.4953,30.105,62.5306
S15,1030.0,baseline,0.3119,0.0022,-0.9203,30.161,62.5378
S15,1035.0,baseline,0.3022,0.0103,-0.2402,30.224,63.3624
S15,1040.0,baseline,0.2955,0.0098,3.9018,30.24,63.2666
S15,1045.0,baseline,0.3068,0.0016,-3.6633,30.241,62.5831
S15,1050.0,baseline,0.3111,0.0017,0.2325,30.28,62.6312
S15,1055.0,baseline,0.3132,0.0019,0.5668,30.294,62.6662
S15,1060.0,baseline,0.3162,0.0056,-7.5491,30.304,62.7716
S15,1065.0,baseline,0.2942,0.0031,4.2197,30.301,62.8846
S15,1070.0,baseline,0.2907,0.0017,3.8257,30.288,62.7695
S15,1075.0,baseline,0.2991,0.0044,-2.803,30.249,62.5923
S15,1080.0,baseline,0.3,0.0013,1.6433,30.238,62.4911
S15,1085.0,baseline,0.2972,0.0012,-0.0899,30.241,62.6689
S15,1090.0,baseline,0.3101,0.0065,-31.4195,30.226,63.6106
S15,1095.0,baseline,0.3207,0.0019,32.1769,30.222,62.581
S15,1100.0,baseline,0.3201,0.0012,0.1523,30.226,62.2262
S15,1105.0,baseline,0.322,0.0022,-0.2098,30.23,62.4614
S15,1110.0,baseline,0.3148,0.011,-2.4877,30.243,62.9499
S15,1115.0,baseline,0.3263,0.0039,14.86,30.246,62.6191
S15,1120.0,baseline,0.3076,0.0129,-13.0238,30.237,62.365
S15,1125.0,baseline,0.2994,0.0087,-4.5911,30.226,62.6411
S15,1130.0,baseline,0.2971,0.0084,-4.1796,30.218,63.1414
S15,1135.0,baseline,0.309,0.0134,-2.7448,30.235,63.1007
S15,1140.0,baseline,0.3188,0.0091,10.398,30.238,62.6482
S15,1145.0,baseline,0.3241,0.0014,2.2789,30.258,62.4874
S15,1150.0,baseline,0.3228,0.0061,-7.9192,30.254,62.5657
S15,1155.0,baseline,0.3267,0.0023,4.4381,30.242,62.6614
S15,1160.0,baseline,0.3263,0.0012,2.3182,30.237,62.4149
S15,1165.0,baseline,0.3258,0.0013,0.6513,30.246,62.5637
S15,1170.0,baseline,0.3124,0.012,-2.131,30.23,62.6652
S15,1175.0,baseline,0.3102,0.0157,3.9525,30.23,62.9547
S15,1180.0,baseline,0.3302,0.0016,-2.7833,30.234,62.4128
S15,1185.0,baseline,0.3322,0.0021,0.3755,30.248,62.3721
S15,1190.0,baseline,0.3031,0.0176,-0.538,30.261,62.799
S15,1195.0,baseline,0.2882,0.0023,0.7594,30.254,62.4531
S15,1200.0,baseline,0.2853,0.0014,-0.5677,30.258,62.3691
S15,1205.0,baseline,0.2837,0.0015,0.0226,30.25,62.3694
S15,1210.0,baseline,0.2839,0.0023,0.2255,30.258,62.5414
S15,1215.0,baseline,0.2935,0.0137,-2.6656,30.259,63.2734
S15,1220.0,baseline,0.3212,0.0044,2.4637,30.261,62.8217
S15,1225.0,baseline,0.3105,0.0033,0.23,30.258,62.8406
S15,1230.0,baseline,0.3084,0.0013,0.1251,30.262,62.8137
S15,1235.0,baseline,0.3089,0.0031,-0.8881,30.249,62.7288
S15,1240.0,baseline,0.3107,0.0018,0.3273,30.235,62.7016
S15,1245.0,baseline,0.3084,0.0035,0.1259,30.246,62.7234
S15,1250.0,baseline,0.3026,0.0017,-0.3992,30.226,62.6742
S15,1255.0,baseline,0.3002,0.0015,0.2707,30.233,62.7551
S15,1260.0,baseline,0.2999,0.001,-0.1488,30.229,62.7497
S15,1265.0,baseline,0.2974,0.0014,6.0116,30.236,62.8495
S15,1270.0,baseline,0.2946,0.0018,-5.5332,30.229,62.8622
S15,1275.0,baseline,0.2933,0.0016,0.1196,30.239,62.6313
S15,1280.0,baseline,0.2915,0.0014,-0.3062,30.245,62.6971
S15,1610.0,amusement,0.5031,0.0051,0.3522,30.388,63.3571
S15,1615.0,amusement,0.4951,0.0067,-0.5478,30.424,63.3481
S15,1620.0,amusement,0.4812,0.0055,0.1422,30.446,63.3485
S15,1625.0,amusement,0.5344,0.0126,0.0288,30.471,63.3554
S15,1630.0,amusement,0.5241,0.0033,-0.1315,30.483,63.3399
S15,1635.0,amusement,0.5368,0.0128,-0.2063,30.495,63.3657
S15,1640.0,amusement,0.5485,0.0054,0.1356,30.493,63.3639
S15,1645.0,amusement,0.5392,0.004,-0.2198,30.495,63.3291
S15,1650.0,amusement,0.5347,0.0097,0.3312,30.502,63.3473
S15,1655.0,amusement,0.5692,0.0079,-0.3467,30.506,63.297
S15,1660.0,amusement,0.5818,0.0043,0.1646,30.509,63.2154
S15,1665.0,amusement,0.5798,0.0042,0.189,30.486,63.2131
S15,1670.0,amusement,0.668,0.0348,-0.1562,30.478,63.2567
S15,1675.0,amusement,0.6325,0.0063,0.0687,30.477,63.2826
S15,1680.0,amusement,0.6172,0.0061,0.0601,30.47,63.3827
S15,1685.0,amusement,0.6694,0.0593,-0.1138,30.473,64.0472
S15,1690.0,amusement,0.7132,0.0171,-1.577,30.463,63.212
S15,1695.0,amusement,0.6914,0.0073,2.3486,30.44,62.8548
S15,1700.0,amusement,0.7261,0.0129,-0.0403,30.451,63.0814
S15,1705.0,amusement,0.6884,0.0035,-0.5359,30.454,63.0279
S15,1710.0,amusement,0.6768,0.0066,-0.1205,30.468,63.0274
S15,1715.0,amusement,0.6859,0.0083,0.0052,30.477,63.009
S15,1720.0,amusement,0.6653,0.0057,-0.0561,30.462,62.9957
S15,1725.0,amusement,0.6675,0.0052,0.2137,30.462,62.9613
S15,1730.0,amusement,0.656,0.0041,-0.2202,30.475,62.9354
S15,1735.0,amusement,0.6481,0.0025,-0.3095,30.473,62.9084
S15,1740.0,amusement,0.6416,0.0035,0.2106,30.471,62.9138
S15,1745.0,amusement,0.6361,0.0023,0.1813,30.472,62.9047
S15,1750.0,amusement,0.6338,0.002,0.0934,30.452,62.9109
S15,1755.0,amusement,0.6291,0.0024,-0.4184,30.465,62.9109
S15,1760.0,amusement,0.6231,0.0036,0.3929,30.461,62.9232
S15,1765.0,amusement,0.6167,0.0037,-0.0045,30.457,62.917
S15,1770.0,amusement,0.6087,0.0031,-0.1928,30.451,62.9032
S15,1775.0,amusement,0.6044,0.0031,-0.0432,30.442,62.9265
S15,1780.0,amusement,0.5999,0.0016,0.1369,30.442,62.8063
S15,1785.0,amusement,0.6108,0.0159,-0.945,30.431,63.2097
S15,1790.0,amusement,0.6309,0.0055,1.2134,30.402,62.9292
S15,1795.0,amusement,0.6188,0.0026,-0.0441,30.376,63.0092
S15,1800.0,amusement,0.6252,0.0048,-0.4032,30.358,63.0616
S15,1805.0,amusement,0.6153,0.003,0.0838,30.35,62.9876
S15,1810.0,amusement,0.6095,0.0018,-0.1672,30.338,63.0071
S15,1815.0,amusement,0.6045,0.0016,0.7489,30.329,63.0326
S15,1820.0,amusement,0.598,0.0029,-0.6429,30.327,62.8879
S15,1825.0,amusement,0.5921,0.0019,0.0248,30.329,62.862
S15,1830.0,amusement,0.5867,0.0026,0.1913,30.321,62.9144
S15,1835.0,amusement,0.5836,0.0023,0.1166,30.309,62.945
S15,1840.0,amusement,0.577,0.0021,-0.2773,30.302,62.9573
S15,1845.0,amusement,0.572,0.003,-0.1567,30.303,62.945
S15,1850.0,amusement,0.5679,0.0035,0.2099,30.298,62.9708
S15,1855.0,amusement,0.5721,0.0018,0.2913,30.301,62.8771
S15,1860.0,amusement,0.5693,0.0017,-0.5609,30.293,62.872
S15,1865.0,amusement,0.5638,0.0022,0.3539,30.273,62.8813
S15,1870.0,amusement,0.5581,0.0024,-0.0991,30.267,62.8916
S15,1875.0,amusement,0.5564,0.0016,0.1187,30.269,62.8906
S15,1880.0,amusement,0.5549,0.0023,-0.0076,30.266,62.8916
S15,1885.0,amusement,0.5512,0.0028,-0.2347,30.266,62.8794
S15,1890.0,amusement,0.5484,0.0028,-0.0206,30.241,63.0204
S15,1895.0,amusement,0.548,0.0016,0.2403,30.239,62.9742
S15,1900.0,amusement,0.5461,0.0018,-0.3526,30.237,62.994
S15,1905.0,amusement,0.5439,0.0021,0.144,30.238,62.9928
S15,1910.0,amusement,0.5417,0.0028,0.3974,30.23,62.9861
S15,1915.0,amusement,0.5415,0.0014,-0.1811,30.229,62.9535
S15,1920.0,amusement,0.5412,0.0023,-0.2301,30.227,62.9889
S15,1925.0,amusement,0.5388,0.0022,0.121,30.221,63.1078
S15,1930.0,amusement,0.5368,0.0048,-1.5747,30.218,63.0808
S15,1935.0,amusement,0.5403,0.0029,1.4967,30.209,63.1541
S15,1940.0,amusement,0.5381,0.0021,0.2721,30.206,63.0654
S15,1945.0,amusement,0.5425,0.0028,-0.1716,30.194,63.1021
S15,1950.0,amusement,0.5486,0.0022,0.0842,30.195,63.0635
S15,1955.0,amusement,0.547,0.0023,0.0478,30.214,63.0637
S15,1960.0,amusement,0.5446,0.0016,0.0267,30.206,63.0635
S15,1965.0,amusement,0.542,0.0019,-0.011,30.205,63.0635
S15,1970.0,amusement,0.5397,0.0018,0.1245,30.199,63.0635
S15,1975.0,amusement,0.5374,0.0017,-0.1393,30.206,63.0702
S15,1980.0,amusement,0.5368,0.0017,-0.1765,30.202,63.0635
S15,3100.0,stress,0.8242,0.024,0.6258,30.103,64.235
S15,3105.0,stress,0.8831,0.023,15.0358,30.106,63.6711
S15,3110.0,stress,0.9269,0.0319,-1.5236,30.127,62.8907
S15,3115.0,stress,0.9055,0.0277,1.5684,30.151,62.3708
S15,3120.0,stress,0.9277,0.025,-13.1802,30.159,63.5206
S15,3125.0,stress,0.8707,0.025,18.1418,30.175,62.8629
S15,3130.0,stress,0.929,0.0229,-6.2967,30.204,63.4762
S15,3135.0,stress,0.9705,0.0108,-3.8247,30.252,65.2587
S15,3140.0,stress,0.9629,0.0181,3.2473,30.287,64.6762
S15,3145.0,stress,1.0046,0.0193,4.5989,30.282,66.9154
S15,3150.0,stress,0.9916,0.0133,-22.8626,30.299,64.6502
S15,3155.0,stress,1.0207,0.0125,23.7033,30.28,64.9419
S15,3160.0,stress,0.9947,0.0299,-0.598,30.221,63.2727
S15,3165.0,stress,1.0219,0.0257,-2.4037,30.167,63.0502
S15,3170.0,stress,1.0869,0.024,-1.613,30.202,62.949
S15,3175.0,stress,1.1066,0.0138,-0.1952,30.219,63.631
S15,3180.0,stress,1.1334,0.017,-4.5493,30.193,64.4025
S15,3185.0,stress,1.1209,0.0296,3.7329,30.193,64.0555
S15,3190.0,stress,1.1946,0.0257,13.4536,30.179,62.2915
S15,3195.0,stress,1.138,0.0128,-13.1141,30.189,62.7646
S15,3200.0,stress,1.1188,0.0051,5.2187,30.162,62.3236
S15,3205.0,stress,1.1788,0.0743,-5.3198,30.161,64.4465
S15,3210.0,stress,1.2605,0.0368,-9.4317,30.167,64.2148
S15,3215.0,stress,1.2411,0.0083,6.1853,30.178,63.0561
S15,3220.0,stress,1.1978,0.0163,-3.4348,30.17,64.377
S15,3225.0,stress,1.2062,0.0113,4.0455,30.18,63.6788
S15,3230.0,stress,1.2087,0.0072,2.8972,30.181,63.7353
S15,3235.0,stress,1.2079,0.01,-6.8008,30.177,64.0692
S15,3240.0,stress,1.2301,0.0104,7.7767,30.161,63.4733
S15,3245.0,stress,1.2308,0.0162,0.9705,30.168,62.6465
S15,3250.0,stress,1.3252,0.0684,-0.7256,30.189,62.3091
S15,3255.0,stress,1.3322,0.0266,-0.8718,30.178,62.3654
S15,3260.0,stress,1.3052,0.0122,14.3619,30.178,63.1681
S15,3265.0,stress,1.3202,0.0088,-6.7318,30.166,63.018
S15,3270.0,stress,1.2979,0.0105,-21.9623,30.178,64.8595
S15,3275.0,stress,1.3109,0.0101,8.3144,30.17,64.8564
S15,3280.0,stress,1.2818,0.0077,6.2281,30.171,65.0168
S15,3285.0,stress,1.262,0.0189,2.1765,30.186,63.0551
S15,3290.0,stress,1.3003,0.018,-3.1664,30.195,63.1245
S15,3295.0,stress,1.2908,0.0051,-3.0112,30.206,62.5513
S15,3300.0,stress,1.311,0.02,4.2788,30.193,64.4708
S15,3305.0,stress,1.3306,0.0109,-0.4513,30.195,62.4389
S15,3310.0,stress,1.327,0.0111,0.1986,30.185,62.3152
S15,3315.0,stress,1.3066,0.0166,0.3819,30.172,63.9744
S15,3320.0,stress,1.3449,0.0459,-1.2692,30.153,64.8806
S15,3325.0,stress,1.3721,0.0105,-1.9768,30.143,66.2034
S15,3330.0,stress,1.3609,0.0104,-0.9501,30.155,62.886
S15,3335.0,stress,1.3634,0.011,3.0729,30.157,62.3359
S15,3340.0,stress,1.3522,0.0278,-5.792,30.162,63.9787
S15,3345.0,stress,1.395,0.0099,-8.4681,30.141,69.5032
S15,3350.0,stress,1.3966,0.0188,28.1971,30.148,64.4506
S15,3355.0,stress,1.3718,0.0106,-15.1623,30.166,63.8302
S15,3360.0,stress,1.3922,0.0067,3.0609,30.175,62.3654
S15,3365.0,stress,1.373,0.0057,-0.743,30.194,62.1766
S15,3370.0,stress,1.3484,0.0062,-0.6007,30.186,62.1804
S15,3375.0,stress,1.3529,0.0093,0.9021,30.178,62.4584
S15,3380.0,stress,1.3664,0.0358,5.1739,30.177,62.2991
S15,3385.0,stress,1.4326,0.0262,-9.6026,30.157,63.1738
S15,3390.0,stress,1.4056,0.0112,-1.0404,30.149,63.2553
S15,3395.0,stress,1.3896,0.0057,1.7723,30.145,67.7806
S15,3400.0,stress,1.3745,0.0111,2.7827,30.14,66.7088
S15,3405.0,stress,1.3559,0.0243,18.6457,30.15,65.4673
S15,3410.0,stress,1.3623,0.0161,-27.3675,30.164,63.8706
S15,3415.0,stress,1.3766,0.0166,6.6954,30.184,65.0079
S15,3420.0,stress,1.3864,0.0055,3.7861,30.176,63.0775
S15,3425.0,stress,1.3619,0.0105,-1.1205,30.203,63.0603
S15,3430.0,stress,1.3318,0.0112,-0.6827,30.211,63.0466
S15,3435.0,stress,1.4011,0.0725,-0.0179,30.239,62.9714
S15,3440.0,stress,1.5398,0.0088,1.1233,30.221,62.872
S15,3445.0,stress,1.5447,0.0233,-1.2675,30.214,62.7998
S15,3450.0,stress,1.5233,0.0176,0.5897,30.222,62.7546
S15,3455.0,stress,1.5391,0.023,-0.5231,30.221,62.6184
S15,3460.0,stress,1.5218,0.0064,0.0691,30.211,62.6882
S15,3465.0,stress,1.5105,0.0073,-1.4629,30.222,62.6804
S15,3470.0,stress,1.4924,0.0103,1.697,30.217,62.6921
S15,3475.0,stress,1.4603,0.0079,-0.3067,30.205,62.6648
S15,3480.0,stress,1.4925,0.0241,0.2167,30.186,62.6485
S15,3485.0,stress,1.5286,0.0137,-4.2853,30.17,62.8205
S15,3490.0,stress,1.555,0.018,3.5503,30.176,62.5693
S15,3495.0,stress,1.5201,0.0154,0.6683,30.157,62.5118
S15,3500.0,stress,1.5872,0.0428,0.3118,30.147,62.5884
S15,3505.0,stress,1.5311,0.0268,-0.4123,30.142,62.6604
S15,3510.0,stress,1.4885,0.0075,-0.0801,30.126,62.6999
S15,3515.0,stress,1.506,0.0101,2.6815,30.12,62.8681
S15,3520.0,stress,1.4851,0.0087,-6.2274,30.115,62.9156
S15,3525.0,stress,1.4738,0.0088,4.9328,30.121,62.8155
S15,3530.0,stress,1.4761,0.0175,-0.4287,30.124,62.8434
S15,3535.0,stress,1.4468,0.0039,-0.1976,30.128,62.8481
S15,3540.0,stress,1.4486,0.006,-0.3987,30.127,62.8234
S15,3545.0,stress,1.4521,0.0096,-0.3318,30.125,62.8292
S15,3550.0,stress,1.4583,0.0044,0.6106,30.119,62.7466
S15,3555.0,stress,1.47,0.0083,-0.4422,30.134,62.7299
S15,3560.0,stress,1.44,0.0105,-0.0044,30.121,62.717
S15,3565.0,stress,1.4244,0.0033,0.0672,30.114,62.7136
S15,3570.0,stress,1.4219,0.0047,4.7028,30.115,63.2366
S15,3575.0,stress,1.4269,0.0058,-3.1962,30.112,62.9762
S15,3580.0,stress,1.4125,0.0124,-0.4021,30.111,62.9044
S15,3585.0,stress,1.4594,0.016,0.2078,30.11,62.8415
S15,3590.0,stress,1.4741,0.0127,-0.7472,30.11,63.001
S15,3595.0,stress,1.4251,0.0124,-1.5568,30.105,62.8993
S15,3600.0,stress,1.4042,0.0027,0.935,30.102,62.9363
S15,3605.0,stress,1.4053,0.0074,0.228,30.106,63.0043
S15,3610.0,stress,1.404,0.0089,-0.263,30.102,62.9263
S15,3615.0,stress,1.4393,0.0403,-0.0358,30.099,63.0073
S15,3620.0,stress,1.4542,0.0197,0.7746,30.106,62.9104
S15,3625.0,stress,1.442,0.0071,-0.3923,30.107,62.9284
S15,3630.0,stress,1.4149,0.0138,-0.1779,30.113,62.9536
S15,3635.0,stress,1.4168,0.0202,-0.4299,30.11,62.8861
S15,3640.0,stress,1.3898,0.0065,0.304,30.102,62.9041
S15,3645.0,stress,1.3906,0.0125,13.9237,30.102,62.8377
S15,3650.0,stress,1.4026,0.0269,-16.4932,30.101,62.771
S15,3655.0,stress,1.3972,0.0124,8.4022,30.079,62.7943
S15,3660.0,stress,1.3931,0.0191,-6.7774,30.081,62.9471
S15,3665.0,stress,1.4305,0.0127,-4.1998,30.081,63.2005
S15,3670.0,stress,1.4257,0.0152,-0.8194,30.065,63.0579
S15,3675.0,stress,1.4255,0.0111,8.7791,30.045,62.9656
S15,3680.0,stress,1.3994,0.0063,-1.6294,30.035,62.9209
S15,3685.0,stress,1.365,0.0165,-1.7938,30.038,62.9489
S15,3690.0,stress,1.3259,0.0128,-0.0906,30.04,62.952
S15,3695.0,stress,1.3242,0.0023,0.6221,30.022,62.8261
S15,3700.0,stress,1.3101,0.01,-0.8288,30.026,62.8788
S15,3705.0,stress,1.3097,0.0041,0.832,30.002,62.9126
S15,3710.0,stress,1.322,0.0106,0.1018,30.018,62.8976
S15,3715.0,stress,1.2818,0.0201,0.5148,30.007,62.8422
S15,3720.0,stress,1.2756,0.0184,-0.9084,30.021,62.9581
S15,3725.0,stress,1.2919,0.006,0.345,30.002,62.8154
S15,3730.0,stress,1.2725,0.0121,-0.6566,30.014,62.7497
S15,3735.0,stress,1.2653,0.0092,1.4682,30.01,62.8202
S15,3740.0,stress,1.2719,0.0062,-0.3332,30.014,62.8172
S15,3745.0,stress,1.2267,0.024,-0.4971,30.01,62.8464
S15,3750.0,stress,1.2423,0.0158,0.6216,30.004,62.8777
S15,3755.0,stress,1.2526,0.0076,-1.7673,29.999,62.8736
S15,3760.0,stress,1.2706,0.0147,1.6386,30.002,62.7423
S15,3765.0,stress,1.2632,0.0055,0.379,29.99,62.7964
S15,3770.0,stress,1.2588,0.0134,-0.4027,29.987,62.8879
S15,3775.0,stress,1.2322,0.0082,-0.2989,29.996,62.9416
S15,3780.0,stress,1.2105,0.0053,-1.123,29.988,62.9454
S16,100.0,baseline,0.2904,0.0015,-3.4877,29.37,63.0833
S16,105.0,baseline,0.2884,0.0034,0.6201,29.366,64.2697
S16,110.0,baseline,0.2849,0.0068,1.5478,29.366,63.2201
S16,115.0,baseline,0.2815,0.005,-3.0422,29.37,63.6324
S16,120.0,baseline,0.2943,0.0042,3.9076,29.37,63.1967
S16,125.0,baseline,0.2993,0.0027,-3.6373,29.394,63.0682
S16,130.0,baseline,0.3012,0.0018,2.0886,29.378,63.0499
S16,135.0,baseline,0.3014,0.0027,-0.5356,29.41,63.317
S16,140.0,baseline,0.2985,0.0028,0.7966,29.41,62.8681
S16,145.0,baseline,0.2909,0.0019,-0.2062,29.418,62.7205
S16,150.0,baseline,0.2862,0.0041,-3.5192,29.394,63.2285
S16,155.0,baseline,0.2865,0.0021,3.7135,29.406,63.1775
S16,160.0,baseline,0.2829,0.0019,0.5971,29.402,63.0331
S16,165.0,baseline,0.2841,0.0014,-1.5869,29.422,62.8575
S16,170.0,baseline,0.2823,0.0018,0.0177,29.41,62.9506
S16,175.0,baseline,0.2846,0.0029,-2.0758,29.442,63.1322
S16,180.0,baseline,0.2805,0.0041,3.4621,29.438,63.1788
S16,185.0,baseline,0.2897,0.0016,-1.0578,29.418,62.9663
S16,190.0,baseline,0.2886,0.0025,0.1828,29.414,63.0325
S16,195.0,baseline,0.2825,0.0059,-1.5535,29.398,63.317
S16,200.0,baseline,0.282,0.0012,2.0395,29.382,63.1225
S16,205.0,baseline,0.2799,0.0014,-0.9463,29.378,63.0718
S16,210.0,baseline,0.2792,0.0014,0.3006,29.378,63.1694
S16,215.0,baseline,0.2781,0.0016,-0.2535,29.378,63.0896
S16,220.0,baseline,0.2772,0.0015,0.1699,29.402,63.5331
S16,225.0,baseline,0.2774,0.001,0.5708,29.398,63.5133
S16,230.0,baseline,0.2774,0.002,1.1549,29.414,63.1992
S16,235.0,baseline,0.2712,0.0026,-0.1227,29.418,62.8967
S16,240.0,baseline,0.2701,0.0032,-0.9803,29.418,62.8661
S16,245.0,baseline,0.2767,0.0031,-0.4456,29.414,63.0646
S16,250.0,baseline,0.2783,0.0058,0.4908,29.422,63.2224
S16,255.0,baseline,0.2788,0.0029,-0.1655,29.414,63.1607
S16,260.0,baseline,0.2776,0.0018,-0.4379,29.406,63.2474
S16,265.0,baseline,0.2774,0.0013,-0.1581,29.422,62.8117
S16,270.0,baseline,0.2766,0.0012,1.2279,29.43,62.8655
S16,275.0,baseline,0.2762,0.0014,-0.7878,29.438,62.9931
S16,280.0,baseline,0.2762,0.001,0.661,29.438,63.0435
S16,285.0,baseline,0.2742,0.0069,-2.2519,29.434,63.1421
S16,290.0,baseline,0.268,0.0017,2.1845,29.414,63.2289
S16,295.0,baseline,0.2679,0.0043,2.715,29.406,63.698
S16,300.0,baseline,0.2696,0.0022,-5.8858,29.382,63.3467
S16,305.0,baseline,0.2773,0.0039,2.6308,29.374,63.2221
S16,310.0,baseline,0.2781,0.0024,0.2243,29.374,62.929
S16,315.0,baseline,0.279,0.0018,0.4961,29.41,62.9007
S16,320.0,baseline,0.2796,0.0015,-1.8874,29.426,62.8679
S16,325.0,baseline,0.2787,0.002,1.8349,29.438,62.6384
S16,330.0,baseline,0.279,0.0012,-1.5198,29.458,62.7886
S16,335.0,baseline,0.2787,0.0012,0.761,29.45,62.9329
S16,340.0,baseline,0.2771,0.0049,-0.7187,29.466,63.4484
S16,345.0,baseline,0.2748,0.0034,-0.3411,29.466,62.9812
S16,350.0,baseline,0.2769,0.0028,4.6356,29.454,62.9412
S16,355.0,baseline,0.2769,0.0027,-4.8525,29.45,62.8973
S16,360.0,baseline,0.2745,0.0009,3.4974,29.45,62.9565
S16,365.0,baseline,0.2754,0.0015,-2.1028,29.446,62.9446
S16,370.0,baseline,0.2772,0.0058,-2.1364,29.47,63.2487
S16,375.0,baseline,0.278,0.0012,2.9283,29.462,63.1086
S16,380.0,baseline,0.2785,0.001,-1.5243,29.458,63.0277
S16,385.0,baseline,0.278,0.0012,-0.258,29.49,63.0787
S16,390.0,baseline,0.2786,0.0013,0.894,29.502,63.2047
S16,395.0,baseline,0.2818,0.0022,-3.6844,29.526,63.1481
S16,400.0,baseline,0.2817,0.0033,3.3929,29.53,65.1025
S16,405.0,baseline,0.2811,0.0035,-1.114,29.526,63.3893
S16,410.0,baseline,0.2805,0.0022,3.1207,29.514,63.2651
S16,415.0,baseline,0.2831,0.0026,-0.6722,29.506,63.3132
S16,420.0,baseline,0.2852,0.002,-0.3976,29.51,63.4173
S16,425.0,baseline,0.2843,0.001,0.2241,29.51,63.4865
S16,430.0,baseline,0.2829,0.0013,-0.9083,29.506,63.3706
S16,435.0,baseline,0.2824,0.0033,0.4087,29.506,63.0665
S16,440.0,baseline,0.2819,0.0034,-7.5577,29.514,63.4274
S16,445.0,baseline,0.2815,0.0015,7.8433,29.538,63.1563
S16,450.0,baseline,0.2795,0.0016,-0.392,29.562,63.32
S16,455.0,baseline,0.279,0.0017,0.4677,29.57,63.2292
S16,460.0,baseline,0.2803,0.0031,-0.9749,29.586,63.5951
S16,465.0,baseline,0.2863,0.0025,0.3371,29.602,63.1399
S16,470.0,baseline,0.2772,0.0064,-1.4117,29.602,63.1063
S16,475.0,baseline,0.276,0.0019,2.3513,29.622,63.0859
S16,480.0,baseline,0.2791,0.0015,-1.0171,29.634,62.9012
S16,485.0,baseline,0.279,0.0015,-0.1235,29.646,63.0223
S16,490.0,baseline,0.2796,0.0017,0.5693,29.658,63.1046
S16,495.0,baseline,0.2795,0.0018,-1.1623,29.658,63.0979
S16,500.0,baseline,0.2805,0.0015,1.5301,29.666,63.1073
S16,505.0,baseline,0.2758,0.0012,0.4409,29.666,63.1824
S16,510.0,baseline,0.2782,0.0041,5.7521,29.678,63.4277
S16,515.0,baseline,0.2815,0.0021,-8.7682,29.678,63.0399
S16,520.0,baseline,0.2833,0.0033,3.0851,29.694,63.0785
S16,525.0,baseline,0.2909,0.0014,-1.9881,29.686,63.1821
S16,530.0,baseline,0.2877,0.0026,-0.4183,29.69,63.06
S16,535.0,baseline,0.2859,0.0015,0.9286,29.686,62.97
S16,540.0,baseline,0.2827,0.0044,7.4284,29.714,63.9059
S16,545.0,baseline,0.2803,0.0036,-13.0308,29.73,63.4161
S16,550.0,baseline,0.2831,0.0029,3.8829,29.754,63.6444
S16,555.0,baseline,0.2814,0.0049,0.4371,29.794,63.6271
S16,560.0,baseline,0.284,0.0026,1.8005,29.838,63.0699
S16,565.0,baseline,0.2859,0.0018,-0.7572,29.866,62.8865
S16,570.0,baseline,0.2874,0.0032,1.5211,29.922,63.0288
S16,575.0,baseline,0.2822,0.0048,-1.9278,29.966,63.6476
S16,580.0,baseline,0.2821,0.0014,-0.4071,30.03,63.1205
S16,585.0,baseline,0.2842,0.0018,2.4616,30.09,63.1208
S16,590.0,baseline,0.2874,0.0022,-0.4709,30.106,63.1916
S16,595.0,baseline,0.289,0.002,-1.1938,30.114,63.1242
S16,600.0,baseline,0.2911,0.0013,0.4335,30.114,63.0094
S16,605.0,baseline,0.2923,0.0012,-0.8115,30.134,63.0912
S16,610.0,baseline,0.2914,0.0032,-1.8208,30.15,63.004
S16,615.0,baseline,0.2925,0.0008,4.1229,30.186,63.2424
S16,620.0,baseline,0.2858,0.0029,3.9646,30.206,63.9148
S16,625.0,baseline,0.2845,0.0015,-3.7168,30.214,63.8684
S16,630.0,baseline,0.2846,0.0023,0.3533,30.238,63.7122
S16,635.0,baseline,0.2864,0.0017,-1.3008,30.242,63.7383
S16,640.0,baseline,0.287,0.0018,-1.0003,30.258,63.6675
S16,645.0,baseline,0.2849,0.0015,1.1512,30.262,63.8647
S16,650.0,baseline,0.2833,0.002,0.3135,30.278,63.68
S16,655.0,baseline,0.2863,0.002,0.5727,30.298,63.7054
S16,660.0,baseline,0.2873,0.0009,-0.7494,30.302,63.6708
S16,665.0,baseline,0.2867,0.0019,-0.4068,30.294,63.5943
S16,670.0,baseline,0.2873,0.0016,0.506,30.294,63.7106
S16,675.0,baseline,0.2873,0.0019,-1.0625,30.29,63.7541
S16,680.0,baseline,0.2881,0.0012,-0.5028,30.298,63.69
S16,685.0,baseline,0.3099,0.0277,2.6949,30.294,63.9274
S16,690.0,baseline,0.2918,0.0034,-3.8204,30.302,64.0068
S16,695.0,baseline,0.2922,0.0018,0.6942,30.302,64.0436
S16,700.0,baseline,0.29,0.0011,-0.6459,30.31,63.8128
S16,705.0,baseline,0.29,0.0012,-0.1367,30.338,63.9405
S16,710.0,baseline,0.2899,0.0021,-2.0584,30.322,63.8485
S16,715.0,baseline,0.2898,0.0018,3.7815,30.33,63.7741
S16,720.0,baseline,0.2902,0.0013,-0.2016,30.338,63.8807
S16,725.0,baseline,0.2903,0.0009,-0.3205,30.354,63.8341
S16,730.0,baseline,0.2906,0.0022,-1.4172,30.378,63.7686
S16,735.0,baseline,0.2914,0.0012,1.4068,30.374,63.4783
S16,740.0,baseline,0.2915,0.0015,0.5951,30.382,63.6147
S16,745.0,baseline,0.292,0.0016,-0.4393,30.402,63.6984
S16,750.0,baseline,0.2918,0.0016,0.3573,30.41,63.698
S16,755.0,baseline,0.2922,0.0012,0.5392,30.422,63.721
S16,760.0,baseline,0.2914,0.0011,2.0004,30.434,63.6729
S16,765.0,baseline,0.2953,0.0013,-3.1281,30.434,63.3799
S16,770.0,baseline,0.295,0.0046,-2.7583,30.446,63.6084
S16,775.0,baseline,0.2932,0.0013,5.1251,30.446,63.0547
S16,780.0,baseline,0.2944,0.0016,-1.7585,30.454,63.1236
S16,785.0,baseline,0.2948,0.0014,-0.4381,30.458,62.8899
S16,790.0,baseline,0.2946,0.0015,0.1556,30.466,62.9798
S16,795.0,baseline,0.295,0.0016,0.6903,30.47,63.2791
S16,800.0,baseline,0.2942,0.0031,-0.8403,30.478,63.1561
S16,805.0,baseline,0.295,0.0043,0.6388,30.486,63.4811
S16,810.0,baseline,0.2892,0.0032,-1.1194,30.478,63.7483
S16,815.0,baseline,0.2904,0.0011,0.722,30.51,63.7622
S16,820.0,baseline,0.2893,0.002,-1.1439,30.55,63.7289
S16,825.0,baseline,0.2897,0.0017,0.8444,30.582,63.7462
S16,830.0,baseline,0.2847,0.0031,-0.5203,30.626,63.8145
S16,835.0,baseline,0.3001,0.0081,-0.0847,30.682,63.5276
S16,840.0,baseline,0.303,0.0064,0.509,30.69,63.4499
S16,845.0,baseline,0.3065,0.0022,3.9788,30.714,63.166
S16,850.0,baseline,0.2988,0.0033,-3.6916,30.71,63.1496
S16,855.0,baseline,0.2987,0.0018,2.1191,30.714,63.1378
S16,860.0,baseline,0.3005,0.0012,-1.1488,30.73,63.1987
S16,865.0,baseline,0.3009,0.0036,1.3905,30.73,63.1976
S16,870.0,baseline,0.3009,0.002,-2.6081,30.746,63.2448
S16,875.0,baseline,0.3039,0.0019,1.8688,30.746,63.279
S16,880.0,baseline,0.3055,0.0072,-7.4781,30.746,63.7592
S16,885.0,baseline,0.3116,0.0076,7.2317,30.738,64.1082
S16,890.0,baseline,0.3014,0.0022,-0.7774,30.742,63.975
S16,895.0,baseline,0.2958,0.0016,-0.2379,30.762,64.0015
S16,900.0,baseline,0.2913,0.0015,-0.3293,30.758,64.0589
S16,905.0,baseline,0.2904,0.0046,6.1551,30.766,64.7761
S16,910.0,baseline,0.2922,0.0098,-5.4143,30.778,64.2246
S16,915.0,baseline,0.2842,0.0012,-0.2647,30.782,64.0241
S16,920.0,baseline,0.2826,0.0012,0.093,30.794,64.0889
S16,925.0,baseline,0.2875,0.0028,-0.6869,30.782,64.1144
S16,930.0,baseline,0.2868,0.0015,0.15,30.782,64.325
S16,935.0,baseline,0.2859,0.0011,0.0338,30.786,64.3294
S16,940.0,baseline,0.2882,0.0039,-0.5263,30.774,63.9076
S16,945.0,baseline,0.291,0.002,-1.5366,30.774,63.7634
S16,950.0,baseline,0.2894,0.0016,2.3893,30.806,63.5826
S16,955.0,baseline,0.2892,0.0015,0.4722,30.806,63.6504
S16,960.0,baseline,0.2874,0.0053,0.0348,30.826,64.042
S16,965.0,baseline,0.2847,0.0025,-0.1613,30.83,64.1985
S16,970.0,baseline,0.2789,0.002,-0.3154,30.81,64.322
S16,975.0,baseline,0.2832,0.0111,-10.5574,30.786,64.132
S16,980.0,baseline,0.2922,0.0025,7.5823,30.798,63.9381
S16,985.0,baseline,0.2882,0.0112,1.4108,30.802,64.2609
S16,990.0,baseline,0.2832,0.0067,-2.096,30.81,64.9405
S16,995.0,baseline,0.2844,0.0052,3.6805,30.81,64.4345
S16,1000.0,baseline,0.279,0.003,0.5527,30.814,63.4414
S16,1005.0,baseline,0.284,0.0042,-2.6834,30.83,63.436
S16,1010.0,baseline,0.2815,0.0027,4.2481,30.842,63.276
S16,1015.0,baseline,0.2844,0.0066,-8.4494,30.838,63.2956
S16,1020.0,baseline,0.2869,0.004,6.0721,30.85,62.9258
S16,1025.0,baseline,0.2852,0.004,0.8236,30.846,63.3881
S16,1030.0,baseline,0.2815,0.0061,-2.9177,30.866,63.1486
S16,1035.0,baseline,0.279,0.0022,1.3082,30.85,63.1354
S16,1040.0,baseline,0.2835,0.0047,-1.6203,30.846,63.758
S16,1045.0,baseline,0.2797,0.004,0.3443,30.85,63.9228
S16,1050.0,baseline,0.2811,0.0036,-1.633,30.85,63.2061
S16,1055.0,baseline,0.2812,0.0038,4.5901,30.858,63.7878
S16,1060.0,baseline,0.2847,0.0063,0.2653,30.846,63.2089
S16,1065.0,baseline,0.2801,0.0017,4.5623,30.858,63.0774
S16,1070.0,baseline,0.2806,0.0011,-5.4907,30.858,62.9627
S16,1075.0,baseline,0.2822,0.0011,0.6248,30.854,63.0801
S16,1080.0,baseline,0.2833,0.0013,-0.5973,30.862,63.018
S16,1085.0,baseline,0.2829,0.0017,-0.9178,30.838,62.8749
S16,1090.0,baseline,0.2843,0.0012,0.2911,30.866,62.7122
S16,1095.0,baseline,0.2848,0.0013,-0.0757,30.858,63.0721
S16,1100.0,baseline,0.2836,0.0018,0.0428,30.846,63.1744
S16,1105.0,baseline,0.2842,0.001,1.1354,30.85,63.1672
S16,1110.0,baseline,0.285,0.0012,-0.3741,30.846,63.196
S16,1115.0,baseline,0.2853,0.0018,-0.4397,30.85,63.2142
S16,1120.0,baseline,0.2846,0.0022,-1.1617,30.838,63.3397
S16,1125.0,baseline,0.2854,0.0016,-0.685,30.838,62.976
S16,1130.0,baseline,0.2854,0.0015,2.8631,30.838,62.9792
S16,1135.0,baseline,0.2859,0.0016,-1.4477,30.826,63.0238
S16,1140.0,baseline,0.2867,0.001,1.0204,30.83,63.0601
S16,1145.0,baseline,0.2861,0.0015,-0.798,30.826,63.1719
S16,1150.0,baseline,0.2874,0.002,1.7588,30.83,62.9906
S16,1155.0,baseline,0.2914,0.0061,-0.009,30.834,63.4557
S16,1160.0,baseline,0.2923,0.0061,2.857,30.814,64.8994
S16,1165.0,baseline,0.2953,0.0049,-1.8925,30.826,63.8402
S16,1170.0,baseline,0.2969,0.0018,-2.1675,30.822,62.8833
S16,1175.0,baseline,0.2969,0.0018,-1.953,30.818,62.904
S16,1180.0,baseline,0.2966,0.0042,-4.4212,30.83,63.0203
S16,1185.0,baseline,0.2857,0.0021,7.5147,30.838,63.6154
S16,1190.0,baseline,0.2856,0.0026,-4.5316,30.838,63.6062
S16,1195.0,baseline,0.2879,0.0031,5.267,30.854,63.7276
S16,1200.0,baseline,0.2898,0.0014,-1.1823,30.87,63.5233
S16,1205.0,baseline,0.2913,0.0017,-0.2435,30.882,63.452
S16,1210.0,baseline,0.2961,0.0057,-2.1496,30.886,63.525
S16,1215.0,baseline,0.2933,0.001,-0.2657,30.914,64.0264
S16,1220.0,baseline,0.293,0.002,0.1129,30.922,64.1226
S16,1225.0,baseline,0.2942,0.0023,0.9591,30.918,63.8166
S16,1230.0,baseline,0.2941,0.0038,-3.7173,30.922,63.2734
S16,1235.0,baseline,0.3033,0.0041,5.0011,30.922,63.8385
S16,1240.0,baseline,0.2969,0.0029,-0.96,30.918,63.2025
S16,1245.0,baseline,0.2949,0.0028,0.5787,30.934,63.7323
S16,1250.0,baseline,0.2939,0.0016,-0.9269,30.962,63.7323
S16,1255.0,baseline,0.2929,0.0019,0.6386,30.978,63.7427
S16,1260.0,baseline,0.2934,0.001,0.2248,30.998,63.7228
S16,1265.0,baseline,0.2939,0.0011,-0.5948,31.006,63.705
S16,1270.0,baseline,0.2938,0.0012,0.5207,31.014,63.7119
S16,1275.0,baseline,0.2942,0.0017,0.0363,31.03,63.6592
S16,1990.0,stress,1.4094,0.0183,-0.24,31.106,62.6001
S16,1995.0,stress,1.4476,0.0117,0.3085,31.118,62.3403
S16,2000.0,stress,1.4561,0.0154,-0.1972,31.13,62.489
S16,2005.0,stress,1.4714,0.0358,-0.6047,31.126,62.832
S16,2010.0,stress,1.5172,0.0351,-0.1345,31.15,62.9516
S16,2015.0,stress,1.5176,0.0242,0.8311,31.154,62.4778
S16,2020.0,stress,1.5324,0.0295,-0.2413,31.15,62.4599
S16,2025.0,stress,1.5527,0.0267,0.2992,31.134,62.3308
S16,2030.0,stress,1.5708,0.0315,-0.4766,31.134,62.2795
S16,2035.0,stress,1.608,0.0162,0.461,31.142,62.3421
S16,2040.0,stress,1.626,0.0098,-0.4132,31.122,62.3392
S16,2045.0,stress,1.6466,0.0161,0.1407,31.126,62.2891
S16,2050.0,stress,1.6195,0.0219,-2.2796,31.11,62.4981
S16,2055.0,stress,1.6769,0.0282,1.6101,31.114,63.0492
S16,2060.0,stress,1.6816,0.0201,0.4219,31.122,62.415
S16,2065.0,stress,1.677,0.0258,0.391,31.126,62.3478
S16,2070.0,stress,1.8219,0.0444,0.0299,31.106,62.32
S16,2075.0,stress,1.8634,0.0482,-0.6932,31.094,63.0136
S16,2080.0,stress,2.0188,0.0483,-0.1796,31.078,63.0706
S16,2085.0,stress,1.8512,0.0218,8.3002,31.07,63.4032
S16,2090.0,stress,1.9252,0.0947,-7.1369,31.078,62.757
S16,2095.0,stress,1.9596,0.0424,0.5086,31.07,62.5168
S16,2100.0,stress,2.0983,0.0247,-1.5866,31.07,63.0065
S16,2105.0,stress,2.0528,0.0611,-0.51,31.078,63.0733
S16,2110.0,stress,2.0615,0.0595,0.3983,31.102,62.7512
S16,2115.0,stress,2.1077,0.0442,0.6204,31.122,63.3554
S16,2120.0,stress,2.1404,0.0511,-0.1398,31.134,62.8178
S16,2125.0,stress,2.2179,0.0334,-0.1259,31.134,62.8132
S16,2130.0,stress,2.2569,0.0182,0.146,31.126,62.949
S16,2135.0,stress,2.2253,0.0226,1.1756,31.13,63.1623
S16,2140.0,stress,2.1692,0.0208,-2.1244,31.13,62.9338
S16,2145.0,stress,2.2255,0.0295,1.0397,31.134,62.7054
S16,2150.0,stress,2.2498,0.0197,0.098,31.102,62.4551
S16,2155.0,stress,2.2498,0.0343,0.788,31.106,62.7665
S16,2160.0,stress,2.2799,0.0115,-1.157,31.102,62.6759
S16,2165.0,stress,2.3662,0.0411,0.888,31.098,62.5257
S16,2170.0,stress,2.3086,0.0372,-0.2175,31.082,62.596
S16,2175.0,stress,2.3241,0.0211,-1.9679,31.102,62.7607
S16,2180.0,stress,2.305,0.0263,1.9204,31.094,62.5419
S16,2185.0,stress,2.3286,0.0268,-0.0327,31.09,62.523
S16,2190.0,stress,2.3443,0.0523,-0.0337,31.094,62.4669
S16,2195.0,stress,2.341,0.0395,-0.1742,31.07,62.5252
S16,2200.0,stress,2.3115,0.016,-0.0427,31.058,62.5013
S16,2205.0,stress,2.3228,0.0294,0.1537,31.058,62.4577
S16,2210.0,stress,2.3308,0.0352,-0.7983,31.054,62.5494
S16,2215.0,stress,2.3157,0.0091,0.4049,31.058,62.5642
S16,2220.0,stress,2.3048,0.0123,-0.0172,31.034,62.5698
S16,2225.0,stress,2.321,0.0129,0.1459,31.034,62.6839
S16,2230.0,stress,2.3668,0.0262,0.302,31.03,62.5272
S16,2235.0,stress,2.4024,0.0492,7.8511,31.03,62.4927
S16,2240.0,stress,2.4289,0.0505,-10.8513,31.034,62.3186
S16,2245.0,stress,2.3555,0.0136,6.1583,30.998,62.3428
S16,2250.0,stress,2.3456,0.0101,-3.0317,30.966,62.3122
S16,2255.0,stress,2.3233,0.0084,-0.4116,30.926,62.3633
S16,2260.0,stress,2.3663,0.049,1.839,30.926,62.5422
S16,2265.0,stress,2.4216,0.0507,0.4003,30.926,62.5557
S16,2270.0,stress,2.385,0.0251,-0.8824,30.926,62.7069
S16,2275.0,stress,2.3616,0.0157,-1.4652,30.946,62.5
S16,2280.0,stress,2.378,0.0223,-1.4027,30.954,62.7254
S16,2285.0,stress,2.4085,0.0404,2.052,30.962,62.5067
S16,2290.0,stress,2.4098,0.0168,-0.7133,30.958,62.6334
S16,2295.0,stress,2.4678,0.0658,0.1446,30.958,62.5565
S16,2300.0,stress,2.5202,0.0515,-0.8246,30.946,62.2956
S16,2305.0,stress,2.4601,0.0138,0.6902,30.942,62.3641
S16,2310.0,stress,2.4228,0.0102,0.282,30.922,62.2778
S16,2315.0,stress,2.4832,0.0327,0.0827,30.902,62.335
S16,2320.0,stress,2.4624,0.0315,-0.2447,30.878,62.3506
S16,2325.0,stress,2.4713,0.0615,0.6272,30.874,62.3581
S16,2330.0,stress,2.5543,0.0814,-0.9865,30.842,63.171
S16,2335.0,stress,2.4255,0.0257,0.5033,30.842,62.7843
S16,2340.0,stress,2.5256,0.0291,0.0218,30.854,62.6025
S16,2345.0,stress,2.4962,0.0109,0.1948,30.866,62.3952
S16,2350.0,stress,2.4817,0.0105,-0.4307,30.878,62.3785
S16,2355.0,stress,2.4825,0.0154,0.4868,30.89,62.4407
S16,2360.0,stress,2.4374,0.016,-0.1343,30.882,62.3223
S16,2365.0,stress,2.4021,0.0129,-0.3816,30.882,62.6019
S16,2370.0,stress,2.3694,0.0097,0.103,30.882,62.3952
S16,2375.0,stress,2.3432,0.0105,-0.7134,30.89,62.3757
S16,2380.0,stress,2.3325,0.0168,0.2839,30.882,62.4411
S16,2385.0,stress,2.3103,0.0184,0.3386,30.882,62.4031
S16,2390.0,stress,2.2623,0.0163,-0.0681,30.878,62.4597
S16,2395.0,stress,2.2226,0.0122,0.7977,30.87,62.4077
S16,2400.0,stress,2.181,0.011,-0.8453,30.87,62.4378
S16,2405.0,stress,2.1592,0.0096,0.6456,30.866,62.4451
S16,2410.0,stress,2.1308,0.0091,-0.4628,30.854,62.3805
S16,2415.0,stress,2.0948,0.0107,-0.1667,30.854,62.412
S16,2420.0,stress,2.0635,0.0158,0.342,30.846,62.3671
S16,2425.0,stress,2.0383,0.0062,-0.0297,30.846,62.4395
S16,2430.0,stress,2.0155,0.0169,0.0888,30.834,62.3965
S16,2435.0,stress,1.9838,0.0075,-1.0044,30.822,62.5101
S16,2440.0,stress,1.9642,0.0046,1.1425,30.826,62.3857
S16,2445.0,stress,1.9397,0.0114,-0.2224,30.826,62.4195
S16,2450.0,stress,1.9049,0.0099,0.1155,30.81,62.4312
S16,2455.0,stress,1.8822,0.0048,-0.2743,30.81,62.454
S16,2460.0,stress,1.8687,0.0039,0.3502,30.802,62.4388
S16,2465.0,stress,1.8614,0.0113,-0.1853,30.81,62.4073
S16,2470.0,stress,1.8224,0.008,0.0432,30.806,62.4232
S16,2475.0,stress,1.8096,0.0131,-0.2308,30.794,62.3929
S16,2480.0,stress,1.806,0.0151,-0.4835,30.79,62.4581
S16,2485.0,stress,1.7782,0.0081,0.5721,30.782,62.4792
S16,2490.0,stress,1.7678,0.0049,0.4762,30.77,62.3698
S16,2495.0,stress,1.7583,0.007,-0.3911,30.778,62.4035
S16,2500.0,stress,1.7473,0.0048,0.3098,30.77,62.4295
S16,2505.0,stress,1.72,0.0094,-0.3269,30.754,62.3549
S16,2510.0,stress,1.7063,0.0063,-0.0122,30.754,62.3957
S16,2515.0,stress,1.723,0.0146,-0.2672,30.75,62.4586
S16,2520.0,stress,1.7035,0.0071,-0.0784,30.746,62.4632
S16,2525.0,stress,1.6771,0.0087,0.5854,30.746,62.4011
S16,2530.0,stress,1.6724,0.0085,-0.2185,30.746,62.3894
S16,2535.0,stress,1.6612,0.0065,0.2699,30.73,62.4506
S16,2540.0,stress,1.6649,0.0078,-0.3591,30.734,62.4073
S16,2545.0,stress,1.6659,0.0124,0.1232,30.726,62.4276
S16,2550.0,stress,1.6621,0.0152,-0.0325,30.722,62.4147
S16,2555.0,stress,1.6421,0.0038,-0.3126,30.734,62.4183
S16,2560.0,stress,1.615,0.0082,0.4798,30.726,62.3908
S16,2565.0,stress,1.603,0.0023,-0.4035,30.714,62.3877
S16,2570.0,stress,1.5918,0.0048,0.5256,30.71,62.4282
S16,2575.0,stress,1.5906,0.0043,-0.5582,30.694,62.3812
S16,2580.0,stress,1.5777,0.0039,0.1805,30.706,62.382
S16,2585.0,stress,1.5892,0.0055,0.3078,30.71,62.4607
S16,2590.0,stress,1.6296,0.0135,0.2751,30.706,62.417
S16,2595.0,stress,1.6135,0.0057,-0.2995,30.694,62.4818
S16,2600.0,stress,1.5874,0.0073,-0.3305,30.702,62.4773
S16,2605.0,stress,1.5684,0.0031,0.1453,30.698,62.4299
S16,2610.0,stress,1.5597,0.007,-0.2609,30.686,62.3842
S16,2615.0,stress,1.5442,0.0061,0.6284,30.682,62.4458
S16,2620.0,stress,1.5473,0.0107,-0.129,30.694,62.4347
S16,2625.0,stress,1.5984,0.0274,0.7019,30.686,63.2915
S16,2630.0,stress,1.6184,0.0109,-1.4685,30.674,62.4583
S16,2635.0,stress,1.6083,0.0064,0.7018,30.678,62.4287
S16,2640.0,stress,1.6256,0.0092,0.4858,30.678,62.4579
S16,2645.0,stress,1.6114,0.0176,-0.9209,30.682,62.4132
S16,2650.0,stress,1.5774,0.0067,0.7132,30.674,62.3867
S16,2655.0,stress,1.5984,0.0331,-1.7139,30.674,62.5495
S16,4320.0,amusement,0.4398,0.0026,-0.2505,30.106,62.3782
S16,4325.0,amusement,0.4334,0.002,1.6446,30.134,62.3481
S16,4330.0,amusement,0.4269,0.003,-0.8645,30.162,62.5758
S16,4335.0,amusement,0.4237,0.0014,0.2801,30.154,62.547
S16,4340.0,amusement,0.4261,0.0078,1.0608,30.174,62.7636
S16,4345.0,amusement,0.4359,0.0022,-1.4652,30.178,62.8036
S16,4350.0,amusement,0.4364,0.0016,-0.5309,30.174,62.7296
S16,4355.0,amusement,0.4367,0.0017,0.6616,30.182,62.9341
S16,4360.0,amusement,0.436,0.0013,-0.0676,30.178,62.7759
S16,4365.0,amusement,0.4365,0.0081,-1.616,30.178,62.7062
S16,4370.0,amusement,0.4435,0.0031,0.6683,30.158,63.3384
S16,4375.0,amusement,0.4431,0.0013,0.8457,30.13,62.8632
S16,4380.0,amusement,0.4422,0.0011,0.4588,30.122,62.8781
S16,4385.0,amusement,0.449,0.0029,-0.2486,30.126,62.7973
S16,4390.0,amusement,0.4474,0.0022,-0.382,30.13,62.9789
S16,4395.0,amusement,0.4453,0.0017,0.2515,30.11,62.7087
S16,4400.0,amusement,0.4442,0.002,0.2309,30.11,62.7475
S16,4405.0,amusement,0.4417,0.0035,0.2312,30.098,62.7265
S16,4410.0,amusement,0.4469,0.0018,-0.306,30.114,62.7955
S16,4415.0,amusement,0.4478,0.0014,-0.3683,30.094,62.8883
S16,4420.0,amusement,0.4499,0.0044,0.0452,30.102,62.9579
S16,4425.0,amusement,0.4475,0.0012,0.5928,30.086,62.8252
S16,4430.0,amusement,0.4454,0.0021,-0.5827,30.094,62.8288
S16,4435.0,amusement,0.4441,0.0013,-0.2164,30.078,62.9451
S16,4440.0,amusement,0.4433,0.0014,0.6835,30.074,62.9206
S16,4445.0,amusement,0.4445,0.0009,-0.327,30.078,62.8467
S16,4450.0,amusement,0.4443,0.0021,-0.0296,30.07,62.8864
S16,4455.0,amusement,0.4431,0.0017,-0.6787,30.078,62.9051
S16,4460.0,amusement,0.4427,0.0013,1.4778,30.066,62.8539
S16,4465.0,amusement,0.4429,0.0011,-0.6995,30.062,62.7759
S16,4470.0,amusement,0.4448,0.0019,0.2212,30.054,62.7819
S16,4475.0,amusement,0.4449,0.0032,-0.8828,30.042,62.7701
S16,4480.0,amusement,0.4469,0.0071,1.2218,30.038,62.7953
S16,4485.0,amusement,0.4456,0.0038,-0.8642,30.034,62.717
S16,4490.0,amusement,0.4479,0.0079,0.4353,30.042,62.7373
S16,4495.0,amusement,0.4422,0.0012,-0.2861,30.018,62.7362
S16,4500.0,amusement,0.4523,0.0095,0.0714,30.014,62.7888
S16,4505.0,amusement,0.4514,0.0087,3.7699,30.006,62.7795
S16,4510.0,amusement,0.4465,0.0024,-4.4642,30.006,62.7878
S16,4515.0,amusement,0.4558,0.0063,1.4285,30.022,62.8574
S16,4520.0,amusement,0.4665,0.0033,-1.2433,30.002,62.8618
S16,4525.0,amusement,0.4664,0.0016,0.6987,30.006,62.8637
S16,4530.0,amusement,0.4619,0.0028,-0.162,29.998,62.8185
S16,4535.0,amusement,0.4574,0.0017,-0.2368,29.99,62.7423
S16,4540.0,amusement,0.4572,0.0013,0.3051,29.99,62.7051
S16,4545.0,amusement,0.4567,0.0011,0.0282,29.99,62.8454
S16,4550.0,amusement,0.4564,0.0034,1.3293,29.982,62.9519
S16,4555.0,amusement,0.4497,0.0083,-0.2147,29.97,62.6743
S16,4560.0,amusement,0.4603,0.0069,-1.9519,29.954,62.8575
S16,4565.0,amusement,0.4624,0.002,0.3263,29.962,62.8059
S16,4570.0,amusement,0.4596,0.002,0.5272,29.962,62.7318
S16,4575.0,amusement,0.4571,0.0017,-0.3309,29.982,62.8047
S16,4580.0,amusement,0.4533,0.0016,0.7757,29.974,62.8224
S16,4585.0,amusement,0.4503,0.0017,-0.8722,29.982,62.8309
S16,4590.0,amusement,0.4477,0.0017,0.5793,29.978,62.8085
S16,4595.0,amusement,0.4452,0.0011,-0.4242,29.978,62.7738
S16,4600.0,amusement,0.4449,0.0018,0.0587,29.982,62.8321
S16,4605.0,amusement,0.4464,0.0019,0.3762,29.962,62.8483
S16,4610.0,amusement,0.4449,0.0015,-0.1925,29.97,62.9114
S16,4615.0,amusement,0.4442,0.0017,-0.5035,29.962,62.8149
S16,4620.0,amusement,0.4442,0.001,0.5303,29.97,62.8498
S16,4625.0,amusement,0.4431,0.001,-0.2346,29.974,62.8374
S16,4630.0,amusement,0.4407,0.0029,0.0643,29.958,62.8759
S16,4635.0,amusement,0.4413,0.0019,0.3369,29.954,62.8643
S16,4640.0,amusement,0.4413,0.0018,-0.2097,29.95,62.8274
S16,4645.0,amusement,0.4419,0.0013,-0.2009,29.966,62.8481
S16,4650.0,amusement,0.4346,0.0119,0.5264,29.95,62.6959
S16,4655.0,amusement,0.4408,0.0069,-0.1611,29.938,62.9733
S16,4660.0,amusement,0.444,0.0024,-0.0392,29.942,62.7956
S16,4665.0,amusement,0.4525,0.0064,0.0473,29.922,62.8314
S16,4670.0,amusement,0.4578,0.0016,0.1777,29.918,62.7973
S16,4675.0,amusement,0.4576,0.0011,-0.3816,29.914,62.8156
S16,4680.0,amusement,0.4556,0.0013,0.3001,29.91,62.8248
S16,4685.0,amusement,0.4536,0.0016,-0.3351,29.91,62.9503
S17,90.0,baseline,2.0881,0.0142,-2.9557,33.41,65.1272
S17,95.0,baseline,2.1085,0.0649,-1.2234,33.418,65.0846
S17,100.0,baseline,2.0683,0.087,9.2169,33.402,65.8154
S17,105.0,baseline,2.0541,0.0892,-7.1915,33.39,64.9516
S17,110.0,baseline,2.2315,0.109,9.5113,33.402,64.7461
S17,115.0,baseline,1.9728,0.0139,-7.3654,33.414,64.3366
S17,120.0,baseline,1.9313,0.01,-3.5731,33.406,64.4971
S17,125.0,baseline,1.9198,0.0044,3.6953,33.402,64.6234
S17,130.0,baseline,1.9134,0.005,-0.9541,33.417,64.2923
S17,135.0,baseline,1.9013,0.0038,-1.1294,33.444,64.3559
S17,140.0,baseline,1.8889,0.006,0.7122,33.447,64.4495
S17,145.0,baseline,1.8913,0.0081,-7.6477,33.457,64.3222
S17,150.0,baseline,1.9121,0.0488,17.0859,33.466,64.3104
S17,155.0,baseline,1.8876,0.0291,-14.3305,33.462,64.7535
S17,160.0,baseline,1.8577,0.0055,3.6501,33.466,64.8539
S17,165.0,baseline,1.8494,0.0037,0.5507,33.458,64.7842
S17,170.0,baseline,1.8393,0.0037,1.0699,33.451,64.9647
S17,175.0,baseline,1.8283,0.0071,0.1944,33.461,64.8433
S17,180.0,baseline,1.8345,0.0243,-8.7348,33.466,64.7538
S17,185.0,baseline,1.8136,0.0055,9.3853,33.465,64.6645
S17,190.0,baseline,1.8063,0.0076,-2.4408,33.471,64.079
S17,195.0,baseline,1.7921,0.0029,-0.4084,33.473,64.2665
S17,200.0,baseline,1.7921,0.0192,2.2109,33.484,64.6569
S17,205.0,baseline,1.7882,0.0133,-1.008,33.483,64.6389
S17,210.0,baseline,1.7726,0.003,0.3347,33.491,64.8747
S17,215.0,baseline,1.7649,0.0046,-0.7637,33.467,64.8948
S17,220.0,baseline,1.754,0.0052,0.2377,33.474,64.8612
S17,225.0,baseline,1.748,0.0034,0.3245,33.463,64.8511
S17,230.0,baseline,1.7415,0.0034,0.0222,33.447,64.8744
S17,235.0,baseline,1.7335,0.0028,0.0261,33.448,64.8305
S17,240.0,baseline,1.7248,0.0046,-1.794,33.436,64.846
S17,245.0,baseline,1.7184,0.0026,2.3728,33.434,64.8368
S17,250.0,baseline,1.7111,0.0044,0.2807,33.422,64.846
S17,255.0,baseline,1.704,0.0031,-0.9731,33.418,64.8807
S17,260.0,baseline,1.6955,0.0051,-1.5491,33.419,65.0874
S17,265.0,baseline,1.6898,0.0035,1.4628,33.418,65.0887
S17,270.0,baseline,1.6823,0.0025,0.5535,33.41,65.1843
S17,275.0,baseline,1.6758,0.003,-1.3084,33.41,65.1625
S17,280.0,baseline,1.6662,0.0049,-0.8722,33.418,65.191
S17,285.0,baseline,1.6649,0.0034,-0.3469,33.418,64.7235
S17,290.0,baseline,1.6614,0.0039,1.0205,33.413,64.2915
S17,295.0,baseline,1.6541,0.0037,0.0383,33.418,64.3079
S17,300.0,baseline,1.6459,0.0045,-0.1061,33.423,64.2996
S17,305.0,baseline,1.6373,0.0032,0.5422,33.414,64.2372
S17,310.0,baseline,1.6303,0.0021,0.1735,33.405,64.2991
S17,315.0,baseline,1.6238,0.0026,0.151,33.411,64.6182
S17,320.0,baseline,1.6158,0.0043,-1.5151,33.402,64.6297
S17,325.0,baseline,1.6084,0.003,1.2133,33.41,64.6297
S17,330.0,baseline,1.6034,0.0026,0.4114,33.403,64.6248
S17,335.0,baseline,1.5964,0.0025,-0.8399,33.405,64.6248
S17,340.0,baseline,1.5892,0.0051,-0.1601,33.41,64.5614
S17,345.0,baseline,1.5838,0.0033,1.6575,33.417,64.3633
S17,350.0,baseline,1.5779,0.0021,-0.7794,33.426,64.1672
S17,355.0,baseline,1.5736,0.0029,-2.1429,33.437,64.2331
S17,360.0,baseline,1.5655,0.0049,1.6944,33.442,64.1449
S17,365.0,baseline,1.5605,0.0026,-1.1693,33.446,64.3458
S17,370.0,baseline,1.5537,0.0043,0.0278,33.446,64.3458
S17,375.0,baseline,1.5472,0.0028,0.4236,33.461,64.2296
S17,380.0,baseline,1.541,0.0047,1.4032,33.45,64.4506
S17,385.0,baseline,1.5368,0.0025,-1.5753,33.462,64.3975
S17,390.0,baseline,1.5332,0.0023,0.3513,33.47,64.521
S17,395.0,baseline,1.5275,0.0033,1.5505,33.462,64.5576
S17,400.0,baseline,1.5205,0.0047,-0.5711,33.466,64.5678
S17,405.0,baseline,1.5168,0.0018,1.312,33.469,64.5604
S17,410.0,baseline,1.512,0.0025,-1.2663,33.475,64.5553
S17,415.0,baseline,1.507,0.0027,-1.6786,33.467,64.5518
S17,420.0,baseline,1.502,0.0041,2.4786,33.474,64.5536
S17,425.0,baseline,1.4981,0.0023,-1.3019,33.468,64.5564
S17,430.0,baseline,1.4931,0.0032,0.0852,33.474,64.5513
S17,435.0,baseline,1.488,0.0027,0.8234,33.475,64.5176
S17,440.0,baseline,1.4812,0.0038,-1.1783,33.482,64.5513
S17,445.0,baseline,1.4785,0.0021,0.393,33.479,64.5627
S17,450.0,baseline,1.4751,0.0029,0.8313,33.469,64.5678
S17,455.0,baseline,1.47,0.0028,-1.0926,33.466,64.5678
S17,460.0,baseline,1.4777,0.011,-0.5401,33.471,64.5678
S17,465.0,baseline,1.4847,0.0029,-0.2677,33.462,64.5678
S17,470.0,baseline,1.4801,0.0026,0.5971,33.462,64.5581
S17,475.0,baseline,1.4762,0.0025,1.0244,33.458,64.3921
S17,480.0,baseline,1.4702,0.0039,-1.065,33.473,64.5085
S17,485.0,baseline,1.4664,0.0036,-0.1466,33.469,64.5651
S17,490.0,baseline,1.4621,0.0028,1.4501,33.474,64.546
S17,495.0,baseline,1.4583,0.0029,4.1285,33.471,64.5062
S17,500.0,baseline,1.453,0.0046,-3.4717,33.463,64.535
S17,505.0,baseline,1.4494,0.0031,-2.3931,33.454,64.5525
S17,510.0,baseline,1.4447,0.0032,0.364,33.465,64.5627
S17,515.0,baseline,1.4411,0.0031,1.2051,33.466,64.5651
S17,520.0,baseline,1.4352,0.0043,0.2131,33.47,64.5431
S17,525.0,baseline,1.4304,0.0038,-1.8883,33.451,64.504
S17,530.0,baseline,1.4276,0.003,0.7134,33.458,64.4763
S17,535.0,baseline,1.4241,0.0023,0.4376,33.45,64.522
S17,540.0,baseline,1.4205,0.0039,1.4027,33.466,64.5571
S17,545.0,baseline,1.4171,0.0025,-2.318,33.45,64.5359
S17,550.0,baseline,1.4138,0.0033,0.8408,33.45,64.5251
S17,555.0,baseline,1.4091,0.0034,0.7856,33.434,64.5518
S17,560.0,baseline,1.4034,0.0037,-1.2021,33.434,64.4664
S17,565.0,baseline,1.4027,0.0028,1.7351,33.43,64.3112
S17,570.0,baseline,1.4004,0.0025,-1.9303,33.442,64.6649
S17,575.0,baseline,1.3798,0.0155,-0.1048,33.424,65.0141
S17,580.0,baseline,1.3621,0.0069,-2.2258,33.452,65.5661
S17,585.0,baseline,1.3505,0.0024,5.3998,33.45,65.2156
S17,590.0,baseline,1.3591,0.0169,-0.3053,33.447,64.4935
S17,595.0,baseline,1.3815,0.0148,-6.6673,33.446,65.4469
S17,600.0,baseline,1.3782,0.0122,1.7059,33.445,65.4019
S17,605.0,baseline,1.3805,0.0095,3.2278,33.454,65.3537
S17,610.0,baseline,1.3743,0.0133,-7.9362,33.445,64.4467
S17,615.0,baseline,1.3678,0.012,2.3791,33.463,64.4974
S17,620.0,baseline,1.3459,0.0075,3.3977,33.476,65.3831
S17,625.0,baseline,1.3429,0.0041,2.8914,33.47,65.0952
S17,630.0,baseline,1.3329,0.0056,-3.2019,33.475,65.0738
S17,635.0,baseline,1.3242,0.0028,1.6745,33.478,64.7293
S17,640.0,baseline,1.3166,0.0035,-2.1446,33.485,64.8651
S17,645.0,baseline,1.3125,0.0033,0.4203,33.492,65.089
S17,650.0,baseline,1.3139,0.0103,2.2703,33.4955,65.0729
S17,655.0,baseline,1.3035,0.0036,-0.9724,33.4865,65.0001
S17,660.0,baseline,1.2993,0.0037,2.7757,33.49,64.9604
S17,665.0,baseline,1.2958,0.0022,-2.7192,33.482,64.9896
S17,670.0,baseline,1.2908,0.0028,0.4849,33.488,64.7664
S17,675.0,baseline,1.287,0.0031,1.1328,33.4875,64.7384
S17,680.0,baseline,1.2834,0.0037,-0.9596,33.4945,65.0139
S17,685.0,baseline,1.2786,0.0028,1.5613,33.4955,64.9583
S17,690.0,baseline,1.2745,0.0024,-1.7703,33.484,64.9956
S17,695.0,baseline,1.2702,0.0031,0.1088,33.498,64.983
S17,700.0,baseline,1.266,0.0036,-1.6074,33.502,65.05
S17,705.0,baseline,1.265,0.0034,1.5399,33.498,65.0694
S17,710.0,baseline,1.2587,0.0025,1.0219,33.504,65.0874
S17,715.0,baseline,1.2555,0.0015,0.5829,33.4985,65.0192
S17,720.0,baseline,1.251,0.0035,-1.2502,33.496,64.9329
S17,725.0,baseline,1.2486,0.0018,0.9824,33.494,64.9479
S17,730.0,baseline,1.2454,0.0026,1.2427,33.488,65.0076
S17,735.0,baseline,1.2436,0.0025,-3.3566,33.488,64.9787
S17,740.0,baseline,1.2387,0.0035,1.6168,33.4955,65.0048
S17,745.0,baseline,1.2377,0.0044,1.1792,33.488,65.0056
S17,750.0,baseline,1.2347,0.0017,-1.3377,33.4875,65.0004
S17,755.0,baseline,1.2318,0.0026,-1.2131,33.4825,65.0
S17,760.0,baseline,1.2283,0.004,0.5884,33.4865,64.3906
S17,765.0,baseline,1.2328,0.0087,0.2554,33.487,64.686
S17,770.0,baseline,1.2271,0.0025,0.0738,33.489,64.6587
S17,775.0,baseline,1.2262,0.0024,0.0389,33.488,64.4878
S17,780.0,baseline,1.225,0.003,0.1759,33.475,64.4951
S17,785.0,baseline,1.2237,0.0024,1.0065,33.466,64.5097
S17,790.0,baseline,1.2218,0.0016,-1.4636,33.477,64.4758
S17,795.0,baseline,1.2217,0.0017,0.44,33.479,64.502
S17,800.0,baseline,1.2186,0.0037,0.2087,33.467,64.4622
S17,805.0,baseline,1.217,0.0018,0.5657,33.458,64.4467
S17,810.0,baseline,1.2148,0.008,0.4203,33.461,64.7184
S17,815.0,baseline,1.2209,0.0098,-4.5779,33.459,65.4754
S17,820.0,baseline,1.228,0.0134,3.3713,33.443,63.4171
S17,825.0,baseline,1.2427,0.0016,-1.9393,33.431,62.914
S17,830.0,baseline,1.2438,0.0018,2.4379,33.403,63.0154
S17,835.0,baseline,1.2432,0.0023,-3.0308,33.413,62.8822
S17,840.0,baseline,1.2404,0.0031,3.8746,33.425,62.6556
S17,845.0,baseline,1.2398,0.0023,-3.6364,33.411,62.5933
S17,850.0,baseline,1.2385,0.0019,1.4164,33.399,62.622
S17,855.0,baseline,1.2363,0.0016,0.0106,33.393,62.7494
S17,860.0,baseline,1.2344,0.0032,0.8775,33.395,62.7399
S17,865.0,baseline,1.2327,0.0033,0.6178,33.391,62.7546
S17,870.0,baseline,1.2337,0.0023,-0.4826,33.385,62.7475
S17,875.0,baseline,1.2329,0.0025,0.3742,33.398,62.754
S17,880.0,baseline,1.2311,0.0034,-0.0982,33.39,62.7523
S17,885.0,baseline,1.2266,0.007,-4.8343,33.387,63.5828
S17,890.0,baseline,1.2006,0.0066,5.5149,33.389,64.9848
S17,895.0,baseline,1.198,0.0026,-1.0,33.376,64.9053
S17,900.0,baseline,1.193,0.0034,0.2621,33.3605,64.8806
S17,905.0,baseline,1.1918,0.002,0.9033,33.358,64.8982
S17,910.0,baseline,1.1892,0.0025,-1.4235,33.352,64.8599
S17,915.0,baseline,1.1878,0.0024,-0.1602,33.3505,64.8916
S17,920.0,baseline,1.2301,0.0509,-1.4767,33.3475,64.6355
S17,925.0,baseline,1.2108,0.0197,0.5003,33.334,64.815
S17,930.0,baseline,1.1715,0.0148,0.5613,33.3235,64.6784
S17,935.0,baseline,1.1644,0.0034,-1.4467,33.299,64.9336
S17,940.0,baseline,1.1637,0.0028,2.1807,33.286,65.2459
S17,945.0,baseline,1.1641,0.0021,-1.0616,33.283,65.1904
S17,950.0,baseline,1.1621,0.0028,1.8226,33.274,65.2344
S17,955.0,baseline,1.1599,0.0024,-0.8371,33.255,65.2406
S17,960.0,baseline,1.1571,0.0038,-0.6128,33.254,65.2411
S17,965.0,baseline,1.1559,0.002,1.2532,33.251,65.2342
S17,970.0,baseline,1.1536,0.0024,-1.3169,33.254,65.2214
S17,975.0,baseline,1.1516,0.0022,0.7672,33.252,65.2617
S17,980.0,baseline,1.1483,0.0057,0.5782,33.251,65.0604
S17,985.0,baseline,1.1326,0.0104,-0.6515,33.258,64.6871
S17,990.0,baseline,1.1378,0.0026,-0.1631,33.254,64.6497
S17,995.0,baseline,1.1447,0.004,-0.3527,33.246,64.7493
S17,1000.0,baseline,1.141,0.0027,-0.075,33.254,64.7596
S17,1005.0,baseline,1.1404,0.0016,1.1184,33.261,64.6502
S17,1010.0,baseline,1.1395,0.0024,-1.0601,33.252,64.6494
S17,1015.0,baseline,1.139,0.0023,0.8034,33.258,64.6499
S17,1020.0,baseline,1.1367,0.0037,-1.7101,33.249,64.6548
S17,1025.0,baseline,1.1362,0.0017,2.3835,33.246,64.6592
S17,1030.0,baseline,1.1362,0.0018,-0.8375,33.25,64.644
S17,1035.0,baseline,1.1344,0.0026,-1.4724,33.261,64.6799
S17,1040.0,baseline,1.1332,0.0029,1.732,33.262,64.6657
S17,1045.0,baseline,1.1323,0.0017,-0.7025,33.262,64.6506
S17,1050.0,baseline,1.1317,0.003,-0.3883,33.258,64.6555
S17,1055.0,baseline,1.1311,0.0021,2.1793,33.259,64.6452
S17,1060.0,baseline,1.1285,0.0033,-2.6081,33.254,64.6556
S17,1065.0,baseline,1.1275,0.0027,1.9011,33.25,64.6555
S17,1070.0,baseline,1.1274,0.0019,-1.6079,33.25,64.6556
S17,1075.0,baseline,1.1252,0.0023,2.2629,33.247,64.6521
S17,1080.0,baseline,1.1245,0.0031,-2.4937,33.241,64.661
S17,1085.0,baseline,1.124,0.0023,1.4667,33.246,64.6488
S17,1090.0,baseline,1.1211,0.0057,-0.2378,33.246,64.8876
S17,1095.0,baseline,1.113,0.0028,0.524,33.257,65.0133
S17,1100.0,baseline,1.1089,0.003,-0.3142,33.244,65.0247
S17,1105.0,baseline,1.1064,0.0024,0.1454,33.238,65.0061
S17,1110.0,baseline,1.1045,0.0026,-0.1562,33.23,65.0247
S17,1115.0,baseline,1.1018,0.0029,-0.5056,33.222,65.0255
S17,1120.0,baseline,1.1,0.003,0.5327,33.209,65.0384
S17,1125.0,baseline,1.0992,0.0013,-0.6774,33.198,64.9835
S17,1130.0,baseline,1.0954,0.0029,0.8573,33.2135,64.9061
S17,1135.0,baseline,1.0943,0.0025,-0.9427,33.192,64.817
S17,1140.0,baseline,1.0921,0.005,-1.6548,33.193,64.7307
S17,1145.0,baseline,1.086,0.0022,-0.5981,33.188,64.4713
S17,1150.0,baseline,1.0842,0.0024,3.3776,33.2015,64.3782
S17,1155.0,baseline,1.0819,0.0023,-0.0158,33.1995,64.7569
S17,1160.0,baseline,1.0779,0.003,0.0857,33.2065,64.8056
S17,1165.0,baseline,1.0778,0.0022,-0.6432,33.217,64.8309
S17,1170.0,baseline,1.098,0.0283,2.9735,33.205,66.0752
S17,1175.0,baseline,1.0948,0.0193,-6.1211,33.218,65.1071
S17,1180.0,baseline,1.0708,0.0112,3.7217,33.1865,64.7081
S17,1185.0,baseline,1.062,0.0054,-1.0173,33.1575,64.5791
S17,1190.0,baseline,1.0613,0.0025,1.7228,33.134,64.5887
S17,1195.0,baseline,1.0587,0.0021,-1.5394,33.104,64.6414
S17,1200.0,baseline,1.0554,0.0031,-1.099,33.098,64.8682
S17,1205.0,baseline,1.057,0.01,4.4705,33.078,65.7216
S17,1210.0,baseline,1.0664,0.003,-2.4511,33.06,64.9325
S17,1215.0,baseline,1.0641,0.0021,-2.1345,33.054,64.8899
S17,1220.0,baseline,1.0621,0.0031,2.2636,33.064,64.8498
S17,1225.0,baseline,1.0622,0.0023,-0.3765,33.056,64.8258
S17,1230.0,baseline,1.0616,0.0028,-0.206,33.065,64.8288
S17,1235.0,baseline,1.0559,0.0039,-0.8023,33.066,65.4888
S17,1240.0,baseline,1.0572,0.0027,-1.5907,33.07,65.2997
S17,1245.0,baseline,1.0586,0.0018,1.8275,33.062,65.3202
S17,1250.0,baseline,1.0596,0.0022,0.374,33.056,65.3992
S17,1255.0,baseline,1.0581,0.002,-0.0131,33.041,65.3992
S17,1260.0,baseline,1.0547,0.0039,-0.4902,33.039,65.3988
S17,1265.0,baseline,1.0556,0.0016,-1.0834,33.034,65.3988
S17,1270.0,baseline,1.0535,0.0016,1.0343,33.0135,65.3956
S17,1740.0,amusement,1.0217,0.0036,0.6628,33.0345,65.1537
S17,1745.0,amusement,1.0211,0.0023,0.3915,33.0325,65.1364
S17,1750.0,amusement,1.02,0.0032,-0.2575,33.0135,65.1682
S17,1755.0,amusement,1.0195,0.0022,-0.2912,33.02,65.1904
S17,1760.0,amusement,1.0177,0.003,-0.1617,33.0285,65.083
S17,1765.0,amusement,1.0175,0.0019,-0.2237,33.0075,65.0401
S17,1770.0,amusement,1.017,0.0015,0.6057,33.006,64.9909
S17,1775.0,amusement,1.0155,0.0027,-0.3366,33.0025,65.0001
S17,1780.0,amusement,1.0148,0.0034,-0.1356,33.021,65.0323
S17,1785.0,amusement,1.0151,0.0015,0.3868,33.019,64.9417
S17,1790.0,amusement,1.0164,0.0016,-0.3,33.01,65.0358
S17,1795.0,amusement,1.0155,0.0023,0.5369,33.0075,65.1654
S17,1800.0,amusement,1.035,0.0112,-5.4249,33.0205,65.1274
S17,1805.0,amusement,1.0245,0.0025,5.0262,33.0135,64.9949
S17,1810.0,amusement,1.0212,0.0028,1.9517,33.0025,65.0371
S17,1815.0,amusement,1.0203,0.0019,0.0262,33.0055,65.0805
S17,1820.0,amusement,1.0129,0.009,-1.1072,32.9905,64.4081
S17,1825.0,amusement,1.0184,0.0029,0.9501,32.979,64.491
S17,1830.0,amusement,1.0168,0.0036,-3.4846,32.983,65.2283
S17,1835.0,amusement,1.0167,0.0036,-1.1667,32.986,65.0181
S17,1840.0,amusement,1.0166,0.0033,3.6418,32.972,64.8505
S17,1845.0,amusement,1.0161,0.002,0.8616,32.973,65.0004
S17,1850.0,amusement,1.0166,0.0023,-1.0368,32.966,64.909
S17,1855.0,amusement,1.0158,0.0029,-0.6295,32.967,64.9338
S17,1860.0,amusement,1.0154,0.0029,0.5057,32.964,64.7711
S17,1865.0,amusement,1.0155,0.0031,-0.3039,32.96,64.6887
S17,1870.0,amusement,1.0162,0.0022,-0.4959,32.954,64.9516
S17,1875.0,amusement,1.016,0.0021,0.4717,32.951,65.0097
S17,1880.0,amusement,1.015,0.0032,-0.7069,32.953,64.9714
S17,1885.0,amusement,1.0159,0.0026,1.2525,32.935,64.8657
S17,1890.0,amusement,1.0158,0.0023,-0.9571,32.93,64.6943
S17,1895.0,amusement,1.0156,0.0022,0.1114,32.926,64.8809
S17,1900.0,amusement,1.0145,0.0031,0.4138,32.915,64.8905
S17,1905.0,amusement,1.0145,0.0022,-0.3809,32.921,65.0077
S17,1910.0,amusement,1.0154,0.0021,-0.0246,32.896,64.7768
S17,1915.0,amusement,1.0138,0.0037,0.4708,32.908,64.766
S17,1920.0,amusement,1.0128,0.003,-0.5846,32.903,64.9195
S17,1925.0,amusement,1.0131,0.0022,-0.1865,32.91,64.7237
S17,1930.0,amusement,1.0124,0.0023,0.7692,32.894,64.6925
S17,1935.0,amusement,1.0127,0.0016,-0.3423,32.896,64.8838
S17,1940.0,amusement,1.0118,0.0031,-0.1426,32.882,64.7932
S17,1945.0,amusement,1.0117,0.0025,-0.2573,32.878,64.9067
S17,1950.0,amusement,1.0125,0.0021,0.2001,32.885,64.9146
S17,1955.0,amusement,1.0115,0.003,0.5506,32.8785,64.84
S17,1960.0,amusement,1.01,0.0035,-0.421,32.8765,65.2189
S17,1965.0,amusement,1.0079,0.0027,-0.8246,32.888,65.0944
S17,1970.0,amusement,1.0063,0.0025,1.116,32.887,65.089
S17,1975.0,amusement,1.0051,0.002,-0.4923,32.886,65.108
S17,1980.0,amusement,1.0041,0.0034,0.3792,32.886,65.0464
S17,1985.0,amusement,1.0037,0.0029,0.1217,32.905,65.1221
S17,1990.0,amusement,1.0027,0.0029,-0.1717,32.902,65.0744
S17,1995.0,amusement,1.0027,0.0027,-0.1357,32.887,65.1002
S17,2000.0,amusement,1.0025,0.0031,0.1575,32.894,65.0429
S17,2005.0,amusement,1.003,0.0042,-0.8021,32.891,65.163
S17,2010.0,amusement,1.0095,0.0023,1.319,32.901,64.8646
S17,2015.0,amusement,1.0097,0.002,0.2355,32.877,64.8678
S17,2020.0,amusement,1.0081,0.0038,-0.9294,32.868,64.9399
S17,2025.0,amusement,1.0081,0.0025,-0.4752,32.87,64.8866
S17,2030.0,amusement,1.0081,0.003,0.5978,32.8575,64.9666
S17,2035.0,amusement,1.0078,0.0023,-0.3877,32.832,64.9754
S17,2040.0,amusement,1.0066,0.0033,0.457,32.8255,64.9384
S17,2045.0,amusement,1.0062,0.0017,0.5613,32.822,64.834
S17,2050.0,amusement,1.0062,0.0031,-0.4048,32.799,64.8783
S17,2055.0,amusement,1.0066,0.0026,0.0011,32.794,64.951
S17,2060.0,amusement,1.005,0.0031,-0.9799,32.778,64.9932
S17,2065.0,amusement,1.0049,0.0015,0.7732,32.775,64.9348
S17,2070.0,amusement,1.0054,0.0017,-0.4066,32.764,64.9915
S17,2075.0,amusement,1.0052,0.0018,0.1954,32.734,64.9339
S17,2080.0,amusement,1.0036,0.0037,0.2397,32.738,64.7957
S17,2085.0,amusement,1.0038,0.0022,-0.4724,32.722,65.0105
S17,2090.0,amusement,1.0041,0.0018,0.7679,32.727,64.8732
S17,2095.0,amusement,1.0033,0.0032,1.4124,32.718,64.9272
S17,2100.0,amusement,1.0006,0.0024,-3.4106,32.701,65.0822
S17,2105.0,amusement,1.0003,0.002,1.4525,32.6845,65.2974
S17,3510.0,stress,1.0365,0.0078,0.6794,32.579,65.933
S17,3515.0,stress,1.0248,0.0061,1.6918,32.583,64.8704
S17,3520.0,stress,1.0187,0.005,1.0613,32.601,64.985
S17,3525.0,stress,1.0294,0.0072,-2.0607,32.629,65.6146
S17,3530.0,stress,1.028,0.0091,3.269,32.633,65.45
S17,3535.0,stress,1.0437,0.0169,-6.8514,32.6515,65.2047
S17,3540.0,stress,1.0396,0.0112,5.8785,32.654,65.3637
S17,3545.0,stress,1.0499,0.0131,-5.225,32.6485,65.4399
S17,3550.0,stress,1.049,0.0161,3.6122,32.642,65.5017
S17,3555.0,stress,1.0522,0.003,-0.6639,32.627,64.9206
S17,3560.0,stress,1.0531,0.012,-0.7979,32.634,65.3099
S17,3565.0,stress,1.0376,0.0077,-1.0831,32.641,65.7981
S17,3570.0,stress,1.0418,0.0092,4.4202,32.639,65.2506
S17,3575.0,stress,1.0502,0.0098,-2.2448,32.635,65.4429
S17,3580.0,stress,1.0292,0.0143,-0.4431,32.611,65.7379
S17,3585.0,stress,1.0369,0.0042,0.0999,32.598,65.3453
S17,3590.0,stress,1.0389,0.0149,7.6181,32.597,65.6866
S17,3595.0,stress,1.0457,0.0073,-8.3059,32.591,65.457
S17,3600.0,stress,1.0489,0.0112,3.7719,32.579,65.4987
S17,3605.0,stress,1.0477,0.0036,-1.6057,32.554,64.9851
S17,3610.0,stress,1.0374,0.0088,0.5246,32.535,65.4114
S17,3615.0,stress,1.0441,0.0109,-2.4888,32.5245,65.8521
S17,3620.0,stress,1.0606,0.0105,1.1961,32.536,65.6066
S17,3625.0,stress,1.0723,0.0689,1.983,32.5085,66.7027
S17,3630.0,stress,1.0723,0.008,0.5028,32.51,64.9644
S17,3635.0,stress,1.0747,0.0122,-4.1804,32.516,65.4939
S17,3640.0,stress,1.0855,0.0084,-0.5473,32.5195,65.4758
S17,3645.0,stress,1.0736,0.0126,1.4776,32.5005,65.3266
S17,3650.0,stress,1.0676,0.0136,-1.9795,32.494,65.5367
S17,3655.0,stress,1.0652,0.0068,3.4661,32.486,65.1284
S17,3660.0,stress,1.0572,0.0124,0.1276,32.483,65.533
S17,3665.0,stress,1.0656,0.0242,-2.4919,32.478,66.2289
S17,3670.0,stress,1.0516,0.0055,2.0588,32.44,65.5659
S17,3675.0,stress,1.0372,0.0034,-1.7289,32.411,65.4028
S17,3680.0,stress,1.0295,0.0036,3.2007,32.399,65.5269
S17,3685.0,stress,1.0279,0.0042,-3.7657,32.382,65.5051
S17,3690.0,stress,1.026,0.0043,0.1957,32.3605,65.6271
S17,3695.0,stress,1.0235,0.0105,2.7835,32.358,66.2048
S17,3700.0,stress,1.0315,0.0197,-2.4076,32.3485,65.6479
S17,3705.0,stress,1.0273,0.0064,-1.0765,32.3455,65.4959
S17,3710.0,stress,1.0402,0.0169,1.5875,32.3285,65.2499
S17,3715.0,stress,1.053,0.0169,-1.0007,32.329,65.5965
S17,3720.0,stress,1.0383,0.0409,4.278,32.3,65.8513
S17,3725.0,stress,1.0528,0.0289,-2.5726,32.281,65.1874
S17,3730.0,stress,1.0149,0.0179,-2.8904,32.264,65.4781
S17,3735.0,stress,1.003,0.0195,0.6697,32.247,66.2793
S17,3740.0,stress,1.061,0.0568,2.9139,32.246,65.6257
S17,3745.0,stress,1.0247,0.0027,-0.779,32.237,65.5416
S17,3750.0,stress,1.0264,0.0056,-1.6415,32.244,65.4465
S17,3755.0,stress,1.015,0.0075,1.0566,32.215,65.6274
S17,3760.0,stress,0.9967,0.0072,0.245,32.215,65.5424
S17,3765.0,stress,1.0055,0.0045,-0.5787,32.1895,65.5686
S17,3770.0,stress,1.0072,0.0024,1.3122,32.189,65.6489
S17,3775.0,stress,1.0054,0.0027,0.4039,32.167,65.6004
S17,3780.0,stress,1.0144,0.0031,-1.8596,32.172,65.4982
S17,3785.0,stress,1.0116,0.0023,-0.153,32.1635,65.5532
S17,3790.0,stress,1.012,0.0021,0.507,32.156,65.5542
S17,3795.0,stress,1.0129,0.0032,0.7018,32.1515,65.4467
S17,3800.0,stress,1.0134,0.0091,-0.9664,32.172,65.7757
S17,3805.0,stress,1.0132,0.0046,0.4117,32.156,65.5185
S17,3810.0,stress,1.0231,0.0107,-0.8272,32.1545,65.7879
S17,3815.0,stress,1.0256,0.0083,0.0675,32.1635,65.6837
S17,3820.0,stress,1.0802,0.0675,1.8777,32.168,65.4344
S17,3825.0,stress,1.0453,0.0084,-2.7537,32.176,65.0887
S17,3830.0,stress,1.0315,0.0217,0.8597,32.168,66.1331
S17,3835.0,stress,1.0105,0.0257,-0.8056,32.167,65.8358
S17,3840.0,stress,1.0139,0.0064,2.2203,32.173,65.9097
S17,3845.0,stress,1.0101,0.0026,1.0618,32.166,65.4696
S17,3850.0,stress,1.0099,0.002,-0.9366,32.158,65.3529
S17,3855.0,stress,1.0052,0.0026,-0.0698,32.1505,65.3197
S17,3860.0,stress,1.001,0.0036,-0.4597,32.144,65.3443
S17,3865.0,stress,0.9983,0.0028,0.1336,32.13,65.3625
S17,3870.0,stress,0.994,0.0038,-0.638,32.135,65.3999
S17,3875.0,stress,0.9938,0.0025,2.8373,32.145,65.3473
S17,3880.0,stress,0.9905,0.0038,-3.7212,32.139,65.3102
S17,3885.0,stress,0.9951,0.0036,0.8458,32.137,65.3525
S17,3890.0,stress,0.9944,0.003,0.0646,32.132,65.4232
S17,3895.0,stress,0.9941,0.002,-0.2179,32.146,65.4304
S17,3900.0,stress,0.9922,0.0025,0.9438,32.142,65.499
S17,3905.0,stress,0.9895,0.0025,0.1289,32.144,65.4992
S17,3910.0,stress,0.9894,0.0024,0.1746,32.15,65.3433
S17,3915.0,stress,1.0626,0.0847,-0.4472,32.15,65.9137
S17,3920.0,stress,1.0256,0.0095,0.8146,32.15,65.5207
S17,3925.0,stress,1.0191,0.0029,-0.8089,32.152,65.6247
S17,3930.0,stress,1.0163,0.003,0.9751,32.15,65.6462
S17,3935.0,stress,1.0152,0.0023,-0.8513,32.156,65.5091
S17,3940.0,stress,1.0104,0.0037,-0.7012,32.1605,65.4607
S17,3945.0,stress,1.0248,0.028,4.7204,32.1475,65.5169
S17,3950.0,stress,1.0123,0.0104,-5.3416,32.155,65.4583
S17,3955.0,stress,1.0028,0.0022,1.0665,32.1525,65.5347
S17,3960.0,stress,0.9983,0.0029,1.1577,32.1545,65.5632
S17,3965.0,stress,1.0116,0.0468,-2.5269,32.1515,67.3144
S17,3970.0,stress,1.01,0.0182,-0.1471,32.165,65.5324
S17,3975.0,stress,1.007,0.017,9.2587,32.1535,65.9069
S17,3980.0,stress,1.0677,0.0673,-8.2435,32.1435,65.6262
S17,3985.0,stress,1.0303,0.0049,1.9535,32.1255,65.5145
S17,3990.0,stress,1.0211,0.0077,-2.241,32.086,65.5176
S17,3995.0,stress,1.0283,0.0261,2.0288,32.066,65.3396
S17,4000.0,stress,1.0064,0.005,-1.3885,32.063,65.3176
S17,4005.0,stress,1.0053,0.0033,1.0379,32.051,65.1904
S17,4010.0,stress,0.9975,0.002,-1.478,32.049,64.8847
S17,4015.0,stress,1.0983,0.2611,2.7657,32.058,64.8597
S17,4020.0,stress,1.2094,0.0597,-2.2162,32.055,64.5604
S17,4025.0,stress,1.1174,0.0139,6.186,32.065,64.6146
S17,4030.0,stress,1.1864,0.1493,-6.5352,32.059,64.194
S17,4035.0,stress,1.1582,0.053,0.9227,32.062,64.4036
S17,4040.0,stress,1.0728,0.0093,-0.9997,32.058,64.5025
S17,4045.0,stress,1.0842,0.0167,1.268,32.053,64.3372
S17,4050.0,stress,1.2171,0.205,0.6986,32.078,64.5066
S17,4055.0,stress,1.2696,0.1563,-1.9581,32.074,64.3123
S17,4060.0,stress,1.1027,0.0083,2.6115,32.056,63.9754
S17,4065.0,stress,1.0898,0.005,-2.465,32.068,64.0928
S17,4070.0,stress,1.0805,0.0017,1.6119,32.076,64.117
S17,4075.0,stress,1.0768,0.0024,-1.5975,32.09,64.0374
S17,4080.0,stress,1.0675,0.0047,-0.2798,32.124,64.0828
S17,4085.0,stress,1.0884,0.0071,0.0696,32.152,64.0752
S17,4090.0,stress,1.0833,0.0023,0.7193,32.1645,64.0582
S17,4095.0,stress,1.0795,0.0022,0.4246,32.1905,64.215
S17,4100.0,stress,1.0742,0.0028,0.1287,32.214,64.2819
S17,4105.0,stress,1.0705,0.0034,0.6317,32.234,64.305
S17,4110.0,stress,1.0726,0.002,-0.6256,32.261,64.3008
S17,4115.0,stress,1.0931,0.0439,-3.956,32.288,64.315
S17,4120.0,stress,1.1035,0.0057,2.6102,32.325,64.3593
S17,4125.0,stress,1.0962,0.0025,1.3889,32.325,64.3997
S17,4130.0,stress,1.0907,0.0028,-0.7325,32.347,64.3831
S17,4135.0,stress,1.0884,0.0021,-0.8655,32.372,64.4156
S17,4140.0,stress,1.0863,0.0033,-0.0847,32.381,64.4002
S17,4145.0,stress,1.089,0.0072,0.4942,32.398,64.2691
S17,4150.0,stress,1.0849,0.0069,0.2645,32.416,64.2954
S17,4155.0,stress,1.0818,0.0018,0.9211,32.437,64.2402
S17,4160.0,stress,1.0793,0.0034,0.3693,32.461,64.3715
S17,4165.0,stress,1.0797,0.0032,-1.7863,32.475,64.2713
S17,4170.0,stress,1.0757,0.0051,0.2552,32.4895,64.6514
S17,4175.0,stress,1.0742,0.0049,-0.3533,32.504,64.4063
S17,4180.0,stress,1.0813,0.0166,-1.0773,32.5265,63.8964
S17,4185.0,stress,1.0734,0.0067,2.7773,32.563,64.1963
S17,4190.0,stress,1.0797,0.0093,-0.9421,32.605,64.1412
S17,4195.0,stress,1.067,0.0025,0.1607,32.621,64.1742
S17,4200.0,stress,1.0646,0.0043,0.573,32.63,64.1829
S17,4205.0,stress,1.0632,0.0032,-1.1216,32.641,64.1646
S17,4210.0,stress,1.0609,0.002,0.7949,32.6615,64.0441
S17,4215.0,stress,1.0585,0.0037,-0.5296,32.6465,64.0051
S17,4220.0,stress,1.0591,0.0033,0.3759,32.6555,64.0883
S17,4225.0,stress,1.0574,0.004,-1.3372,32.665,64.2414
S17,4230.0,stress,1.0472,0.0267,-5.247,32.675,64.8679
